<?xml version="1.0" encoding="UTF-8" ?>
<!DOCTYPE ldmlBCP47 SYSTEM "../../common/dtd/ldmlBCP47.dtd">

<ldmlBCP47>
    <version number="$Revision: 6003 $"/>
    <generation date="$Date: 2011-07-11 19:00:53 -0500 (Mon, 11 Jul 2011) $"/>
    <keyword>
        <key name="ca" alias="calendar" description="Calendar algorithm key">
            <type name="buddhist" description="Thai Buddhist calendar"/>
            <type name="chinese" description="Traditional Chinese calendar"/>
            <type name="coptic" description="Coptic calendar"/>
            <type name="ethioaa" alias="ethiopic-amete-alem" description="Ethiopic calendar, Amete Alem (epoch approx. 5493 B.C.E)"/>
            <type name="ethiopic" description="Ethiopic calendar, Amete Mihret (epoch approx, 8 C.E.)"/>
            <type name="gregory" alias="gregorian" description="Gregorian calendar"/>
            <type name="hebrew" description="Traditional Hebrew calendar"/>
            <type name="indian" description="Indian calendar"/>
            <type name="islamic" description="Astronomical Arabic calendar"/>
            <type name="islamicc" alias="islamic-civil" description="Civil (algorithmic) Arabic calendar"/>
            <type name="iso8601" description="ISO calendar (Gregorian calendar using the ISO 8601 calendar week rules)" since="2.0"/>
            <type name="japanese" description="Japanese Imperial calendar"/>
            <type name="persian" description="Persian calendar"/>
            <type name="roc" description="Republic of China calendar"/>
        </key>
    </keyword>
</ldmlBCP47>
