<?xml version="1.0" encoding="UTF-8" ?>
<!DOCTYPE ldmlBCP47 SYSTEM "../../common/dtd/ldmlBCP47.dtd">

<ldmlBCP47>
    <version number="$Revision: 6003 $"/>
    <generation date="$Date: 2011-07-11 19:00:53 -0500 (Mon, 11 Jul 2011) $"/>
    <keyword>
        <key name="tz" alias="timezone" description="Time zone key">
            <type name="adalv" alias="Europe/Andorra" description="Andorra"/>
            <type name="aedxb" alias="Asia/Dubai" description="Dubai, United Arab Emirates"/>
            <type name="afkbl" alias="Asia/Kabul" description="Kabul, Afghanistan"/>
            <type name="aganu" alias="America/Antigua" description="Antigua"/>
            <type name="aiaxa" alias="America/Anguilla" description="Anguilla"/>
            <type name="altia" alias="Europe/Tirane" description="Tirane, Albania"/>
            <type name="amevn" alias="Asia/Yerevan" description="Yerevan, Armenia"/>
            <type name="ancur" alias="America/Curacao" description="Curaçao"/>
            <type name="aolad" alias="Africa/Luanda" description="Luanda, Angola"/>
            <type name="aqams" alias="Antarctica/South_Pole" description="Amundsen-Scott Station, South Pole"/>
            <type name="aqcas" alias="Antarctica/Casey" description="Casey Station, Bailey Peninsula"/>
            <type name="aqdav" alias="Antarctica/Davis" description="Davis Station, Vestfold Hills"/>
            <type name="aqddu" alias="Antarctica/DumontDUrville" description="Dumont d'Urville Station, Terre Adélie"/>
            <type name="aqmaw" alias="Antarctica/Mawson" description="Mawson Station, Holme Bay"/>
            <type name="aqmcm" alias="Antarctica/McMurdo" description="McMurdo Station, Ross Island"/>
            <type name="aqplm" alias="Antarctica/Palmer" description="Palmer Station, Anvers Island"/>
            <type name="aqrot" alias="Antarctica/Rothera" description="Rothera Station, Adelaide Island"/>
            <type name="aqsyw" alias="Antarctica/Syowa" description="Syowa Station, East Ongul Island"/>
            <type name="aqvos" alias="Antarctica/Vostok" description="Vostok Station, Lake Vostok"/>
            <type name="arbue" alias="America/Buenos_Aires America/Argentina/Buenos_Aires" description="Buenos Aires, Argentina"/>
            <type name="arcor" alias="America/Cordoba America/Argentina/Cordoba America/Rosario" description="Córdoba, Argentina"/>
            <type name="arctc" alias="America/Catamarca America/Argentina/Catamarca America/Argentina/ComodRivadavia" description="Catamarca, Argentina"/>
            <type name="arirj" alias="America/Argentina/La_Rioja" description="La Rioja, Argentina"/>
            <type name="arjuj" alias="America/Jujuy America/Argentina/Jujuy" description="Jujuy, Argentina"/>
            <type name="arluq" alias="America/Argentina/San_Luis" description="San Luis, Argentina"/>
            <type name="armdz" alias="America/Mendoza America/Argentina/Mendoza" description="Mendoza, Argentina"/>
            <type name="arrgl" alias="America/Argentina/Rio_Gallegos" description="Río Gallegos, Argentina"/>
            <type name="arsla" alias="America/Argentina/Salta" description="Salta, Argentina"/>
            <type name="artuc" alias="America/Argentina/Tucuman" description="Tucumán, Argentina"/>
            <type name="aruaq" alias="America/Argentina/San_Juan" description="San Juan, Argentina"/>
            <type name="arush" alias="America/Argentina/Ushuaia" description="Ushuaia, Argentina"/>
            <type name="asppg" alias="Pacific/Pago_Pago Pacific/Samoa US/Samoa" description="Pago Pago, American Samoa"/>
            <type name="atvie" alias="Europe/Vienna" description="Vienna, Austria"/>
            <type name="auadl" alias="Australia/Adelaide Australia/South" description="Adelaide, Australia"/>
            <type name="aubhq" alias="Australia/Broken_Hill Australia/Yancowinna" description="Broken Hill, Australia"/>
            <type name="aubne" alias="Australia/Brisbane Australia/Queensland" description="Brisbane, Australia"/>
            <type name="audrw" alias="Australia/Darwin Australia/North" description="Darwin, Australia"/>
            <type name="aueuc" alias="Australia/Eucla" description="Eucla, Australia"/>
            <type name="auhba" alias="Australia/Hobart Australia/Tasmania" description="Hobart, Australia"/>
            <type name="aukns" alias="Australia/Currie" description="Currie, Australia"/>
            <type name="auldc" alias="Australia/Lindeman" description="Lindeman Island, Australia"/>
            <type name="auldh" alias="Australia/Lord_Howe Australia/LHI" description="Lord Howe Island, Australia"/>
            <type name="aumel" alias="Australia/Melbourne Australia/Victoria" description="Melbourne, Australia"/>
            <type name="aumqi" alias="Antarctica/Macquarie" description="Macquarie Island Station, Macquarie Island" since="1.8.1"/>
            <type name="auper" alias="Australia/Perth Australia/West" description="Perth, Australia"/>
            <type name="ausyd" alias="Australia/Sydney Australia/ACT Australia/Canberra Australia/NSW" description="Sydney, Australia"/>
            <type name="awaua" alias="America/Aruba" description="Aruba"/>
            <type name="azbak" alias="Asia/Baku" description="Baku, Azerbaijan"/>
            <type name="basjj" alias="Europe/Sarajevo" description="Sarajevo, Bosnia and Herzegovina"/>
            <type name="bbbgi" alias="America/Barbados" description="Barbados"/>
            <type name="bddac" alias="Asia/Dhaka Asia/Dacca" description="Dhaka, Bangladesh"/>
            <type name="bebru" alias="Europe/Brussels" description="Brussels, Belgium"/>
            <type name="bfoua" alias="Africa/Ouagadougou" description="Ouagadougou, Burkina Faso"/>
            <type name="bgsof" alias="Europe/Sofia" description="Sofia, Bulgaria"/>
            <type name="bhbah" alias="Asia/Bahrain" description="Bahrain"/>
            <type name="bibjm" alias="Africa/Bujumbura" description="Bujumbura, Burundi"/>
            <type name="bjptn" alias="Africa/Porto-Novo" description="Porto-Novo, Benin"/>
            <type name="bmbda" alias="Atlantic/Bermuda" description="Bermuda"/>
            <type name="bnbwn" alias="Asia/Brunei" description="Brunei"/>
            <type name="bolpb" alias="America/La_Paz" description="La Paz, Bolivia"/>
            <type name="braux" alias="America/Araguaina" description="Araguaína, Brazil"/>
            <type name="brbel" alias="America/Belem" description="Belém, Brazil"/>
            <type name="brbvb" alias="America/Boa_Vista" description="Boa Vista, Brazil"/>
            <type name="brcgb" alias="America/Cuiaba" description="Cuiabá, Brazil"/>
            <type name="brcgr" alias="America/Campo_Grande" description="Campo Grande, Brazil"/>
            <type name="brern" alias="America/Eirunepe" description="Eirunepé, Brazil"/>
            <type name="brfen" alias="America/Noronha Brazil/DeNoronha" description="Fernando de Noronha, Brazil"/>
            <type name="brfor" alias="America/Fortaleza" description="Fortaleza, Brazil"/>
            <type name="brmao" alias="America/Manaus Brazil/West" description="Manaus, Brazil"/>
            <type name="brmcz" alias="America/Maceio" description="Maceió, Brazil"/>
            <type name="brpvh" alias="America/Porto_Velho" description="Porto Velho, Brazil"/>
            <type name="brrbr" alias="America/Rio_Branco America/Porto_Acre Brazil/Acre" description="Rio Branco, Brazil"/>
            <type name="brrec" alias="America/Recife" description="Recife, Brazil"/>
            <type name="brsao" alias="America/Sao_Paulo Brazil/East" description="São Paulo, Brazil"/>
            <type name="brssa" alias="America/Bahia" description="Bahia, Brazil"/>
            <type name="brstm" alias="America/Santarem" description="Santarém, Brazil"/>
            <type name="bsnas" alias="America/Nassau" description="Nassau, Bahamas"/>
            <type name="btthi" alias="Asia/Thimphu Asia/Thimbu" description="Thimphu, Bhutan"/>
            <type name="bwgbe" alias="Africa/Gaborone" description="Gaborone, Botswana"/>
            <type name="bymsq" alias="Europe/Minsk" description="Minsk, Belarus"/>
            <type name="bzbze" alias="America/Belize" description="Belize"/>
            <type name="caedm" alias="America/Edmonton Canada/Mountain" description="Edmonton, Canada"/>
            <type name="caffs" alias="America/Rainy_River" description="Rainy River, Canada"/>
            <type name="caglb" alias="America/Glace_Bay" description="Glace Bay, Canada"/>
            <type name="cagoo" alias="America/Goose_Bay" description="Goose Bay, Canada"/>
            <type name="cahal" alias="America/Halifax Canada/Atlantic" description="Halifax, Canada"/>
            <type name="caiql" alias="America/Iqaluit" description="Iqaluit, Canada"/>
            <type name="camon" alias="America/Moncton" description="Moncton, Canada"/>
            <type name="camtr" alias="America/Montreal" description="Montreal, Canada"/>
            <type name="capnt" alias="America/Pangnirtung" description="Pangnirtung, Canada"/>
            <type name="careb" alias="America/Resolute" description="Resolute, Canada"/>
            <type name="careg" alias="America/Regina Canada/East-Saskatchewan Canada/Saskatchewan" description="Regina, Canada"/>
            <type name="casjf" alias="America/St_Johns Canada/Newfoundland" description="St. John's, Canada"/>
            <type name="canpg" alias="America/Nipigon" description="Nipigon, Canada"/>
            <type name="cathu" alias="America/Thunder_Bay" description="Thunder Bay, Canada"/>
            <type name="cator" alias="America/Toronto Canada/Eastern" description="Toronto, Canada"/>
            <type name="cavan" alias="America/Vancouver Canada/Pacific" description="Vancouver, Canada"/>
            <type name="cawnp" alias="America/Winnipeg Canada/Central" description="Winnipeg, Canada"/>
            <type name="caybx" alias="America/Blanc-Sablon" description="Blanc-Sablon, Canada"/>
            <type name="caycb" alias="America/Cambridge_Bay" description="Cambridge Bay, Canada"/>
            <type name="cayda" alias="America/Dawson" description="Dawson, Canada"/>
            <type name="caydq" alias="America/Dawson_Creek" description="Dawson Creek, Canada"/>
            <type name="cayek" alias="America/Rankin_Inlet" description="Rankin Inlet, Canada"/>
            <type name="cayev" alias="America/Inuvik" description="Inuvik, Canada"/>
            <type name="cayxy" alias="America/Whitehorse Canada/Yukon" description="Whitehorse, Canada"/>
            <type name="cayyn" alias="America/Swift_Current" description="Swift Current, Canada"/>
            <type name="cayzf" alias="America/Yellowknife" description="Yellowknife, Canada"/>
            <type name="cayzs" alias="America/Coral_Harbour America/Atikokan" description="Atikokan, Canada"/>
            <type name="cccck" alias="Indian/Cocos" description="Cocos (Keeling) Islands"/>
            <type name="cdfbm" alias="Africa/Lubumbashi" description="Lubumbashi, Democratic Republic of the Congo"/>
            <type name="cdfih" alias="Africa/Kinshasa" description="Kinshasa, Democratic Republic of the Congo"/>
            <type name="cfbgf" alias="Africa/Bangui" description="Bangui, Central African Republic"/>
            <type name="cgbzv" alias="Africa/Brazzaville" description="Brazzaville, Republic of the Congo"/>
            <type name="chzrh" alias="Europe/Zurich" description="Zurich, Switzerland"/>
            <type name="ciabj" alias="Africa/Abidjan" description="Abidjan, Côte d'Ivoire"/>
            <type name="ckrar" alias="Pacific/Rarotonga" description="Rarotonga, Cook Islands"/>
            <type name="clipc" alias="Pacific/Easter Chile/EasterIsland" description="Easter Island, Chile"/>
            <type name="clscl" alias="America/Santiago Chile/Continental" description="Santiago, Chile"/>
            <type name="cmdla" alias="Africa/Douala" description="Douala, Cameroon"/>
            <type name="cnckg" alias="Asia/Chongqing Asia/Chungking" description="Chongqing, China"/>
            <type name="cnhrb" alias="Asia/Harbin" description="Harbin, China"/>
            <type name="cnkhg" alias="Asia/Kashgar" description="Kashgar, China"/>
            <type name="cnsha" alias="Asia/Shanghai PRC" description="Shanghai, China"/>
            <type name="cnurc" alias="Asia/Urumqi" description="Ürümqi, China"/>
            <type name="cobog" alias="America/Bogota" description="Bogotá, Colombia"/>
            <type name="crsjo" alias="America/Costa_Rica" description="Costa Rica"/>
            <type name="cst6cdt" alias="CST6CDT" description="POSIX style time zone for US Central Time" since="1.8"/>
            <type name="cuhav" alias="America/Havana Cuba" description="Havana, Cuba"/>
            <type name="cvrai" alias="Atlantic/Cape_Verde" description="Cape Verde"/>
            <type name="cxxch" alias="Indian/Christmas" description="Christmas Island"/>
            <type name="cynic" alias="Asia/Nicosia Europe/Nicosia" description="Nicosia, Cyprus"/>
            <type name="czprg" alias="Europe/Prague" description="Prague, Czech Republic"/>
            <type name="deber" alias="Europe/Berlin" description="Berlin, Germany"/>
            <type name="djjib" alias="Africa/Djibouti" description="Djibouti"/>
            <type name="dkcph" alias="Europe/Copenhagen" description="Copenhagen, Denmark"/>
            <type name="dmdom" alias="America/Dominica" description="Dominica"/>
            <type name="dosdq" alias="America/Santo_Domingo" description="Santo Domingo, Dominican Republic"/>
            <type name="dzalg" alias="Africa/Algiers" description="Algiers, Algeria"/>
            <type name="ecgps" alias="Pacific/Galapagos" description="Galápagos Islands, Ecuador"/>
            <type name="ecgye" alias="America/Guayaquil" description="Guayaquil, Ecuador"/>
            <type name="eetll" alias="Europe/Tallinn" description="Tallinn, Estonia"/>
            <type name="egcai" alias="Africa/Cairo Egypt" description="Cairo, Egypt"/>
            <type name="eheai" alias="Africa/El_Aaiun" description="El Aaiún, Western Sahara"/>
            <type name="erasm" alias="Africa/Asmera Africa/Asmara" description="Asmara, Eritrea"/>
            <type name="esceu" alias="Africa/Ceuta" description="Ceuta, Spain"/>
            <type name="eslpa" alias="Atlantic/Canary" description="Canary Islands, Spain"/>
            <type name="esmad" alias="Europe/Madrid" description="Madrid, Spain"/>
            <type name="est5edt" alias="EST5EDT" description="POSIX style time zone for US Eastern Time" since="1.8"/>
            <type name="etadd" alias="Africa/Addis_Ababa" description="Addis Ababa, Ethiopia"/>
            <type name="fihel" alias="Europe/Helsinki" description="Helsinki, Finland"/>
            <type name="fimhq" alias="Europe/Mariehamn" description="Mariehamn, Åland, Finland"/>
            <type name="fjsuv" alias="Pacific/Fiji" description="Fiji"/>
            <type name="fkpsy" alias="Atlantic/Stanley" description="Stanley, Falkland Islands"/>
            <type name="fmksa" alias="Pacific/Kosrae" description="Kosrae, Micronesia"/>
            <type name="fmpni" alias="Pacific/Ponape Pacific/Pohnpei" description="Pohnpei, Micronesia"/>
            <type name="fmtkk" alias="Pacific/Truk Pacific/Chuuk Pacific/Yap" description="Chuuk, Micronesia"/>
            <type name="fotho" alias="Atlantic/Faeroe Atlantic/Faroe" description="Faroe Islands"/>
            <type name="frpar" alias="Europe/Paris" description="Paris, France"/>
            <type name="galbv" alias="Africa/Libreville" description="Libreville, Gabon"/>
            <type name="gaza" alias="Asia/Gaza" description="Gaza"/>
            <type name="gblon" alias="Europe/London Europe/Belfast GB GB-Eire" description="London, United Kingdom"/>
            <type name="gdgnd" alias="America/Grenada" description="Grenada"/>
            <type name="getbs" alias="Asia/Tbilisi" description="Tbilisi, Georgia"/>
            <type name="gfcay" alias="America/Cayenne" description="Cayenne, French Guiana"/>
            <type name="gggci" alias="Europe/Guernsey" description="Guernsey"/>
            <type name="ghacc" alias="Africa/Accra" description="Accra, Ghana"/>
            <type name="gigib" alias="Europe/Gibraltar" description="Gibraltar"/>
            <type name="gldkshvn" alias="America/Danmarkshavn" description="Danmarkshavn, Greenland"/>
            <type name="glgoh" alias="America/Godthab" description="Nuuk (Godthåb), Greenland"/>
            <type name="globy" alias="America/Scoresbysund" description="Ittoqqortoormiit (Scoresbysund), Greenland"/>
            <type name="glthu" alias="America/Thule" description="Qaanaaq (Thule), Greenland"/>
            <type name="gmbjl" alias="Africa/Banjul" description="Banjul, Gambia"/>
            <type name="gncky" alias="Africa/Conakry" description="Conakry, Guinea"/>
            <type name="gpbbr" alias="America/Guadeloupe" description="Guadeloupe"/>
            <type name="gpmsb" alias="America/Marigot" description="Marigot, Saint Martin"/>
            <type name="gpsbh" alias="America/St_Barthelemy" description="Saint Barthélemy"/>
            <type name="gqssg" alias="Africa/Malabo" description="Malabo, Equatorial Guinea"/>
            <type name="grath" alias="Europe/Athens" description="Athens, Greece"/>
            <type name="gsgrv" alias="Atlantic/South_Georgia" description="South Georgia and the South Sandwich Islands"/>
            <type name="gtgua" alias="America/Guatemala" description="Guatemala"/>
            <type name="gugum" alias="Pacific/Guam" description="Guam"/>
            <type name="gwoxb" alias="Africa/Bissau" description="Bissau, Guinea-Bissau"/>
            <type name="gygeo" alias="America/Guyana" description="Guyana"/>
            <type name="hkhkg" alias="Asia/Hong_Kong Hongkong" description="Hong Kong SAR China"/>
            <type name="hntgu" alias="America/Tegucigalpa" description="Tegucigalpa, Honduras"/>
            <type name="hrzag" alias="Europe/Zagreb" description="Zagreb, Croatia"/>
            <type name="htpap" alias="America/Port-au-Prince" description="Port-au-Prince, Haiti"/>
            <type name="hubud" alias="Europe/Budapest" description="Budapest, Hungary"/>
            <type name="iddjj" alias="Asia/Jayapura" description="Jayapura, Indonesia"/>
            <type name="idjkt" alias="Asia/Jakarta" description="Jakarta, Indonesia"/>
            <type name="idmak" alias="Asia/Makassar Asia/Ujung_Pandang" description="Makassar, Indonesia"/>
            <type name="idpnk" alias="Asia/Pontianak" description="Pontianak, Indonesia"/>
            <type name="iedub" alias="Europe/Dublin Eire" description="Dublin, Ireland"/>
            <type name="imdgs" alias="Europe/Isle_of_Man" description="Isle of Man"/>
            <type name="inccu" alias="Asia/Calcutta Asia/Kolkata" description="Kolkata, India"/>
            <type name="iodga" alias="Indian/Chagos" description="Chagos Archipelago"/>
            <type name="iqbgw" alias="Asia/Baghdad" description="Baghdad, Iraq"/>
            <type name="irthr" alias="Asia/Tehran Iran" description="Tehran, Iran"/>
            <type name="isrey" alias="Atlantic/Reykjavik Iceland" description="Reykjavik, Iceland"/>
            <type name="itrom" alias="Europe/Rome" description="Rome, Italy"/>
            <type name="jeruslm" alias="Asia/Jerusalem Asia/Tel_Aviv Israel" description="Jerusalem"/>
            <type name="jesth" alias="Europe/Jersey" description="Jersey"/>
            <type name="jmkin" alias="America/Jamaica Jamaica" description="Jamaica"/>
            <type name="joamm" alias="Asia/Amman" description="Amman, Jordan"/>
            <type name="jptyo" alias="Asia/Tokyo Japan" description="Tokyo, Japan"/>
            <type name="kenbo" alias="Africa/Nairobi" description="Nairobi, Kenya"/>
            <type name="kgfru" alias="Asia/Bishkek" description="Bishkek, Kyrgyzstan"/>
            <type name="khpnh" alias="Asia/Phnom_Penh" description="Phnom Penh, Cambodia"/>
            <type name="kicxi" alias="Pacific/Kiritimati" description="Kiritimati, Kiribati"/>
            <type name="kipho" alias="Pacific/Enderbury" description="Enderbury Island, Kiribati"/>
            <type name="kitrw" alias="Pacific/Tarawa" description="Tarawa, Kiribati"/>
            <type name="kmyva" alias="Indian/Comoro" description="Comoros"/>
            <type name="knbas" alias="America/St_Kitts" description="Saint Kitts"/>
            <type name="kpfnj" alias="Asia/Pyongyang" description="Pyongyang, North Korea"/>
            <type name="krsel" alias="Asia/Seoul ROK" description="Seoul, South Korea"/>
            <type name="kwkwi" alias="Asia/Kuwait" description="Kuwait"/>
            <type name="kygec" alias="America/Cayman" description="Cayman Islands"/>
            <type name="kzaau" alias="Asia/Aqtau" description="Aqtau, Kazakhstan"/>
            <type name="kzakx" alias="Asia/Aqtobe" description="Aqtobe, Kazakhstan"/>
            <type name="kzala" alias="Asia/Almaty" description="Almaty, Kazakhstan"/>
            <type name="kzkzo" alias="Asia/Qyzylorda" description="Kyzylorda, Kazakhstan"/>
            <type name="kzura" alias="Asia/Oral" description="Oral, Kazakhstan"/>
            <type name="lavte" alias="Asia/Vientiane" description="Vientiane, Laos"/>
            <type name="lbbey" alias="Asia/Beirut" description="Beirut, Lebanon"/>
            <type name="lccas" alias="America/St_Lucia" description="Saint Lucia"/>
            <type name="livdz" alias="Europe/Vaduz" description="Vaduz, Liechtenstein"/>
            <type name="lkcmb" alias="Asia/Colombo" description="Colombo, Sri Lanka"/>
            <type name="lrmlw" alias="Africa/Monrovia" description="Monrovia, Liberia"/>
            <type name="lsmsu" alias="Africa/Maseru" description="Maseru, Lesotho"/>
            <type name="ltvno" alias="Europe/Vilnius" description="Vilnius, Lithuania"/>
            <type name="lulux" alias="Europe/Luxembourg" description="Luxembourg"/>
            <type name="lvrix" alias="Europe/Riga" description="Riga, Latvia"/>
            <type name="lytip" alias="Africa/Tripoli Libya" description="Tripoli, Libya"/>
            <type name="macas" alias="Africa/Casablanca" description="Casablanca, Morocco"/>
            <type name="mcmon" alias="Europe/Monaco" description="Monaco"/>
            <type name="mdkiv" alias="Europe/Chisinau Europe/Tiraspol" description="Chişinău, Moldova"/>
            <type name="metgd" alias="Europe/Podgorica" description="Podgorica, Montenegro"/>
            <type name="mgtnr" alias="Indian/Antananarivo" description="Antananarivo, Madagascar"/>
            <type name="mhkwa" alias="Pacific/Kwajalein Kwajalein" description="Kwajalein, Marshall Islands"/>
            <type name="mhmaj" alias="Pacific/Majuro" description="Majuro, Marshall Islands"/>
            <type name="mkskp" alias="Europe/Skopje" description="Skopje, Macedonia"/>
            <type name="mlbko" alias="Africa/Bamako Africa/Timbuktu" description="Bamako, Mali"/>
            <type name="mmrgn" alias="Asia/Rangoon" description="Yangon (Rangoon), Burma"/>
            <type name="mncoq" alias="Asia/Choibalsan" description="Choibalsan, Mongolia"/>
            <type name="mnhvd" alias="Asia/Hovd" description="Khovd (Hovd), Mongolia"/>
            <type name="mnuln" alias="Asia/Ulaanbaatar Asia/Ulan_Bator" description="Ulaanbaatar (Ulan Bator), Mongolia"/>
            <type name="momfm" alias="Asia/Macau Asia/Macao" description="Macau SAR China"/>
            <type name="mpspn" alias="Pacific/Saipan" description="Saipan, Northern Mariana Islands"/>
            <type name="mqfdf" alias="America/Martinique" description="Martinique"/>
            <type name="mrnkc" alias="Africa/Nouakchott" description="Nouakchott, Mauritania"/>
            <type name="msmni" alias="America/Montserrat" description="Montserrat"/>
            <type name="mst7mdt" alias="MST7MDT" description="POSIX style time zone for US Mountain Time" since="1.8"/>
            <type name="mtmla" alias="Europe/Malta" description="Malta"/>
            <type name="muplu" alias="Indian/Mauritius" description="Mauritius"/>
            <type name="mvmle" alias="Indian/Maldives" description="Maldives"/>
            <type name="mwblz" alias="Africa/Blantyre" description="Blantyre, Malawi"/>
            <type name="mxchi" alias="America/Chihuahua" description="Chihuahua, Mexico"/>
            <type name="mxcun" alias="America/Cancun" description="Cancún, Mexico"/>
            <type name="mxhmo" alias="America/Hermosillo" description="Hermosillo, Mexico"/>
            <type name="mxmam" alias="America/Matamoros" description="Matamoros, Mexico"/>
            <type name="mxmex" alias="America/Mexico_City Mexico/General" description="Mexico City, Mexico"/>
            <type name="mxmid" alias="America/Merida" description="Mérida, Mexico"/>
            <type name="mxmty" alias="America/Monterrey" description="Monterrey, Mexico"/>
            <type name="mxmzt" alias="America/Mazatlan Mexico/BajaSur" description="Mazatlán, Mexico"/>
            <type name="mxoji" alias="America/Ojinaga" description="Ojinaga, Mexico"/>
            <type name="mxpvr" alias="America/Bahia_Banderas" description="Bahía de Banderas, Mexico" since="1.9"/>
            <type name="mxstis" alias="America/Santa_Isabel" description="Santa Isabel (Baja California), Mexico"/>
            <type name="mxtij" alias="America/Tijuana America/Ensenada Mexico/BajaNorte" description="Tijuana, Mexico"/>
            <type name="mykch" alias="Asia/Kuching" description="Kuching, Malaysia"/>
            <type name="mykul" alias="Asia/Kuala_Lumpur" description="Kuala Lumpur, Malaysia"/>
            <type name="mzmpm" alias="Africa/Maputo" description="Maputo, Mozambique"/>
            <type name="nawdh" alias="Africa/Windhoek" description="Windhoek, Namibia"/>
            <type name="ncnou" alias="Pacific/Noumea" description="Noumea, New Caledonia"/>
            <type name="nenim" alias="Africa/Niamey" description="Niamey, Niger"/>
            <type name="nfnlk" alias="Pacific/Norfolk" description="Norfolk Island"/>
            <type name="nglos" alias="Africa/Lagos" description="Lagos, Nigeria"/>
            <type name="nimga" alias="America/Managua" description="Managua, Nicaragua"/>
            <type name="nlams" alias="Europe/Amsterdam" description="Amsterdam, Netherlands"/>
            <type name="noosl" alias="Europe/Oslo" description="Oslo, Norway"/>
            <type name="npktm" alias="Asia/Katmandu Asia/Kathmandu" description="Kathmandu, Nepal"/>
            <type name="nrinu" alias="Pacific/Nauru" description="Nauru"/>
            <type name="nuiue" alias="Pacific/Niue" description="Niue"/>
            <type name="nzakl" alias="Pacific/Auckland NZ" description="Auckland, New Zealand"/>
            <type name="nzcht" alias="Pacific/Chatham NZ-CHAT" description="Chatham Islands, New Zealand"/>
            <type name="ommct" alias="Asia/Muscat" description="Muscat, Oman"/>
            <type name="papty" alias="America/Panama" description="Panama"/>
            <type name="pelim" alias="America/Lima" description="Lima, Peru"/>
            <type name="pfgmr" alias="Pacific/Gambier" description="Gambiera Islands, French Polynesia"/>
            <type name="pfnhv" alias="Pacific/Marquesas" description="Marquesas Islands, French Polynesia"/>
            <type name="pfppt" alias="Pacific/Tahiti" description="Tahiti, French Polynesia"/>
            <type name="pgpom" alias="Pacific/Port_Moresby" description="Port Moresby, Papua New Guinea"/>
            <type name="phmnl" alias="Asia/Manila" description="Manila, Philippines"/>
            <type name="pkkhi" alias="Asia/Karachi" description="Karachi, Pakistan"/>
            <type name="plwaw" alias="Europe/Warsaw Poland" description="Warsaw, Poland"/>
            <type name="pmmqc" alias="America/Miquelon" description="Saint Pierre and Miquelon"/>
            <type name="pnpcn" alias="Pacific/Pitcairn" description="Pitcairn Islands"/>
            <type name="prsju" alias="America/Puerto_Rico" description="Puerto Rico"/>
            <type name="pst8pdt" alias="PST8PDT" description="POSIX style time zone for US Pacific Time" since="1.8"/>
            <type name="ptfnc" alias="Atlantic/Madeira" description="Madeira, Portugal"/>
            <type name="ptlis" alias="Europe/Lisbon Portugal" description="Lisbon, Portugal"/>
            <type name="ptpdl" alias="Atlantic/Azores" description="Azores, Portugal"/>
            <type name="pwror" alias="Pacific/Palau" description="Palau"/>
            <type name="pyasu" alias="America/Asuncion" description="Asunción, Paraguay"/>
            <type name="qadoh" alias="Asia/Qatar" description="Qatar"/>
            <type name="rereu" alias="Indian/Reunion" description="Réunion"/>
            <type name="robuh" alias="Europe/Bucharest" description="Bucharest, Romania"/>
            <type name="rsbeg" alias="Europe/Belgrade" description="Belgrade, Serbia"/>
            <type name="rudyr" alias="Asia/Anadyr" description="Anadyr, Russia"/>
            <type name="rugdx" alias="Asia/Magadan" description="Magadan, Russia"/>
            <type name="ruikt" alias="Asia/Irkutsk" description="Irkutsk, Russia"/>
            <type name="rukgd" alias="Europe/Kaliningrad" description="Kaliningrad, Russia"/>
            <type name="rukra" alias="Asia/Krasnoyarsk" description="Krasnoyarsk, Russia"/>
            <type name="rukuf" alias="Europe/Samara" description="Samara, Russia"/>
            <type name="rumow" alias="Europe/Moscow W-SU" description="Moscow, Russia"/>
            <type name="runoz" alias="Asia/Novokuznetsk" description="Novokuznetsk, Russia"/>
            <type name="ruoms" alias="Asia/Omsk" description="Omsk, Russia"/>
            <type name="ruovb" alias="Asia/Novosibirsk" description="Novosibirsk, Russia"/>
            <type name="rupkc" alias="Asia/Kamchatka" description="Kamchatka Peninsula, Russia"/>
            <type name="ruuus" alias="Asia/Sakhalin" description="Sakhalin, Russia"/>
            <type name="ruvog" alias="Europe/Volgograd" description="Volgograd, Russia"/>
            <type name="ruvvo" alias="Asia/Vladivostok" description="Vladivostok, Russia"/>
            <type name="ruyek" alias="Asia/Yekaterinburg" description="Yekaterinburg, Russia"/>
            <type name="ruyks" alias="Asia/Yakutsk" description="Yakutsk, Russia"/>
            <type name="rwkgl" alias="Africa/Kigali" description="Kigali, Rwanda"/>
            <type name="saruh" alias="Asia/Riyadh" description="Riyadh, Saudi Arabia"/>
            <type name="sbhir" alias="Pacific/Guadalcanal" description="Guadalcanal, Solomon Islands"/>
            <type name="scmaw" alias="Indian/Mahe" description="Mahé, Seychelles"/>
            <type name="sdkrt" alias="Africa/Khartoum" description="Khartoum, Sudan"/>
            <type name="sesto" alias="Europe/Stockholm" description="Stockholm, Sweden"/>
            <type name="sgsin" alias="Asia/Singapore Singapore" description="Singapore"/>
            <type name="shshn" alias="Atlantic/St_Helena" description="Saint Helena"/>
            <type name="silju" alias="Europe/Ljubljana" description="Ljubljana, Slovenia"/>
            <type name="sjlyr" alias="Arctic/Longyearbyen Atlantic/Jan_Mayen" description="Longyearbyen, Svalbard"/>
            <type name="skbts" alias="Europe/Bratislava" description="Bratislava, Slovakia"/>
            <type name="slfna" alias="Africa/Freetown" description="Freetown, Sierra Leone"/>
            <type name="smsai" alias="Europe/San_Marino" description="San Marino"/>
            <type name="sndkr" alias="Africa/Dakar" description="Dakar, Senegal"/>
            <type name="somgq" alias="Africa/Mogadishu" description="Mogadishu, Somalia"/>
            <type name="srpbm" alias="America/Paramaribo" description="Paramaribo, Suriname"/>
            <type name="sttms" alias="Africa/Sao_Tome" description="São Tomé, São Tomé and Príncipe"/>
            <type name="svsal" alias="America/El_Salvador" description="El Salvador"/>
            <type name="sydam" alias="Asia/Damascus" description="Damascus, Syria"/>
            <type name="szqmn" alias="Africa/Mbabane" description="Mbabane, Swaziland"/>
            <type name="tcgdt" alias="America/Grand_Turk" description="Grand Turk, Turks and Caicos Islands"/>
            <type name="tdndj" alias="Africa/Ndjamena" description="N'Djamena, Chad"/>
            <type name="tfpfr" alias="Indian/Kerguelen" description="Kerguelen Islands, French Southern Territories"/>
            <type name="tglfw" alias="Africa/Lome" description="Lomé, Togo"/>
            <type name="thbkk" alias="Asia/Bangkok" description="Bangkok, Thailand"/>
            <type name="tjdyu" alias="Asia/Dushanbe" description="Dushanbe, Tajikistan"/>
            <type name="tkfko" alias="Pacific/Fakaofo" description="Fakaofo, Tokelau"/>
            <type name="tldil" alias="Asia/Dili" description="Dili, East Timor"/>
            <type name="tmasb" alias="Asia/Ashgabat Asia/Ashkhabad" description="Ashgabat, Turkmenistan"/>
            <type name="tntun" alias="Africa/Tunis" description="Tunis, Tunisia"/>
            <type name="totbu" alias="Pacific/Tongatapu" description="Tongatapu, Tonga"/>
            <type name="trist" alias="Europe/Istanbul Asia/Istanbul Turkey" description="Istanbul, Turkey"/>
            <type name="ttpos" alias="America/Port_of_Spain" description="Port of Spain, Trinidad and Tobago"/>
            <type name="tvfun" alias="Pacific/Funafuti" description="Funafuti, Tuvalu"/>
            <type name="twtpe" alias="Asia/Taipei ROC" description="Taipei, Taiwan"/>
            <type name="tzdar" alias="Africa/Dar_es_Salaam" description="Dar es Salaam, Tanzania"/>
            <type name="uaiev" alias="Europe/Kiev" description="Kiev, Ukraine"/>
            <type name="uaozh" alias="Europe/Zaporozhye" description="Zaporizhia (Zaporozhye), Ukraine"/>
            <type name="uasip" alias="Europe/Simferopol" description="Simferopol, Ukraine"/>
            <type name="uauzh" alias="Europe/Uzhgorod" description="Uzhhorod (Uzhgorod), Ukraine"/>
            <type name="ugkla" alias="Africa/Kampala" description="Kampala, Uganda"/>
            <type name="umawk" alias="Pacific/Wake" description="Wake Island, U.S. Minor Outlying Islands"/>
            <type name="umjon" alias="Pacific/Johnston" description="Johnston Atoll, U.S. Minor Outlying Islands"/>
            <type name="ummdy" alias="Pacific/Midway" description="Midway Islands, U.S. Minor Outlying Islands"/>
            <type name="unk" alias="Etc/Unknown" description="Unknown time zone"/>
            <type name="usadk" alias="America/Adak America/Atka US/Aleutian" description="Adak (Alaska), United States"/>
            <type name="usaeg" alias="America/Indiana/Marengo" description="Marengo (Indiana), United States"/>
            <type name="usanc" alias="America/Anchorage US/Alaska" description="Anchorage, United States"/>
            <type name="usboi" alias="America/Boise" description="Boise (Idaho), United States"/>
            <type name="uschi" alias="America/Chicago US/Central" description="Chicago, United States"/>
            <type name="usden" alias="America/Denver US/Mountain" description="Denver, United States"/>
            <type name="usdet" alias="America/Detroit US/Michigan" description="Detroit, United States"/>
            <type name="ushnl" alias="Pacific/Honolulu US/Hawaii" description="Honolulu, United States"/>
            <type name="usind" alias="America/Indianapolis America/Fort_Wayne America/Indiana/Indianapolis US/East-Indiana" description="Indianapolis, United States"/>
            <type name="usinvev" alias="America/Indiana/Vevay" description="Vevay (Indiana), United States"/>
            <type name="usjnu" alias="America/Juneau" description="Juneau (Alaska), United States"/>
            <type name="usknx" alias="America/Indiana/Knox America/Knox_IN US/Indiana-Starke" description="Knox (Indiana), United States"/>
            <type name="uslax" alias="America/Los_Angeles US/Pacific US/Pacific-New" description="Los Angeles, United States"/>
            <type name="uslui" alias="America/Louisville America/Kentucky/Louisville" description="Louisville (Kentucky), United States"/>
            <type name="usmnm" alias="America/Menominee" description="Menominee (Michigan), United States"/>
            <type name="usmtm" alias="America/Metlakatla" description="Metlakatla (Alaska), United States" since="1.9.1"/>
            <type name="usmoc" alias="America/Kentucky/Monticello" description="Monticello (Kentucky), United States"/>
            <type name="usnavajo" alias="America/Shiprock Navajo" description="Shiprock (Navajo), United States"/>
            <type name="usndcnt" alias="America/North_Dakota/Center" description="Center (North Dakota), United States"/>
            <type name="usndnsl" alias="America/North_Dakota/New_Salem" description="New Salem (North Dakota), United States"/>
            <type name="usnyc" alias="America/New_York US/Eastern" description="New York, United States"/>
            <type name="usoea" alias="America/Indiana/Vincennes" description="Vincennes (Indiana), United States"/>
            <type name="usome" alias="America/Nome" description="Nome (Alaska), United States"/>
            <type name="usphx" alias="America/Phoenix US/Arizona" description="Phoenix, United States"/>
            <type name="ussit" alias="America/Sitka" description="Sitka (Alaska), United States" since="1.9.1"/>
            <type name="ustel" alias="America/Indiana/Tell_City" description="Tell City (Indiana), United States"/>
            <type name="uswlz" alias="America/Indiana/Winamac" description="Winamac (Indiana), United States"/>
            <type name="uswsq" alias="America/Indiana/Petersburg" description="Petersburg (Indiana), United States"/>
            <type name="usxul" alias="America/North_Dakota/Beulah" description="Beulah (North Dakota), United States" since="1.9.1"/>
            <type name="usyak" alias="America/Yakutat" description="Yakutat (Alaska), United States"/>
            <type name="utc" alias="Etc/GMT Etc/GMT+0 Etc/GMT-0 Etc/GMT0 Etc/Greenwich Etc/UCT Etc/UTC Etc/Universal Etc/Zulu GMT GMT+0 GMT-0 GMT0 Greenwich UCT UTC Universal Zulu" description="UTC (Coordinated Universal Time)"/>
            <type name="utce01" alias="Etc/GMT-1" description="1 hour ahead of UTC"/>
            <type name="utce02" alias="Etc/GMT-2" description="2 hours ahead of UTC"/>
            <type name="utce03" alias="Etc/GMT-3" description="3 hours ahead of UTC"/>
            <type name="utce04" alias="Etc/GMT-4" description="4 hours ahead of UTC"/>
            <type name="utce05" alias="Etc/GMT-5" description="5 hours ahead of UTC"/>
            <type name="utce06" alias="Etc/GMT-6" description="6 hours ahead of UTC"/>
            <type name="utce07" alias="Etc/GMT-7" description="7 hours ahead of UTC"/>
            <type name="utce08" alias="Etc/GMT-8" description="8 hours ahead of UTC"/>
            <type name="utce09" alias="Etc/GMT-9" description="9 hours ahead of UTC"/>
            <type name="utce10" alias="Etc/GMT-10" description="10 hours ahead of UTC"/>
            <type name="utce11" alias="Etc/GMT-11" description="11 hours ahead of UTC"/>
            <type name="utce12" alias="Etc/GMT-12" description="12 hours ahead of UTC"/>
            <type name="utce13" alias="Etc/GMT-13" description="13hours ahead of UTC"/>
            <type name="utce14" alias="Etc/GMT-14" description="14 hours ahead of UTC"/>
            <type name="utcw01" alias="Etc/GMT+1" description="1 hour behind UTC"/>
            <type name="utcw02" alias="Etc/GMT+2" description="2 hours behind UTC"/>
            <type name="utcw03" alias="Etc/GMT+3" description="3 hours behind UTC"/>
            <type name="utcw04" alias="Etc/GMT+4" description="4 hours behind UTC"/>
            <type name="utcw05" alias="Etc/GMT+5 EST" description="5 hours behind UTC"/>
            <type name="utcw06" alias="Etc/GMT+6" description="6 hours behind UTC"/>
            <type name="utcw07" alias="Etc/GMT+7 MST" description="7 hours behind UTC"/>
            <type name="utcw08" alias="Etc/GMT+8" description="8 hours behind UTC"/>
            <type name="utcw09" alias="Etc/GMT+9" description="9 hours behind UTC"/>
            <type name="utcw10" alias="Etc/GMT+10 HST" description="10 hours behind UTC"/>
            <type name="utcw11" alias="Etc/GMT+11" description="11 hours behind UTC"/>
            <type name="utcw12" alias="Etc/GMT+12" description="12 hours behind UTC"/>
            <type name="uymvd" alias="America/Montevideo" description="Montevideo, Uruguay"/>
            <type name="uzskd" alias="Asia/Samarkand" description="Samarkand, Uzbekistan"/>
            <type name="uztas" alias="Asia/Tashkent" description="Tashkent, Uzbekistan"/>
            <type name="vavat" alias="Europe/Vatican" description="Vatican City"/>
            <type name="vcsvd" alias="America/St_Vincent" description="Saint Vincent, Saint Vincent and the Grenadines"/>
            <type name="veccs" alias="America/Caracas" description="Caracas, Venezuela"/>
            <type name="vgtov" alias="America/Tortola" description="Tortola, British Virgin Islands"/>
            <type name="vistt" alias="America/St_Thomas America/Virgin" description="Saint Thomas, U.S. Virgin Islands"/>
            <type name="vnsgn" alias="Asia/Saigon Asia/Ho_Chi_Minh" description="Ho Chi Minh City, Vietnam"/>
            <type name="vuvli" alias="Pacific/Efate" description="Efate, Vanuatu"/>
            <type name="wfmau" alias="Pacific/Wallis" description="Wallis Islands, Wallis and Futuna"/>
            <type name="wsapw" alias="Pacific/Apia" description="Apia, Samoa"/>
            <type name="yeade" alias="Asia/Aden" description="Aden, Yemen"/>
            <type name="ytmam" alias="Indian/Mayotte" description="Mayotte"/>
            <type name="zajnb" alias="Africa/Johannesburg" description="Johannesburg, South Africa"/>
            <type name="zmlun" alias="Africa/Lusaka" description="Lusaka, Zambia"/>
            <type name="zwhre" alias="Africa/Harare" description="Harare, Zimbabwe"/>
        </key>
    </keyword>
</ldmlBCP47>
