<?xml version="1.0" encoding="UTF-8" ?>
<!DOCTYPE ldml SYSTEM "../../common/dtd/ldml.dtd">
<ldml>
	<identity>
		<version number="$Revision: 5980 $"/>
		<generation date="$Date: 2011-07-06 19:12:50 -0500 (Wed, 06 Jul 2011) $"/>
		<language type="cy"/>
	</identity>
	<localeDisplayNames>
		<languages>
			<language type="ab" draft="unconfirmed">Abcaseg</language>
			<language type="af" draft="contributed">Affricaneg</language>
			<language type="am" draft="contributed">Amhareg</language>
			<language type="ar">Arabeg</language>
			<language type="as" draft="contributed">Asameg</language>
			<language type="az" draft="unconfirmed">Azerbaijani</language>
			<language type="be" draft="contributed">Belarwsiyn</language>
			<language type="bg" draft="contributed">Bwlgareg</language>
			<language type="bh" draft="contributed">Bihari</language>
			<language type="bm" draft="unconfirmed">Bambareg</language>
			<language type="bn" draft="contributed">Bengali; Bangla</language>
			<language type="bo" draft="unconfirmed">Tibeteg</language>
			<language type="br" draft="contributed">Llydaweg</language>
			<language type="bs" draft="contributed">Bosnieg</language>
			<language type="ca" draft="contributed">Catalaneg</language>
			<language type="cs" draft="contributed">Tsiec</language>
			<language type="cy">Cymraeg</language>
			<language type="da" draft="contributed">Daneg</language>
			<language type="de">Almaeneg</language>
			<language type="de_AT" draft="unconfirmed">Almaeneg Awstria</language>
			<language type="de_CH" draft="unconfirmed">Almaeneg Safonol y Swistir</language>
			<language type="el" draft="contributed">Groeg</language>
			<language type="en">Saesneg</language>
			<language type="en_AU" draft="unconfirmed">Saesneg Awstralia</language>
			<language type="en_CA" draft="unconfirmed">Saesneg Canada</language>
			<language type="en_GB" draft="unconfirmed">Saesneg Prydain</language>
			<language type="en_US" draft="unconfirmed">Saesneg UDA</language>
			<language type="eo" draft="contributed">Esperanto</language>
			<language type="es">Sbaeneg</language>
			<language type="es_419" draft="unconfirmed">Sbaeneg America Ladin</language>
			<language type="es_ES" draft="unconfirmed">Sbaeneg Iberia</language>
			<language type="et" draft="contributed">Estoneg</language>
			<language type="eu" draft="contributed">Basgeg</language>
			<language type="fa" draft="contributed">Persieg</language>
			<language type="fi" draft="contributed">Ffineg</language>
			<language type="fil" draft="contributed">Tagalog</language>
			<language type="fj" draft="unconfirmed">Ffijïeg</language>
			<language type="fo" draft="contributed">Ffaroeg</language>
			<language type="fr">Ffrangeg</language>
			<language type="fr_CA" draft="unconfirmed">Ffrangeg Canada</language>
			<language type="fr_CH" draft="unconfirmed">Ffrangeg y Swistir</language>
			<language type="fy" draft="unconfirmed">Ffrisieg</language>
			<language type="ga" draft="contributed">Gwyddeleg</language>
			<language type="gd" draft="contributed">Gaeleg yr Alban</language>
			<language type="gl" draft="contributed">Galiseg</language>
			<language type="gn" draft="unconfirmed">Guarani</language>
			<language type="gu" draft="unconfirmed">Gwjarati</language>
			<language type="ha" draft="unconfirmed">Hawsa</language>
			<language type="haw" draft="unconfirmed">Hawäieg</language>
			<language type="he" draft="contributed">Hebraeg</language>
			<language type="hi">Hindi</language>
			<language type="hr" draft="contributed">Croateg</language>
			<language type="hu" draft="contributed">Hwngareg</language>
			<language type="hy" draft="contributed">Armeneg</language>
			<language type="ia" draft="contributed">Interlingua</language>
			<language type="id" draft="contributed">Indonesieg</language>
			<language type="ie" draft="contributed">Interlingue</language>
			<language type="is" draft="contributed">Islandeg</language>
			<language type="it">Eidaleg</language>
			<language type="ja">Siapaneeg</language>
			<language type="jv" draft="contributed">Jafanaeg</language>
			<language type="ka" draft="contributed">Georgeg</language>
			<language type="km" draft="contributed">Cambodieg</language>
			<language type="kn" draft="contributed">Kannada</language>
			<language type="ko" draft="contributed">Corëeg</language>
			<language type="ks" draft="unconfirmed">Cashmireg</language>
			<language type="ku" draft="contributed">Cwrdeg</language>
			<language type="ky" draft="unconfirmed">Kyrgyz</language>
			<language type="la" draft="contributed">Lladin</language>
			<language type="ln" draft="contributed">Lingala</language>
			<language type="lo" draft="contributed">Laoeg</language>
			<language type="lt" draft="contributed">Lithwaneg</language>
			<language type="lv" draft="contributed">Latfieg</language>
			<language type="mg" draft="unconfirmed">Malagasi</language>
			<language type="mi" draft="unconfirmed">Maori</language>
			<language type="mk" draft="unconfirmed">Macedoneg</language>
			<language type="ml" draft="contributed">Malayalam</language>
			<language type="mn" draft="contributed">Mongoleg</language>
			<language type="mr" draft="contributed">Marathi</language>
			<language type="ms" draft="contributed">Malai</language>
			<language type="mt" draft="contributed">Malteseg</language>
			<language type="my" draft="unconfirmed">Byrmaneg</language>
			<language type="ne" draft="contributed">Nepali</language>
			<language type="nl" draft="contributed">Iseldireg</language>
			<language type="nl_BE" draft="unconfirmed">Fflemineg</language>
			<language type="nn" draft="contributed">Norwyeg (Nynorsk)</language>
			<language type="no" draft="contributed">Norwyeg</language>
			<language type="oc" draft="contributed">Ocsitaneg</language>
			<language type="or" draft="contributed">Oriya</language>
			<language type="pa" draft="contributed">Pwnjabi</language>
			<language type="pl" draft="contributed">Pwyleg</language>
			<language type="ps" draft="contributed">Pashto</language>
			<language type="pt">Portiwgaleg</language>
			<language type="pt_BR" draft="unconfirmed">Portiwgaleg Brasil</language>
			<language type="pt_PT" draft="unconfirmed">Portiwgaleg Iberia</language>
			<language type="ro" draft="contributed">Rwmaneg</language>
			<language type="ru">Rwsieg</language>
			<language type="sa" draft="contributed">Sansgrit</language>
			<language type="sah" draft="unconfirmed">Iacwteg</language>
			<language type="sd" draft="contributed">Sindhi</language>
			<language type="sh" draft="contributed">Serbo-Croateg</language>
			<language type="si" draft="contributed">Sinhaleg</language>
			<language type="sk" draft="contributed">Slofaceg</language>
			<language type="sl" draft="contributed">Slofeneg</language>
			<language type="so" draft="contributed">Somaleg</language>
			<language type="sq" draft="contributed">Albaneg</language>
			<language type="sr" draft="contributed">Serbeg</language>
			<language type="st" draft="contributed">Sesotheg</language>
			<language type="su" draft="contributed">Sundaneg</language>
			<language type="sv" draft="contributed">Swedeg</language>
			<language type="sw" draft="contributed">Swahili</language>
			<language type="ta" draft="contributed">Tamil</language>
			<language type="te" draft="unconfirmed">Telugu</language>
			<language type="tg" draft="unconfirmed">Tajiceg</language>
			<language type="ti" draft="unconfirmed">Tigrinya</language>
			<language type="tk" draft="unconfirmed">Tyrcmeneg</language>
			<language type="tlh" draft="contributed">Klingon</language>
			<language type="tr" draft="unconfirmed">Tyrceg</language>
			<language type="tw" draft="unconfirmed">Twi</language>
			<language type="ty" draft="unconfirmed">Tahitïeg</language>
			<language type="ug" draft="unconfirmed">Uighur</language>
			<language type="uk" draft="contributed">Wcreineg</language>
			<language type="und" draft="contributed">anh</language>
			<language type="ur" draft="unconfirmed">Wrdw</language>
			<language type="uz" draft="contributed">Wsbeceg</language>
			<language type="vi" draft="contributed">Fietnameg</language>
			<language type="wo" draft="unconfirmed">Woloff</language>
			<language type="xh" draft="unconfirmed">Xhosa</language>
			<language type="yi" draft="unconfirmed">Iddew-Almaeneg</language>
			<language type="yo" draft="unconfirmed">Iorwba</language>
			<language type="yue" draft="unconfirmed">Cantoneg</language>
			<language type="zh">Tseineeg</language>
			<language type="zh_Hant" draft="unconfirmed">Tseineeg traddodiadol</language>
			<language type="zu" draft="contributed">Zwlw</language>
			<language type="zxx" draft="unconfirmed">Dim geiriau i'w cael</language>
		</languages>
		<scripts>
			<script type="Latn">Lladin</script>
		</scripts>
		<territories>
			<territory type="001" draft="unconfirmed">Y Byd</territory>
			<territory type="002" draft="unconfirmed">Affrica</territory>
			<territory type="003" draft="unconfirmed">Gogledd America</territory>
			<territory type="005" draft="unconfirmed">De America</territory>
			<territory type="009" draft="unconfirmed">Oceania</territory>
			<territory type="011" draft="unconfirmed">Gorllewin Affrica</territory>
			<territory type="013" draft="unconfirmed">Canolbarth America</territory>
			<territory type="014" draft="unconfirmed">Dwyrain Affrica</territory>
			<territory type="015" draft="unconfirmed">Gogledd Affrica</territory>
			<territory type="017" draft="unconfirmed">Canol Affrica</territory>
			<territory type="018" draft="unconfirmed">De Affrica [018]</territory>
			<territory type="019" draft="unconfirmed">Americas</territory>
			<territory type="021" draft="unconfirmed">America i'r Gogledd o Mecsico</territory>
			<territory type="029" draft="unconfirmed">Y Caribî</territory>
			<territory type="030" draft="unconfirmed">Dwyrain Asia</territory>
			<territory type="035" draft="unconfirmed">De ddwyrain Asia</territory>
			<territory type="039" draft="unconfirmed">De Ewrop</territory>
			<territory type="053" draft="unconfirmed">Awstralia a Seland Newydd</territory>
			<territory type="054" draft="unconfirmed">Melanesia</territory>
			<territory type="057" draft="unconfirmed">Micronesia [057]</territory>
			<territory type="061" draft="unconfirmed">Polynesia</territory>
			<territory type="062" draft="unconfirmed">De Canol Asia</territory>
			<territory type="142" draft="unconfirmed">Asia</territory>
			<territory type="145" draft="unconfirmed">Gorllewin Asia</territory>
			<territory type="150" draft="unconfirmed">Ewrop</territory>
			<territory type="151" draft="unconfirmed">Dwyrain Ewrop</territory>
			<territory type="154" draft="unconfirmed">Gogledd Ewrop</territory>
			<territory type="155" draft="unconfirmed">Gorllewin Ewrop</territory>
			<territory type="419" draft="unconfirmed">America Ladin</territory>
			<territory type="830" draft="unconfirmed">Ynysoedd y Sianel</territory>
			<territory type="AC" draft="unconfirmed">Ynys y Dyrchafael</territory>
			<territory type="AD" draft="unconfirmed">Andorra</territory>
			<territory type="AE" draft="unconfirmed">Emiraethau Arabaidd Unedig</territory>
			<territory type="AF" draft="unconfirmed">Affganistan</territory>
			<territory type="AG" draft="unconfirmed">Antigwa a Barbuda</territory>
			<territory type="AI" draft="unconfirmed">Anguilla</territory>
			<territory type="AL" draft="unconfirmed">Albania</territory>
			<territory type="AM" draft="unconfirmed">Armenia</territory>
			<territory type="AN" draft="unconfirmed">Ynysoedd Caribî yr Iseldiroedd</territory>
			<territory type="AO" draft="unconfirmed">Angola</territory>
			<territory type="AQ" draft="unconfirmed">Antarctica</territory>
			<territory type="AR" draft="unconfirmed">Yr Ariannin</territory>
			<territory type="AS" draft="unconfirmed">Samoa Americanaidd</territory>
			<territory type="AT" draft="unconfirmed">Awstria</territory>
			<territory type="AU" draft="unconfirmed">Awstralia</territory>
			<territory type="AW" draft="unconfirmed">Aruba</territory>
			<territory type="AX" draft="unconfirmed">Ynysoedd Aland</territory>
			<territory type="AZ" draft="unconfirmed">Azerbaijan</territory>
			<territory type="BA" draft="unconfirmed">Bosnia a Herzegovina</territory>
			<territory type="BB" draft="unconfirmed">Barbados</territory>
			<territory type="BD" draft="unconfirmed">Bangladesh</territory>
			<territory type="BE" draft="unconfirmed">Gwlad Belg</territory>
			<territory type="BF" draft="unconfirmed">Burkina Faso</territory>
			<territory type="BG" draft="unconfirmed">Bwlgaria</territory>
			<territory type="BH" draft="unconfirmed">Bahrain</territory>
			<territory type="BI" draft="unconfirmed">Burundi</territory>
			<territory type="BJ" draft="unconfirmed">Benin</territory>
			<territory type="BM" draft="unconfirmed">Bermwda</territory>
			<territory type="BN" draft="unconfirmed">Brunei</territory>
			<territory type="BO" draft="unconfirmed">Bolifia</territory>
			<territory type="BR" draft="unconfirmed">Brasil</territory>
			<territory type="BS" draft="unconfirmed">Y Bahamas</territory>
			<territory type="BT" draft="unconfirmed">Bhwtan</territory>
			<territory type="BV" draft="unconfirmed">Ynys Bouvet</territory>
			<territory type="BW" draft="unconfirmed">Botswana</territory>
			<territory type="BY" draft="unconfirmed">Belarws</territory>
			<territory type="BZ" draft="unconfirmed">Belize</territory>
			<territory type="CA" draft="unconfirmed">Canada</territory>
			<territory type="CC">Ynysoedd Cocos [Keeling]</territory>
			<territory type="CD" draft="unconfirmed">Y Congo - Kinshasa</territory>
			<territory type="CD" alt="variant" draft="unconfirmed">Y Congo [Gweriniaeth Ddemocrataidd]</territory>
			<territory type="CF" draft="unconfirmed">Gweriniaeth Canol Affrica</territory>
			<territory type="CG" draft="unconfirmed">Y Congo - Brazzaville</territory>
			<territory type="CG" alt="variant" draft="unconfirmed">Y Congo [Gweriniaeth]</territory>
			<territory type="CH" draft="unconfirmed">Y Swistir</territory>
			<territory type="CI" draft="unconfirmed">Côte d’Ivoire</territory>
			<territory type="CK" draft="unconfirmed">Ynysoedd Cook</territory>
			<territory type="CL" draft="unconfirmed">Chile</territory>
			<territory type="CM" draft="unconfirmed">Y Camerŵn</territory>
			<territory type="CN" draft="unconfirmed">Tseina</territory>
			<territory type="CO" draft="unconfirmed">Colombia</territory>
			<territory type="CR" draft="unconfirmed">Costa Rica</territory>
			<territory type="CU" draft="unconfirmed">Ciwba</territory>
			<territory type="CV" draft="unconfirmed">Cape Verde</territory>
			<territory type="CX" draft="unconfirmed">Ynys y Nadolig</territory>
			<territory type="CY" draft="unconfirmed">Cyprus</territory>
			<territory type="CZ" draft="unconfirmed">Gweriniaeth Tsiec</territory>
			<territory type="DE" draft="unconfirmed">Yr Almaen</territory>
			<territory type="DJ" draft="unconfirmed">Djibouti</territory>
			<territory type="DK" draft="unconfirmed">Denmarc</territory>
			<territory type="DM" draft="unconfirmed">Dominica</territory>
			<territory type="DO" draft="unconfirmed">Y Weriniaeth Ddominicaidd</territory>
			<territory type="DZ" draft="unconfirmed">Algeria</territory>
			<territory type="EC" draft="unconfirmed">Ecwador</territory>
			<territory type="EE" draft="unconfirmed">Estonia</territory>
			<territory type="EG" draft="unconfirmed">Yr Aifft</territory>
			<territory type="EH" draft="unconfirmed">Gorllewin y Sahara</territory>
			<territory type="ER" draft="unconfirmed">Eritrea</territory>
			<territory type="ES" draft="unconfirmed">Sbaen</territory>
			<territory type="ET" draft="unconfirmed">Ethiopia</territory>
			<territory type="FI" draft="unconfirmed">Y Ffindir</territory>
			<territory type="FJ" draft="unconfirmed">Fiji</territory>
			<territory type="FK" draft="unconfirmed">Ynysoedd y Falkland</territory>
			<territory type="FM" draft="unconfirmed">Micronesia</territory>
			<territory type="FO" draft="unconfirmed">Ynysoedd Ffaröe</territory>
			<territory type="FR" draft="unconfirmed">Ffrainc</territory>
			<territory type="GA" draft="unconfirmed">Gabon</territory>
			<territory type="GB">Prydain Fawr</territory>
			<territory type="GD" draft="unconfirmed">Grenada</territory>
			<territory type="GE" draft="unconfirmed">Georgia</territory>
			<territory type="GF" draft="unconfirmed">Giana Ffrengig</territory>
			<territory type="GH" draft="unconfirmed">Ghana</territory>
			<territory type="GI" draft="unconfirmed">Gibraltar</territory>
			<territory type="GL" draft="unconfirmed">Yr Ynys Las</territory>
			<territory type="GM" draft="unconfirmed">Gambia</territory>
			<territory type="GN" draft="unconfirmed">Gini</territory>
			<territory type="GP" draft="unconfirmed">Guadeloupe</territory>
			<territory type="GQ" draft="unconfirmed">Gini Gyhydeddol</territory>
			<territory type="GR" draft="unconfirmed">Gwlad Groeg</territory>
			<territory type="GS" draft="unconfirmed">Ynysoedd De Georgia a De Sandwich</territory>
			<territory type="GT" draft="unconfirmed">Guatemala</territory>
			<territory type="GU" draft="unconfirmed">Guam</territory>
			<territory type="GW" draft="unconfirmed">Guinea-Bissau</territory>
			<territory type="GY" draft="unconfirmed">Guyana</territory>
			<territory type="HK" draft="unconfirmed">Hong Kong S.A.R., Tseina</territory>
			<territory type="HM" draft="unconfirmed">Ynys Heard ac Ynysoedd McDonald</territory>
			<territory type="HN" draft="unconfirmed">Hondwras</territory>
			<territory type="HR" draft="unconfirmed">Croatia</territory>
			<territory type="HT" draft="unconfirmed">Haiti</territory>
			<territory type="HU" draft="unconfirmed">Hwngari</territory>
			<territory type="ID" draft="unconfirmed">Indonesia</territory>
			<territory type="IE" draft="unconfirmed">Iwerddon</territory>
			<territory type="IL" draft="unconfirmed">Israel</territory>
			<territory type="IM" draft="unconfirmed">Ynys Manaw</territory>
			<territory type="IN" draft="unconfirmed">India</territory>
			<territory type="IO" draft="unconfirmed">Tiriogaeth Cefnfor India Prydain</territory>
			<territory type="IQ" draft="unconfirmed">Irac</territory>
			<territory type="IR" draft="unconfirmed">Iran</territory>
			<territory type="IS" draft="unconfirmed">Gwlad yr Iâ</territory>
			<territory type="IT" draft="unconfirmed">Yr Eidal</territory>
			<territory type="JM" draft="unconfirmed">Jamaica</territory>
			<territory type="JO" draft="unconfirmed">Gwlad Iorddonen</territory>
			<territory type="JP" draft="unconfirmed">Siapan</territory>
			<territory type="KE" draft="unconfirmed">Cenia</territory>
			<territory type="KG" draft="unconfirmed">Cirgistan</territory>
			<territory type="KH" draft="unconfirmed">Cambodia</territory>
			<territory type="KI" draft="unconfirmed">Kiribati</territory>
			<territory type="KM" draft="unconfirmed">Comoros</territory>
			<territory type="KN" draft="unconfirmed">Saint Kitts a Nevis</territory>
			<territory type="KP" draft="unconfirmed">Gogledd Corea</territory>
			<territory type="KR" draft="unconfirmed">De Corea</territory>
			<territory type="KW" draft="unconfirmed">Coweit</territory>
			<territory type="KY" draft="unconfirmed">Ynysoedd Cayman</territory>
			<territory type="KZ" draft="unconfirmed">Kazakhstan</territory>
			<territory type="LA" draft="unconfirmed">Laos</territory>
			<territory type="LB" draft="unconfirmed">Libanus</territory>
			<territory type="LC" draft="unconfirmed">Saint Lucia</territory>
			<territory type="LI" draft="unconfirmed">Liechtenstein</territory>
			<territory type="LK" draft="unconfirmed">Sri Lanka</territory>
			<territory type="LR" draft="unconfirmed">Liberia</territory>
			<territory type="LS" draft="unconfirmed">Lesotho</territory>
			<territory type="LT" draft="unconfirmed">Lithwania</territory>
			<territory type="LU" draft="unconfirmed">Lwcsembwrg</territory>
			<territory type="LV" draft="unconfirmed">Latfia</territory>
			<territory type="LY" draft="unconfirmed">Libia</territory>
			<territory type="MA" draft="unconfirmed">Moroco</territory>
			<territory type="MC" draft="unconfirmed">Monaco</territory>
			<territory type="MD" draft="unconfirmed">Moldofa</territory>
			<territory type="ME" draft="unconfirmed">Montenegro</territory>
			<territory type="MG" draft="unconfirmed">Madagascar</territory>
			<territory type="MH" draft="unconfirmed">Ynysoedd Marshall</territory>
			<territory type="MK" draft="unconfirmed">Macedonia</territory>
			<territory type="ML" draft="unconfirmed">Mali</territory>
			<territory type="MM" draft="unconfirmed">Myanmar</territory>
			<territory type="MN" draft="unconfirmed">Mongolia</territory>
			<territory type="MO" draft="unconfirmed">Macao S.A.R., Tseina</territory>
			<territory type="MP" draft="unconfirmed">Ynysoedd Gogledd Mariana</territory>
			<territory type="MQ" draft="unconfirmed">Martinique</territory>
			<territory type="MR" draft="unconfirmed">Mawritania</territory>
			<territory type="MS" draft="unconfirmed">Montserrat</territory>
			<territory type="MT" draft="unconfirmed">Malta</territory>
			<territory type="MU" draft="unconfirmed">Mawrisiws</territory>
			<territory type="MV" draft="unconfirmed">Maldives</territory>
			<territory type="MW" draft="unconfirmed">Malawi</territory>
			<territory type="MX" draft="unconfirmed">Mecsico</territory>
			<territory type="MY" draft="unconfirmed">Malaysia</territory>
			<territory type="MZ" draft="unconfirmed">Mozambique</territory>
			<territory type="NA" draft="unconfirmed">Namibia</territory>
			<territory type="NC" draft="unconfirmed">Caledonia Newydd</territory>
			<territory type="NE" draft="unconfirmed">Niger</territory>
			<territory type="NF" draft="unconfirmed">Ynys Norfolk</territory>
			<territory type="NG" draft="unconfirmed">Nigeria</territory>
			<territory type="NI" draft="unconfirmed">Nicaragwa</territory>
			<territory type="NL" draft="unconfirmed">Yr Iseldiroedd</territory>
			<territory type="NO" draft="unconfirmed">Norwy</territory>
			<territory type="NP" draft="unconfirmed">Nepal</territory>
			<territory type="NR" draft="unconfirmed">Nawrw</territory>
			<territory type="NU" draft="unconfirmed">Niue</territory>
			<territory type="NZ" draft="unconfirmed">Seland Newydd</territory>
			<territory type="OM" draft="unconfirmed">Oman</territory>
			<territory type="PA" draft="unconfirmed">Panama</territory>
			<territory type="PE" draft="unconfirmed">Perw</territory>
			<territory type="PF" draft="unconfirmed">Polynesia Ffrainc</territory>
			<territory type="PG" draft="unconfirmed">Papua Gini Newydd</territory>
			<territory type="PH" draft="unconfirmed">Philipinau</territory>
			<territory type="PK" draft="unconfirmed">Pacistan</territory>
			<territory type="PL" draft="unconfirmed">Gwlad Pwyl</territory>
			<territory type="PM" draft="unconfirmed">Saint Pierre a Miquelon</territory>
			<territory type="PN" draft="unconfirmed">Pitcairn</territory>
			<territory type="PR" draft="unconfirmed">Puerto Rico</territory>
			<territory type="PS" draft="unconfirmed">Tiriogaeth Palesteina</territory>
			<territory type="PT" draft="unconfirmed">Portiwgal</territory>
			<territory type="PW" draft="unconfirmed">Palau</territory>
			<territory type="PY" draft="unconfirmed">Paraguay</territory>
			<territory type="QA" draft="unconfirmed">Qatar</territory>
			<territory type="QO" draft="unconfirmed">Ynysoedd Pellenig y De</territory>
			<territory type="RE" draft="unconfirmed">Réunion</territory>
			<territory type="RO" draft="unconfirmed">Rwmania</territory>
			<territory type="RU" draft="unconfirmed">Rwsia</territory>
			<territory type="RW" draft="unconfirmed">Rwanda</territory>
			<territory type="SA" draft="unconfirmed">Sawdi-Arabia</territory>
			<territory type="SB" draft="unconfirmed">Ynysoedd Solomon</territory>
			<territory type="SC" draft="unconfirmed">Seychelles</territory>
			<territory type="SD" draft="unconfirmed">Y Swdan</territory>
			<territory type="SE" draft="unconfirmed">Sweden</territory>
			<territory type="SG" draft="unconfirmed">Singapore</territory>
			<territory type="SH" draft="unconfirmed">Saint Helena</territory>
			<territory type="SI" draft="unconfirmed">Slofenia</territory>
			<territory type="SJ" draft="unconfirmed">Svalbard a Jan Mayen</territory>
			<territory type="SK" draft="unconfirmed">Slofacia</territory>
			<territory type="SL" draft="unconfirmed">Sierra Leone</territory>
			<territory type="SM" draft="unconfirmed">San Marino</territory>
			<territory type="SN" draft="unconfirmed">Senegal</territory>
			<territory type="SO" draft="unconfirmed">Somalia</territory>
			<territory type="SR" draft="unconfirmed">Swrinam</territory>
			<territory type="ST" draft="unconfirmed">Sao Tome a Principe</territory>
			<territory type="SV" draft="unconfirmed">El Salfador</territory>
			<territory type="SY" draft="unconfirmed">Syria</territory>
			<territory type="SZ" draft="unconfirmed">Swaziland</territory>
			<territory type="TC" draft="unconfirmed">Ynysoedd Turks a Caicos</territory>
			<territory type="TD" draft="unconfirmed">Chad</territory>
			<territory type="TF" draft="unconfirmed">Tiriogaethau Ffrengig y De</territory>
			<territory type="TG" draft="unconfirmed">Togo</territory>
			<territory type="TH" draft="unconfirmed">Gwlad Thai</territory>
			<territory type="TJ" draft="unconfirmed">Tajicistan</territory>
			<territory type="TK" draft="unconfirmed">Tokelau</territory>
			<territory type="TL" draft="unconfirmed">Timor-Leste</territory>
			<territory type="TM" draft="unconfirmed">Tyrcmenistan</territory>
			<territory type="TN" draft="unconfirmed">Tiwnisia</territory>
			<territory type="TO" draft="unconfirmed">Tonga</territory>
			<territory type="TR" draft="unconfirmed">Twrci</territory>
			<territory type="TT" draft="unconfirmed">Trinidad a Thobago</territory>
			<territory type="TV" draft="unconfirmed">Twfalw</territory>
			<territory type="TW" draft="unconfirmed">Taiwan</territory>
			<territory type="TZ" draft="unconfirmed">Tansanïa</territory>
			<territory type="UA" draft="unconfirmed">Wcráin</territory>
			<territory type="UG" draft="unconfirmed">Uganda</territory>
			<territory type="UM" draft="unconfirmed">Mân Ynysoedd Pellenig yr Unol Daleithiau</territory>
			<territory type="US" draft="unconfirmed">Yr Unol Daleithiau</territory>
			<territory type="UY" draft="unconfirmed">Uruguay</territory>
			<territory type="UZ" draft="unconfirmed">Wsbecistan</territory>
			<territory type="VA" draft="unconfirmed">Y Fatican</territory>
			<territory type="VC" draft="unconfirmed">Saint Vincent a’r Grenadines</territory>
			<territory type="VE" draft="unconfirmed">Venezuela</territory>
			<territory type="VG" draft="unconfirmed">Ynysoedd Prydeinig y Wyryf</territory>
			<territory type="VI" draft="unconfirmed">Ynysoedd Americanaidd y Wyryf</territory>
			<territory type="VN" draft="unconfirmed">Fietnam</territory>
			<territory type="VU" draft="unconfirmed">Vanuatu</territory>
			<territory type="WF" draft="unconfirmed">Wallis a Futuna</territory>
			<territory type="WS" draft="unconfirmed">Samoa</territory>
			<territory type="YE" draft="unconfirmed">Yemen</territory>
			<territory type="YT" draft="unconfirmed">Mayotte</territory>
			<territory type="ZA" draft="unconfirmed">De Affrica</territory>
			<territory type="ZM" draft="unconfirmed">Sambia</territory>
			<territory type="ZW" draft="unconfirmed">Simbabwe</territory>
			<territory type="ZZ" draft="unconfirmed">ardal anhysbys</territory>
		</territories>
		<measurementSystemNames>
			<measurementSystemName type="metric" draft="contributed">Metrig</measurementSystemName>
			<measurementSystemName type="UK" draft="unconfirmed">DU</measurementSystemName>
			<measurementSystemName type="US" draft="contributed">UD</measurementSystemName>
		</measurementSystemNames>
	</localeDisplayNames>
	<characters>
		<exemplarCharacters>[a á à â ä b c {ch} d {dd} e é è ê ë f {ff} g {ng} h i í ì î ï l {ll} m n o ó ò ô ö p {ph} r {rh} s t {th} u ú ù û ü w ẃ ẁ ŵ ẅ y ý ỳ ŷ ÿ]</exemplarCharacters>
		<exemplarCharacters type="auxiliary">[j k q v x z]</exemplarCharacters>
		<exemplarCharacters type="index" draft="contributed">[A B C {CH} D E F {FF} G H I J L {LL} M N O P {PH} R {RH} S T {TH} U W Y]</exemplarCharacters>
	</characters>
	<delimiters>
		<quotationStart draft="unconfirmed">‘</quotationStart>
		<quotationEnd draft="unconfirmed">’</quotationEnd>
		<alternateQuotationStart draft="unconfirmed">“</alternateQuotationStart>
		<alternateQuotationEnd draft="unconfirmed">”</alternateQuotationEnd>
	</delimiters>
	<dates>
		<calendars>
			<calendar type="gregorian">
				<months>
					<monthContext type="format">
						<monthWidth type="abbreviated">
							<month type="1">Ion</month>
							<month type="2">Chwef</month>
							<month type="3">Mawrth</month>
							<month type="4">Ebrill</month>
							<month type="5">Mai</month>
							<month type="6">Meh</month>
							<month type="7">Gorff</month>
							<month type="8">Awst</month>
							<month type="9">Medi</month>
							<month type="10">Hyd</month>
							<month type="11">Tach</month>
							<month type="12">Rhag</month>
						</monthWidth>
						<monthWidth type="wide">
							<month type="1">Ionawr</month>
							<month type="2">Chwefror</month>
							<month type="3">Mawrth</month>
							<month type="4">Ebrill</month>
							<month type="5">Mai</month>
							<month type="6">Mehefin</month>
							<month type="7">Gorffenaf</month>
							<month type="8">Awst</month>
							<month type="9">Medi</month>
							<month type="10">Hydref</month>
							<month type="11">Tachwedd</month>
							<month type="12">Rhagfyr</month>
						</monthWidth>
					</monthContext>
					<monthContext type="stand-alone">
						<monthWidth type="abbreviated">
							<month type="2" draft="contributed">Chwe</month>
							<month type="3" draft="contributed">Maw</month>
							<month type="4" draft="contributed">Ebr</month>
							<month type="7" draft="contributed">Gor</month>
						</monthWidth>
						<monthWidth type="narrow">
							<month type="1">I</month>
							<month type="2">C</month>
							<month type="3">M</month>
							<month type="4">E</month>
							<month type="5">M</month>
							<month type="6">M</month>
							<month type="7">G</month>
							<month type="8">A</month>
							<month type="9">M</month>
							<month type="10">H</month>
							<month type="11">T</month>
							<month type="12">R</month>
						</monthWidth>
						<monthWidth type="wide">
							<month type="7" draft="contributed">Gorffennaf</month>
						</monthWidth>
					</monthContext>
				</months>
				<days>
					<dayContext type="format">
						<dayWidth type="abbreviated">
							<day type="sun">Sul</day>
							<day type="mon">Llun</day>
							<day type="tue">Maw</day>
							<day type="wed">Mer</day>
							<day type="thu">Iau</day>
							<day type="fri">Gwen</day>
							<day type="sat">Sad</day>
						</dayWidth>
						<dayWidth type="wide">
							<day type="sun">Dydd Sul</day>
							<day type="mon">Dydd Llun</day>
							<day type="tue">Dydd Mawrth</day>
							<day type="wed">Dydd Mercher</day>
							<day type="thu">Dydd Iau</day>
							<day type="fri">Dydd Gwener</day>
							<day type="sat">Dydd Sadwrn</day>
						</dayWidth>
					</dayContext>
					<dayContext type="stand-alone">
						<dayWidth type="abbreviated">
							<day type="fri" draft="contributed">Gwe</day>
						</dayWidth>
						<dayWidth type="narrow">
							<day type="sun">S</day>
							<day type="mon">L</day>
							<day type="tue">M</day>
							<day type="wed">M</day>
							<day type="thu">I</day>
							<day type="fri">G</day>
							<day type="sat">S</day>
						</dayWidth>
					</dayContext>
				</days>
				<quarters>
					<quarterContext type="format">
						<quarterWidth type="abbreviated">
							<quarter type="1" draft="contributed">Ch1</quarter>
							<quarter type="2" draft="contributed">Ch2</quarter>
							<quarter type="3" draft="contributed">Ch3</quarter>
							<quarter type="4" draft="contributed">Ch4</quarter>
						</quarterWidth>
						<quarterWidth type="narrow">
							<quarter type="3" draft="unconfirmed">3</quarter>
							<quarter type="4" draft="unconfirmed">4</quarter>
						</quarterWidth>
						<quarterWidth type="wide">
							<quarter type="1" draft="contributed">Chwarter 1af</quarter>
							<quarter type="2" draft="contributed">2il chwarter</quarter>
							<quarter type="3" draft="contributed">3ydd chwarter</quarter>
							<quarter type="4" draft="contributed">4ydd chwarter</quarter>
						</quarterWidth>
					</quarterContext>
					<quarterContext type="stand-alone">
						<quarterWidth type="abbreviated">
							<quarter type="1" draft="unconfirmed">Ch1</quarter>
							<quarter type="2" draft="unconfirmed">Ch2</quarter>
							<quarter type="3" draft="unconfirmed">Ch3</quarter>
							<quarter type="4" draft="unconfirmed">Ch4</quarter>
						</quarterWidth>
						<quarterWidth type="wide">
							<quarter type="1" draft="unconfirmed">Chwarter 1af</quarter>
							<quarter type="2" draft="unconfirmed">2il chwarter</quarter>
							<quarter type="3" draft="unconfirmed">3ydd chwarter</quarter>
							<quarter type="4" draft="unconfirmed">4ydd chwarter</quarter>
						</quarterWidth>
					</quarterContext>
				</quarters>
				<eras>
					<eraNames>
						<era type="0" draft="contributed">Cyn Crist</era>
						<era type="1" draft="contributed">Oed Crist</era>
					</eraNames>
					<eraAbbr>
						<era type="0" draft="contributed">CC</era>
						<era type="1" draft="contributed">OC</era>
					</eraAbbr>
					<eraNarrow>
						<era type="0" draft="contributed">C</era>
						<era type="1" draft="contributed">O</era>
					</eraNarrow>
				</eras>
				<dateFormats>
					<dateFormatLength type="full">
						<dateFormat>
							<pattern>EEEE, d MMMM y</pattern>
						</dateFormat>
					</dateFormatLength>
					<dateFormatLength type="long">
						<dateFormat>
							<pattern>d MMMM y</pattern>
						</dateFormat>
					</dateFormatLength>
					<dateFormatLength type="medium">
						<dateFormat>
							<pattern>d MMM y</pattern>
						</dateFormat>
					</dateFormatLength>
					<dateFormatLength type="short">
						<dateFormat>
							<pattern>dd/MM/yyyy</pattern>
						</dateFormat>
					</dateFormatLength>
				</dateFormats>
				<timeFormats>
					<timeFormatLength type="full">
						<timeFormat>
							<pattern>HH:mm:ss zzzz</pattern>
						</timeFormat>
					</timeFormatLength>
					<timeFormatLength type="long">
						<timeFormat>
							<pattern>HH:mm:ss z</pattern>
						</timeFormat>
					</timeFormatLength>
					<timeFormatLength type="medium">
						<timeFormat>
							<pattern>HH:mm:ss</pattern>
						</timeFormat>
					</timeFormatLength>
					<timeFormatLength type="short">
						<timeFormat>
							<pattern>HH:mm</pattern>
						</timeFormat>
					</timeFormatLength>
				</timeFormats>
				<dateTimeFormats>
					<availableFormats>
						<dateFormatItem id="Md" draft="contributed">d/M</dateFormatItem>
						<dateFormatItem id="MEd">EEE, d/M</dateFormatItem>
						<dateFormatItem id="MMMd">d MMM</dateFormatItem>
						<dateFormatItem id="MMMEd">EEE, d MMM</dateFormatItem>
						<dateFormatItem id="yM">M/y</dateFormatItem>
						<dateFormatItem id="yMd">d/M/y</dateFormatItem>
						<dateFormatItem id="yMEd">EEE, d/M/y</dateFormatItem>
						<dateFormatItem id="yMMM">MMM y</dateFormatItem>
						<dateFormatItem id="yMMMd">d MMM y</dateFormatItem>
						<dateFormatItem id="yMMMEd">EEE, d MMM y</dateFormatItem>
					</availableFormats>
					<intervalFormats>
						<intervalFormatFallback draft="contributed">{0} – {1}</intervalFormatFallback>
						<intervalFormatItem id="d">
							<greatestDifference id="d" draft="contributed">d-d</greatestDifference>
						</intervalFormatItem>
						<intervalFormatItem id="h">
							<greatestDifference id="a" draft="contributed">h a – h a</greatestDifference>
							<greatestDifference id="h" draft="contributed">h–h a</greatestDifference>
						</intervalFormatItem>
						<intervalFormatItem id="hm">
							<greatestDifference id="a" draft="contributed">h:mm a – h:mm a</greatestDifference>
							<greatestDifference id="h" draft="contributed">h:mm–h:mm a</greatestDifference>
							<greatestDifference id="m" draft="contributed">h:mm–h:mm a</greatestDifference>
						</intervalFormatItem>
						<intervalFormatItem id="hmv">
							<greatestDifference id="a" draft="contributed">h:mm a – h:mm a v</greatestDifference>
							<greatestDifference id="h" draft="contributed">h:mm–h:mm a v</greatestDifference>
							<greatestDifference id="m" draft="contributed">h:mm–h:mm a v</greatestDifference>
						</intervalFormatItem>
						<intervalFormatItem id="hv">
							<greatestDifference id="a" draft="contributed">h a – h a v</greatestDifference>
							<greatestDifference id="h" draft="contributed">h–h a v</greatestDifference>
						</intervalFormatItem>
						<intervalFormatItem id="M">
							<greatestDifference id="M" draft="contributed">M-M</greatestDifference>
						</intervalFormatItem>
						<intervalFormatItem id="Md">
							<greatestDifference id="d" draft="contributed">d/M – d/M</greatestDifference>
							<greatestDifference id="M" draft="contributed">d/M – d/M</greatestDifference>
						</intervalFormatItem>
						<intervalFormatItem id="MEd">
							<greatestDifference id="d" draft="contributed">E, d/M – E, d/M</greatestDifference>
							<greatestDifference id="M" draft="contributed">E, d/M – E, d/M</greatestDifference>
						</intervalFormatItem>
						<intervalFormatItem id="MMM">
							<greatestDifference id="M" draft="contributed">MMM-MMM</greatestDifference>
						</intervalFormatItem>
						<intervalFormatItem id="MMMd">
							<greatestDifference id="d" draft="contributed">MMM d–d</greatestDifference>
							<greatestDifference id="M" draft="contributed">d MMM – d MMM</greatestDifference>
						</intervalFormatItem>
						<intervalFormatItem id="MMMEd">
							<greatestDifference id="d" draft="contributed">E, d MMM – E, d MMM</greatestDifference>
							<greatestDifference id="M" draft="contributed">E, d MMM – E, d MMM</greatestDifference>
						</intervalFormatItem>
						<intervalFormatItem id="MMMM">
							<greatestDifference id="M" draft="contributed">LLLL-LLLL</greatestDifference>
						</intervalFormatItem>
						<intervalFormatItem id="y">
							<greatestDifference id="y" draft="contributed">y-y</greatestDifference>
						</intervalFormatItem>
						<intervalFormatItem id="yM">
							<greatestDifference id="M" draft="contributed">M/yy – M/yy</greatestDifference>
							<greatestDifference id="y" draft="contributed">M/yy – M/yy</greatestDifference>
						</intervalFormatItem>
						<intervalFormatItem id="yMd">
							<greatestDifference id="d" draft="contributed">d/M/yy - d/M/yy</greatestDifference>
							<greatestDifference id="M" draft="contributed">d/M/yy - d/M/yy</greatestDifference>
							<greatestDifference id="y" draft="contributed">d/M/yy - d/M/yy</greatestDifference>
						</intervalFormatItem>
						<intervalFormatItem id="yMEd">
							<greatestDifference id="d" draft="contributed">E, d/M/yy - E, d/M/yy</greatestDifference>
							<greatestDifference id="M" draft="contributed">E, d/M/yy - E, d/M/yy</greatestDifference>
							<greatestDifference id="y" draft="contributed">E, d/M/yy - E, d/M/yy</greatestDifference>
						</intervalFormatItem>
						<intervalFormatItem id="yMMM">
							<greatestDifference id="M" draft="contributed">MMM - MMM, y</greatestDifference>
							<greatestDifference id="y" draft="contributed">MMM y - MMM y</greatestDifference>
						</intervalFormatItem>
						<intervalFormatItem id="yMMMd">
							<greatestDifference id="d" draft="contributed">d-d MMM, y</greatestDifference>
							<greatestDifference id="M" draft="contributed">d MMM - d MMM, y</greatestDifference>
							<greatestDifference id="y" draft="contributed">d MMM, y - d MMM, y</greatestDifference>
						</intervalFormatItem>
						<intervalFormatItem id="yMMMEd">
							<greatestDifference id="d" draft="contributed">E, d MMM - E, d MMM, y</greatestDifference>
							<greatestDifference id="M" draft="contributed">E, d MMM - E, d MMM, y</greatestDifference>
							<greatestDifference id="y" draft="contributed">E, d MMM, y - E, d MMM, y</greatestDifference>
						</intervalFormatItem>
						<intervalFormatItem id="yMMMM">
							<greatestDifference id="M" draft="contributed">yyyy-MM – MM</greatestDifference>
							<greatestDifference id="y" draft="contributed">yyyy-MM – yyyy-MM</greatestDifference>
						</intervalFormatItem>
					</intervalFormats>
				</dateTimeFormats>
				<fields>
					<field type="era">
						<displayName draft="contributed">Oes</displayName>
					</field>
					<field type="year">
						<displayName draft="contributed">Blwyddyn</displayName>
					</field>
					<field type="month">
						<displayName draft="contributed">Mis</displayName>
					</field>
					<field type="week">
						<displayName draft="contributed">Wythnos</displayName>
					</field>
					<field type="day">
						<displayName draft="contributed">Dydd</displayName>
					</field>
					<field type="weekday">
						<displayName draft="contributed">Dydd o'r Wythnos</displayName>
					</field>
					<field type="dayperiod">
						<displayName draft="contributed">AM/PM</displayName>
					</field>
					<field type="hour">
						<displayName draft="contributed">Awr</displayName>
					</field>
					<field type="minute">
						<displayName draft="contributed">Munud</displayName>
					</field>
					<field type="second">
						<displayName draft="contributed">Eiliad</displayName>
					</field>
					<field type="zone">
						<displayName draft="contributed">Cylchfa</displayName>
					</field>
				</fields>
			</calendar>
		</calendars>
		<timeZoneNames>
			<hourFormat>+HHmm;-HHmm</hourFormat>
			<zone type="Etc/Unknown">
				<exemplarCity draft="unconfirmed">Anhysbys</exemplarCity>
			</zone>
			<zone type="Europe/Andorra">
				<exemplarCity draft="unconfirmed">Andorra</exemplarCity>
			</zone>
			<zone type="Asia/Dubai">
				<exemplarCity draft="unconfirmed">Dubai</exemplarCity>
			</zone>
			<zone type="Asia/Kabul">
				<exemplarCity draft="unconfirmed">Kabul</exemplarCity>
			</zone>
			<zone type="America/Antigua">
				<exemplarCity draft="unconfirmed">Antigua</exemplarCity>
			</zone>
			<zone type="America/Anguilla">
				<exemplarCity draft="unconfirmed">Anguilla</exemplarCity>
			</zone>
			<zone type="Europe/Tirane">
				<exemplarCity draft="unconfirmed">Tirane</exemplarCity>
			</zone>
			<zone type="Asia/Yerevan">
				<exemplarCity draft="unconfirmed">Yerevan</exemplarCity>
			</zone>
			<zone type="America/Curacao">
				<exemplarCity draft="unconfirmed">Curacao</exemplarCity>
			</zone>
			<zone type="Africa/Luanda">
				<exemplarCity draft="unconfirmed">Luanda</exemplarCity>
			</zone>
			<zone type="Antarctica/Rothera">
				<exemplarCity draft="unconfirmed">Rothera</exemplarCity>
			</zone>
			<zone type="Antarctica/Palmer">
				<exemplarCity draft="unconfirmed">Palmer</exemplarCity>
			</zone>
			<zone type="Antarctica/South_Pole">
				<exemplarCity draft="unconfirmed">Pegwn y De</exemplarCity>
			</zone>
			<zone type="Antarctica/Syowa">
				<exemplarCity draft="unconfirmed">Syowa</exemplarCity>
			</zone>
			<zone type="Antarctica/Mawson">
				<exemplarCity draft="unconfirmed">Mawson</exemplarCity>
			</zone>
			<zone type="Antarctica/Davis">
				<exemplarCity draft="unconfirmed">Davis</exemplarCity>
			</zone>
			<zone type="Antarctica/Vostok">
				<exemplarCity draft="unconfirmed">Vostok</exemplarCity>
			</zone>
			<zone type="Antarctica/Casey">
				<exemplarCity draft="unconfirmed">Casey</exemplarCity>
			</zone>
			<zone type="Antarctica/McMurdo">
				<exemplarCity draft="unconfirmed">McMurdo</exemplarCity>
			</zone>
			<zone type="America/Argentina/Rio_Gallegos">
				<exemplarCity draft="unconfirmed">Rio Gallegos</exemplarCity>
			</zone>
			<zone type="America/Mendoza">
				<exemplarCity draft="unconfirmed">Mendoza</exemplarCity>
			</zone>
			<zone type="America/Argentina/San_Juan">
				<exemplarCity draft="unconfirmed">San Juan</exemplarCity>
			</zone>
			<zone type="America/Argentina/Ushuaia">
				<exemplarCity draft="unconfirmed">Ushuaia</exemplarCity>
			</zone>
			<zone type="America/Argentina/La_Rioja">
				<exemplarCity draft="unconfirmed">La Rioja</exemplarCity>
			</zone>
			<zone type="America/Argentina/San_Luis">
				<exemplarCity draft="unconfirmed">San Luis</exemplarCity>
			</zone>
			<zone type="America/Catamarca">
				<exemplarCity draft="unconfirmed">Catamarca</exemplarCity>
			</zone>
			<zone type="America/Argentina/Salta">
				<exemplarCity draft="unconfirmed">Salta</exemplarCity>
			</zone>
			<zone type="America/Jujuy">
				<exemplarCity draft="unconfirmed">Jujuy</exemplarCity>
			</zone>
			<zone type="America/Argentina/Tucuman">
				<exemplarCity draft="unconfirmed">Tucuman</exemplarCity>
			</zone>
			<zone type="America/Cordoba">
				<exemplarCity draft="unconfirmed">Cordoba</exemplarCity>
			</zone>
			<zone type="America/Buenos_Aires">
				<exemplarCity draft="unconfirmed">Buenos Aires</exemplarCity>
			</zone>
			<zone type="Pacific/Pago_Pago">
				<exemplarCity draft="unconfirmed">Pago Pago</exemplarCity>
			</zone>
			<zone type="Europe/Vienna">
				<exemplarCity draft="unconfirmed">Fienna</exemplarCity>
			</zone>
			<zone type="Australia/Perth">
				<exemplarCity draft="unconfirmed">Perth</exemplarCity>
			</zone>
			<zone type="Australia/Eucla">
				<exemplarCity draft="unconfirmed">Eucla</exemplarCity>
			</zone>
			<zone type="Australia/Darwin">
				<exemplarCity draft="unconfirmed">Darwin</exemplarCity>
			</zone>
			<zone type="Australia/Adelaide">
				<exemplarCity draft="unconfirmed">Adelaide</exemplarCity>
			</zone>
			<zone type="Australia/Broken_Hill">
				<exemplarCity draft="unconfirmed">Broken Hill</exemplarCity>
			</zone>
			<zone type="Australia/Currie">
				<exemplarCity draft="unconfirmed">Currie</exemplarCity>
			</zone>
			<zone type="Australia/Melbourne">
				<exemplarCity draft="unconfirmed">Melbourne</exemplarCity>
			</zone>
			<zone type="Australia/Hobart">
				<exemplarCity draft="unconfirmed">Hobart</exemplarCity>
			</zone>
			<zone type="Australia/Lindeman">
				<exemplarCity draft="unconfirmed">Lindeman</exemplarCity>
			</zone>
			<zone type="Australia/Sydney">
				<exemplarCity draft="unconfirmed">Sydney</exemplarCity>
			</zone>
			<zone type="Australia/Brisbane">
				<exemplarCity draft="unconfirmed">Brisbane</exemplarCity>
			</zone>
			<zone type="Australia/Lord_Howe">
				<exemplarCity draft="unconfirmed">Lord Howe</exemplarCity>
			</zone>
			<zone type="America/Aruba">
				<exemplarCity draft="unconfirmed">Aruba</exemplarCity>
			</zone>
			<zone type="Europe/Mariehamn">
				<exemplarCity draft="unconfirmed">Mariehamn</exemplarCity>
			</zone>
			<zone type="Asia/Baku">
				<exemplarCity draft="unconfirmed">Baku</exemplarCity>
			</zone>
			<zone type="Europe/Sarajevo">
				<exemplarCity draft="unconfirmed">Sarajevo</exemplarCity>
			</zone>
			<zone type="America/Barbados">
				<exemplarCity draft="unconfirmed">Barbados</exemplarCity>
			</zone>
			<zone type="Asia/Dhaka">
				<exemplarCity draft="unconfirmed">Dhaka</exemplarCity>
			</zone>
			<zone type="Europe/Brussels">
				<exemplarCity draft="unconfirmed">Brwsel</exemplarCity>
			</zone>
			<zone type="Africa/Ouagadougou">
				<exemplarCity draft="unconfirmed">Ouagadougou</exemplarCity>
			</zone>
			<zone type="Asia/Bahrain">
				<exemplarCity draft="unconfirmed">Bahrain</exemplarCity>
			</zone>
			<zone type="Africa/Bujumbura">
				<exemplarCity draft="unconfirmed">Bujumbura</exemplarCity>
			</zone>
			<zone type="Africa/Porto-Novo">
				<exemplarCity draft="unconfirmed">Porto-Novo</exemplarCity>
			</zone>
			<zone type="Atlantic/Bermuda">
				<exemplarCity draft="unconfirmed">Bermuda</exemplarCity>
			</zone>
			<zone type="Asia/Brunei">
				<exemplarCity draft="unconfirmed">Brunei</exemplarCity>
			</zone>
			<zone type="America/La_Paz">
				<exemplarCity draft="unconfirmed">La Paz</exemplarCity>
			</zone>
			<zone type="America/Eirunepe">
				<exemplarCity draft="unconfirmed">Eirunepe</exemplarCity>
			</zone>
			<zone type="America/Rio_Branco">
				<exemplarCity draft="unconfirmed">Rio Branco</exemplarCity>
			</zone>
			<zone type="America/Porto_Velho">
				<exemplarCity draft="unconfirmed">Porto Velho</exemplarCity>
			</zone>
			<zone type="America/Boa_Vista">
				<exemplarCity draft="unconfirmed">Boa Vista</exemplarCity>
			</zone>
			<zone type="America/Manaus">
				<exemplarCity draft="unconfirmed">Manaus</exemplarCity>
			</zone>
			<zone type="America/Cuiaba">
				<exemplarCity draft="unconfirmed">Cuiaba</exemplarCity>
			</zone>
			<zone type="America/Santarem">
				<exemplarCity draft="unconfirmed">Santarem</exemplarCity>
			</zone>
			<zone type="America/Campo_Grande">
				<exemplarCity draft="unconfirmed">Campo Grande</exemplarCity>
			</zone>
			<zone type="America/Belem">
				<exemplarCity draft="unconfirmed">Belem</exemplarCity>
			</zone>
			<zone type="America/Araguaina">
				<exemplarCity draft="unconfirmed">Araguaina</exemplarCity>
			</zone>
			<zone type="America/Sao_Paulo">
				<exemplarCity draft="unconfirmed">Sao Paulo</exemplarCity>
			</zone>
			<zone type="America/Bahia">
				<exemplarCity draft="unconfirmed">Bahia</exemplarCity>
			</zone>
			<zone type="America/Fortaleza">
				<exemplarCity draft="unconfirmed">Fortaleza</exemplarCity>
			</zone>
			<zone type="America/Maceio">
				<exemplarCity draft="unconfirmed">Maceio</exemplarCity>
			</zone>
			<zone type="America/Recife">
				<exemplarCity draft="unconfirmed">Recife</exemplarCity>
			</zone>
			<zone type="America/Noronha">
				<exemplarCity draft="unconfirmed">Noronha</exemplarCity>
			</zone>
			<zone type="America/Nassau">
				<exemplarCity draft="unconfirmed">Nassau</exemplarCity>
			</zone>
			<zone type="Asia/Thimphu">
				<exemplarCity draft="unconfirmed">Thimphu</exemplarCity>
			</zone>
			<zone type="Africa/Gaborone">
				<exemplarCity draft="unconfirmed">Gaborone</exemplarCity>
			</zone>
			<zone type="Europe/Minsk">
				<exemplarCity draft="unconfirmed">Minsk</exemplarCity>
			</zone>
			<zone type="America/Belize">
				<exemplarCity draft="unconfirmed">Belize</exemplarCity>
			</zone>
			<zone type="America/Dawson">
				<exemplarCity draft="unconfirmed">Dawson</exemplarCity>
			</zone>
			<zone type="America/Whitehorse">
				<exemplarCity draft="unconfirmed">Whitehorse</exemplarCity>
			</zone>
			<zone type="America/Inuvik">
				<exemplarCity draft="unconfirmed">Inuvik</exemplarCity>
			</zone>
			<zone type="America/Vancouver">
				<exemplarCity draft="unconfirmed">Vancouver</exemplarCity>
			</zone>
			<zone type="America/Dawson_Creek">
				<exemplarCity draft="unconfirmed">Dawson Creek</exemplarCity>
			</zone>
			<zone type="America/Yellowknife">
				<exemplarCity draft="unconfirmed">Yellowknife</exemplarCity>
			</zone>
			<zone type="America/Edmonton">
				<exemplarCity draft="unconfirmed">Edmonton</exemplarCity>
			</zone>
			<zone type="America/Swift_Current">
				<exemplarCity draft="unconfirmed">Swift Current</exemplarCity>
			</zone>
			<zone type="America/Cambridge_Bay">
				<exemplarCity draft="unconfirmed">Cambridge Bay</exemplarCity>
			</zone>
			<zone type="America/Regina">
				<exemplarCity draft="unconfirmed">Regina</exemplarCity>
			</zone>
			<zone type="America/Winnipeg">
				<exemplarCity draft="unconfirmed">Winnipeg</exemplarCity>
			</zone>
			<zone type="America/Resolute">
				<exemplarCity draft="unconfirmed">Resolute</exemplarCity>
			</zone>
			<zone type="America/Rainy_River">
				<exemplarCity draft="unconfirmed">Rainy River</exemplarCity>
			</zone>
			<zone type="America/Rankin_Inlet">
				<exemplarCity draft="unconfirmed">Rankin Inlet</exemplarCity>
			</zone>
			<zone type="America/Nipigon">
				<exemplarCity draft="unconfirmed">Nipigon</exemplarCity>
			</zone>
			<zone type="America/Toronto">
				<exemplarCity draft="unconfirmed">Toronto</exemplarCity>
			</zone>
			<zone type="America/Montreal">
				<exemplarCity draft="unconfirmed">Montreal</exemplarCity>
			</zone>
			<zone type="America/Iqaluit">
				<exemplarCity draft="unconfirmed">Iqaluit</exemplarCity>
			</zone>
			<zone type="America/Pangnirtung">
				<exemplarCity draft="unconfirmed">Pangnirtung</exemplarCity>
			</zone>
			<zone type="America/Moncton">
				<exemplarCity draft="unconfirmed">Moncton</exemplarCity>
			</zone>
			<zone type="America/Halifax">
				<exemplarCity draft="unconfirmed">Halifax</exemplarCity>
			</zone>
			<zone type="America/Blanc-Sablon">
				<exemplarCity draft="unconfirmed">Blanc-Sablon</exemplarCity>
			</zone>
			<zone type="America/St_Johns">
				<exemplarCity draft="unconfirmed">St. John’s</exemplarCity>
			</zone>
			<zone type="Indian/Cocos">
				<exemplarCity draft="unconfirmed">Cocos</exemplarCity>
			</zone>
			<zone type="Africa/Kinshasa">
				<exemplarCity draft="unconfirmed">Kinshasa</exemplarCity>
			</zone>
			<zone type="Africa/Lubumbashi">
				<exemplarCity draft="unconfirmed">Lubumbashi</exemplarCity>
			</zone>
			<zone type="Africa/Bangui">
				<exemplarCity draft="unconfirmed">Bangui</exemplarCity>
			</zone>
			<zone type="Africa/Brazzaville">
				<exemplarCity draft="unconfirmed">Brazzaville</exemplarCity>
			</zone>
			<zone type="Europe/Zurich">
				<exemplarCity draft="unconfirmed">Zurich</exemplarCity>
			</zone>
			<zone type="Africa/Abidjan">
				<exemplarCity draft="unconfirmed">Abidjan</exemplarCity>
			</zone>
			<zone type="Pacific/Rarotonga">
				<exemplarCity draft="unconfirmed">Rarotonga</exemplarCity>
			</zone>
			<zone type="Africa/Douala">
				<exemplarCity draft="unconfirmed">Douala</exemplarCity>
			</zone>
			<zone type="Asia/Kashgar">
				<exemplarCity draft="unconfirmed">Kashgar</exemplarCity>
			</zone>
			<zone type="Asia/Urumqi">
				<exemplarCity draft="unconfirmed">Urumqi</exemplarCity>
			</zone>
			<zone type="Asia/Chongqing">
				<exemplarCity draft="unconfirmed">Chongqing</exemplarCity>
			</zone>
			<zone type="Asia/Harbin">
				<exemplarCity draft="unconfirmed">Harbin</exemplarCity>
			</zone>
			<zone type="America/Bogota">
				<exemplarCity draft="unconfirmed">Bogota</exemplarCity>
			</zone>
			<zone type="America/Costa_Rica">
				<exemplarCity draft="unconfirmed">Costa Rica</exemplarCity>
			</zone>
			<zone type="America/Havana">
				<exemplarCity draft="unconfirmed">Havana</exemplarCity>
			</zone>
			<zone type="Atlantic/Cape_Verde">
				<exemplarCity draft="unconfirmed">Cape Verde</exemplarCity>
			</zone>
			<zone type="Asia/Nicosia">
				<exemplarCity draft="unconfirmed">Nicosia</exemplarCity>
			</zone>
			<zone type="Europe/Prague">
				<exemplarCity draft="unconfirmed">Prag</exemplarCity>
			</zone>
			<zone type="Europe/Berlin">
				<exemplarCity draft="unconfirmed">Berlin</exemplarCity>
			</zone>
			<zone type="Africa/Djibouti">
				<exemplarCity draft="unconfirmed">Djibouti</exemplarCity>
			</zone>
			<zone type="Europe/Copenhagen">
				<exemplarCity draft="unconfirmed">Copenhagen</exemplarCity>
			</zone>
			<zone type="America/Dominica">
				<exemplarCity draft="unconfirmed">Dominica</exemplarCity>
			</zone>
			<zone type="America/Santo_Domingo">
				<exemplarCity draft="unconfirmed">Santo Domingo</exemplarCity>
			</zone>
			<zone type="Africa/Algiers">
				<exemplarCity draft="unconfirmed">Algiers</exemplarCity>
			</zone>
			<zone type="Pacific/Galapagos">
				<exemplarCity draft="unconfirmed">Galapagos</exemplarCity>
			</zone>
			<zone type="Europe/Tallinn">
				<exemplarCity draft="unconfirmed">Tallinn</exemplarCity>
			</zone>
			<zone type="Africa/Cairo">
				<exemplarCity draft="unconfirmed">Cairo</exemplarCity>
			</zone>
			<zone type="Africa/El_Aaiun">
				<exemplarCity draft="unconfirmed">El Aaiun</exemplarCity>
			</zone>
			<zone type="Atlantic/Canary">
				<exemplarCity draft="unconfirmed">Canary</exemplarCity>
			</zone>
			<zone type="Africa/Ceuta">
				<exemplarCity draft="unconfirmed">Ceuta</exemplarCity>
			</zone>
			<zone type="Africa/Addis_Ababa">
				<exemplarCity draft="unconfirmed">Addis Ababa</exemplarCity>
			</zone>
			<zone type="Europe/Helsinki">
				<exemplarCity draft="unconfirmed">Helsinki</exemplarCity>
			</zone>
			<zone type="Pacific/Fiji">
				<exemplarCity draft="unconfirmed">Fiji</exemplarCity>
			</zone>
			<zone type="Atlantic/Stanley">
				<exemplarCity draft="unconfirmed">Stanley</exemplarCity>
			</zone>
			<zone type="Pacific/Kosrae">
				<exemplarCity draft="unconfirmed">Kosrae</exemplarCity>
			</zone>
			<zone type="Europe/Paris">
				<exemplarCity draft="unconfirmed">Paris</exemplarCity>
			</zone>
			<zone type="Europe/London">
				<exemplarCity draft="unconfirmed">Llundain</exemplarCity>
			</zone>
			<zone type="America/Grenada">
				<exemplarCity draft="unconfirmed">Grenada</exemplarCity>
			</zone>
			<zone type="Asia/Tbilisi">
				<exemplarCity draft="unconfirmed">Tbilisi</exemplarCity>
			</zone>
			<zone type="America/Cayenne">
				<exemplarCity draft="unconfirmed">Cayenne</exemplarCity>
			</zone>
			<zone type="Europe/Guernsey">
				<exemplarCity draft="unconfirmed">Guernsey</exemplarCity>
			</zone>
			<zone type="Africa/Accra">
				<exemplarCity draft="unconfirmed">Accra</exemplarCity>
			</zone>
			<zone type="Europe/Gibraltar">
				<exemplarCity draft="unconfirmed">Gibraltar</exemplarCity>
			</zone>
			<zone type="America/Thule">
				<exemplarCity draft="unconfirmed">Thule</exemplarCity>
			</zone>
			<zone type="America/Scoresbysund">
				<exemplarCity draft="unconfirmed">Scoresbysund</exemplarCity>
			</zone>
			<zone type="America/Danmarkshavn">
				<exemplarCity draft="unconfirmed">Danmarkshavn</exemplarCity>
			</zone>
			<zone type="Africa/Banjul">
				<exemplarCity draft="unconfirmed">Banjul</exemplarCity>
			</zone>
			<zone type="Africa/Conakry">
				<exemplarCity draft="unconfirmed">Conakry</exemplarCity>
			</zone>
			<zone type="America/Guadeloupe">
				<exemplarCity draft="unconfirmed">Guadeloupe</exemplarCity>
			</zone>
			<zone type="Africa/Malabo">
				<exemplarCity draft="unconfirmed">Malabo</exemplarCity>
			</zone>
			<zone type="Europe/Athens">
				<exemplarCity draft="unconfirmed">Athen</exemplarCity>
			</zone>
			<zone type="Atlantic/South_Georgia">
				<exemplarCity draft="unconfirmed">De Georgia</exemplarCity>
			</zone>
			<zone type="America/Guatemala">
				<exemplarCity draft="unconfirmed">Guatemala</exemplarCity>
			</zone>
			<zone type="Pacific/Guam">
				<exemplarCity draft="unconfirmed">Guam</exemplarCity>
			</zone>
			<zone type="Africa/Bissau">
				<exemplarCity draft="unconfirmed">Bissau</exemplarCity>
			</zone>
			<zone type="America/Guyana">
				<exemplarCity draft="unconfirmed">Guyana</exemplarCity>
			</zone>
			<zone type="Asia/Hong_Kong">
				<exemplarCity draft="unconfirmed">Hong Kong</exemplarCity>
			</zone>
			<zone type="America/Tegucigalpa">
				<exemplarCity draft="unconfirmed">Tegucigalpa</exemplarCity>
			</zone>
			<zone type="Europe/Zagreb">
				<exemplarCity draft="unconfirmed">Zagreb</exemplarCity>
			</zone>
			<zone type="America/Port-au-Prince">
				<exemplarCity draft="unconfirmed">Port-au-Prince</exemplarCity>
			</zone>
			<zone type="Europe/Budapest">
				<exemplarCity draft="unconfirmed">Budapest</exemplarCity>
			</zone>
			<zone type="Asia/Jakarta">
				<exemplarCity draft="unconfirmed">Jakarta</exemplarCity>
			</zone>
			<zone type="Asia/Pontianak">
				<exemplarCity draft="unconfirmed">Pontianak</exemplarCity>
			</zone>
			<zone type="Asia/Makassar">
				<exemplarCity draft="unconfirmed">Makassar</exemplarCity>
			</zone>
			<zone type="Asia/Jayapura">
				<exemplarCity draft="unconfirmed">Jayapura</exemplarCity>
			</zone>
			<zone type="Europe/Dublin">
				<exemplarCity draft="unconfirmed">Dulyn</exemplarCity>
			</zone>
			<zone type="Asia/Jerusalem">
				<exemplarCity draft="unconfirmed">Jerwsalem</exemplarCity>
			</zone>
			<zone type="Europe/Isle_of_Man">
				<exemplarCity draft="unconfirmed">Ynys Manaw</exemplarCity>
			</zone>
			<zone type="Indian/Chagos">
				<exemplarCity draft="unconfirmed">Chagos</exemplarCity>
			</zone>
			<zone type="Asia/Baghdad">
				<exemplarCity draft="unconfirmed">Baghdad</exemplarCity>
			</zone>
			<zone type="Asia/Tehran">
				<exemplarCity draft="unconfirmed">Tehran</exemplarCity>
			</zone>
			<zone type="Atlantic/Reykjavik">
				<exemplarCity draft="unconfirmed">Reykjavik</exemplarCity>
			</zone>
			<zone type="Europe/Rome">
				<exemplarCity draft="unconfirmed">Rhufain</exemplarCity>
			</zone>
			<zone type="Europe/Jersey">
				<exemplarCity draft="unconfirmed">Jersey</exemplarCity>
			</zone>
			<zone type="America/Jamaica">
				<exemplarCity draft="unconfirmed">Jamaica</exemplarCity>
			</zone>
			<zone type="Asia/Amman">
				<exemplarCity draft="unconfirmed">Amman</exemplarCity>
			</zone>
			<zone type="Asia/Tokyo">
				<exemplarCity draft="unconfirmed">Tokyo</exemplarCity>
			</zone>
			<zone type="Africa/Nairobi">
				<exemplarCity draft="unconfirmed">Nairobi</exemplarCity>
			</zone>
			<zone type="Asia/Bishkek">
				<exemplarCity draft="unconfirmed">Bishkek</exemplarCity>
			</zone>
			<zone type="Asia/Phnom_Penh">
				<exemplarCity draft="unconfirmed">Phnom Penh</exemplarCity>
			</zone>
			<zone type="Pacific/Enderbury">
				<exemplarCity draft="unconfirmed">Enderbury</exemplarCity>
			</zone>
			<zone type="Pacific/Kiritimati">
				<exemplarCity draft="unconfirmed">Kiritimati</exemplarCity>
			</zone>
			<zone type="Pacific/Tarawa">
				<exemplarCity draft="unconfirmed">Tarawa</exemplarCity>
			</zone>
			<zone type="Indian/Comoro">
				<exemplarCity draft="unconfirmed">Comoro</exemplarCity>
			</zone>
			<zone type="Asia/Pyongyang">
				<exemplarCity draft="unconfirmed">Pyongyang</exemplarCity>
			</zone>
			<zone type="Asia/Seoul">
				<exemplarCity draft="unconfirmed">Seoul</exemplarCity>
			</zone>
			<zone type="Asia/Kuwait">
				<exemplarCity draft="unconfirmed">Kuwait</exemplarCity>
			</zone>
			<zone type="America/Cayman">
				<exemplarCity draft="unconfirmed">Cayman</exemplarCity>
			</zone>
			<zone type="Asia/Aqtau">
				<exemplarCity draft="unconfirmed">Aqtau</exemplarCity>
			</zone>
			<zone type="Asia/Oral">
				<exemplarCity draft="unconfirmed">Oral</exemplarCity>
			</zone>
			<zone type="Asia/Aqtobe">
				<exemplarCity draft="unconfirmed">Aqtobe</exemplarCity>
			</zone>
			<zone type="Asia/Qyzylorda">
				<exemplarCity draft="unconfirmed">Qyzylorda</exemplarCity>
			</zone>
			<zone type="Asia/Almaty">
				<exemplarCity draft="unconfirmed">Almaty</exemplarCity>
			</zone>
			<zone type="Asia/Vientiane">
				<exemplarCity draft="unconfirmed">Vientiane</exemplarCity>
			</zone>
			<zone type="Asia/Beirut">
				<exemplarCity draft="unconfirmed">Beirut</exemplarCity>
			</zone>
			<zone type="Europe/Vaduz">
				<exemplarCity draft="unconfirmed">Vaduz</exemplarCity>
			</zone>
			<zone type="Asia/Colombo">
				<exemplarCity draft="unconfirmed">Colombo</exemplarCity>
			</zone>
			<zone type="Africa/Monrovia">
				<exemplarCity draft="unconfirmed">Monrovia</exemplarCity>
			</zone>
			<zone type="Africa/Maseru">
				<exemplarCity draft="unconfirmed">Maseru</exemplarCity>
			</zone>
			<zone type="Europe/Vilnius">
				<exemplarCity draft="unconfirmed">Vilnius</exemplarCity>
			</zone>
			<zone type="Europe/Luxembourg">
				<exemplarCity draft="unconfirmed">Lwcsembwrg</exemplarCity>
			</zone>
			<zone type="Europe/Riga">
				<exemplarCity draft="unconfirmed">Riga</exemplarCity>
			</zone>
			<zone type="Africa/Tripoli">
				<exemplarCity draft="unconfirmed">Tripoli</exemplarCity>
			</zone>
			<zone type="Africa/Casablanca">
				<exemplarCity draft="unconfirmed">Casablanca</exemplarCity>
			</zone>
			<zone type="Europe/Monaco">
				<exemplarCity draft="unconfirmed">Monaco</exemplarCity>
			</zone>
			<zone type="Europe/Chisinau">
				<exemplarCity draft="unconfirmed">Chisinau</exemplarCity>
			</zone>
			<zone type="Europe/Podgorica">
				<exemplarCity draft="unconfirmed">Podgorica</exemplarCity>
			</zone>
			<zone type="America/Marigot">
				<exemplarCity draft="unconfirmed">Marigot</exemplarCity>
			</zone>
			<zone type="Indian/Antananarivo">
				<exemplarCity draft="unconfirmed">Antananarivo</exemplarCity>
			</zone>
			<zone type="Pacific/Kwajalein">
				<exemplarCity draft="unconfirmed">Kwajalein</exemplarCity>
			</zone>
			<zone type="Europe/Skopje">
				<exemplarCity draft="unconfirmed">Skopje</exemplarCity>
			</zone>
			<zone type="Asia/Rangoon">
				<exemplarCity draft="unconfirmed">Rangoon</exemplarCity>
			</zone>
			<zone type="Asia/Hovd">
				<exemplarCity draft="unconfirmed">Hovd</exemplarCity>
			</zone>
			<zone type="Asia/Ulaanbaatar">
				<exemplarCity draft="unconfirmed">Ulaanbaatar</exemplarCity>
			</zone>
			<zone type="Asia/Choibalsan">
				<exemplarCity draft="unconfirmed">Choibalsan</exemplarCity>
			</zone>
			<zone type="Asia/Macau">
				<exemplarCity draft="unconfirmed">Macau</exemplarCity>
			</zone>
			<zone type="Pacific/Saipan">
				<exemplarCity draft="unconfirmed">Saipan</exemplarCity>
			</zone>
			<zone type="America/Martinique">
				<exemplarCity draft="unconfirmed">Martinique</exemplarCity>
			</zone>
			<zone type="Africa/Nouakchott">
				<exemplarCity draft="unconfirmed">Nouakchott</exemplarCity>
			</zone>
			<zone type="America/Montserrat">
				<exemplarCity draft="unconfirmed">Montserrat</exemplarCity>
			</zone>
			<zone type="Europe/Malta">
				<exemplarCity draft="unconfirmed">Malta</exemplarCity>
			</zone>
			<zone type="Indian/Mauritius">
				<exemplarCity draft="unconfirmed">Mauritius</exemplarCity>
			</zone>
			<zone type="Indian/Maldives">
				<exemplarCity draft="unconfirmed">Maldives</exemplarCity>
			</zone>
			<zone type="Africa/Blantyre">
				<exemplarCity draft="unconfirmed">Blantyre</exemplarCity>
			</zone>
			<zone type="America/Tijuana">
				<exemplarCity draft="unconfirmed">Tijuana</exemplarCity>
			</zone>
			<zone type="America/Hermosillo">
				<exemplarCity draft="unconfirmed">Hermosillo</exemplarCity>
			</zone>
			<zone type="America/Mazatlan">
				<exemplarCity draft="unconfirmed">Mazatlan</exemplarCity>
			</zone>
			<zone type="America/Chihuahua">
				<exemplarCity draft="unconfirmed">Chihuahua</exemplarCity>
			</zone>
			<zone type="America/Monterrey">
				<exemplarCity draft="unconfirmed">Monterrey</exemplarCity>
			</zone>
			<zone type="America/Mexico_City">
				<exemplarCity draft="unconfirmed">Dinas Mecsico</exemplarCity>
			</zone>
			<zone type="America/Merida">
				<exemplarCity draft="unconfirmed">Merida</exemplarCity>
			</zone>
			<zone type="America/Cancun">
				<exemplarCity draft="unconfirmed">Cancun</exemplarCity>
			</zone>
			<zone type="Asia/Kuching">
				<exemplarCity draft="unconfirmed">Kuching</exemplarCity>
			</zone>
			<zone type="Africa/Maputo">
				<exemplarCity draft="unconfirmed">Maputo</exemplarCity>
			</zone>
			<zone type="Africa/Windhoek">
				<exemplarCity draft="unconfirmed">Windhoek</exemplarCity>
			</zone>
			<zone type="Pacific/Noumea">
				<exemplarCity draft="unconfirmed">Noumea</exemplarCity>
			</zone>
			<zone type="Africa/Niamey">
				<exemplarCity draft="unconfirmed">Niamey</exemplarCity>
			</zone>
			<zone type="Pacific/Norfolk">
				<exemplarCity draft="unconfirmed">Norfolk</exemplarCity>
			</zone>
			<zone type="Africa/Lagos">
				<exemplarCity draft="unconfirmed">Lagos</exemplarCity>
			</zone>
			<zone type="America/Managua">
				<exemplarCity draft="unconfirmed">Managua</exemplarCity>
			</zone>
			<zone type="Europe/Amsterdam">
				<exemplarCity draft="unconfirmed">Amsterdam</exemplarCity>
			</zone>
			<zone type="Europe/Oslo">
				<exemplarCity draft="unconfirmed">Oslo</exemplarCity>
			</zone>
			<zone type="Pacific/Nauru">
				<exemplarCity draft="unconfirmed">Nauru</exemplarCity>
			</zone>
			<zone type="Pacific/Niue">
				<exemplarCity draft="unconfirmed">Niue</exemplarCity>
			</zone>
			<zone type="Pacific/Chatham">
				<exemplarCity draft="unconfirmed">Chatham</exemplarCity>
			</zone>
			<zone type="Asia/Muscat">
				<exemplarCity draft="unconfirmed">Muscat</exemplarCity>
			</zone>
			<zone type="America/Panama">
				<exemplarCity draft="unconfirmed">Panama</exemplarCity>
			</zone>
			<zone type="America/Lima">
				<exemplarCity draft="unconfirmed">Lima</exemplarCity>
			</zone>
			<zone type="Pacific/Marquesas">
				<exemplarCity draft="unconfirmed">Marquesas</exemplarCity>
			</zone>
			<zone type="Pacific/Gambier">
				<exemplarCity draft="unconfirmed">Gambier</exemplarCity>
			</zone>
			<zone type="Pacific/Port_Moresby">
				<exemplarCity draft="unconfirmed">Port Moresby</exemplarCity>
			</zone>
			<zone type="Asia/Manila">
				<exemplarCity draft="unconfirmed">Manila</exemplarCity>
			</zone>
			<zone type="Asia/Karachi">
				<exemplarCity draft="unconfirmed">Karachi</exemplarCity>
			</zone>
			<zone type="Europe/Warsaw">
				<exemplarCity draft="unconfirmed">Warsaw</exemplarCity>
			</zone>
			<zone type="America/Miquelon">
				<exemplarCity draft="unconfirmed">Miquelon</exemplarCity>
			</zone>
			<zone type="Pacific/Pitcairn">
				<exemplarCity draft="unconfirmed">Pitcairn</exemplarCity>
			</zone>
			<zone type="America/Puerto_Rico">
				<exemplarCity draft="unconfirmed">Puerto Rico</exemplarCity>
			</zone>
			<zone type="Asia/Gaza">
				<exemplarCity draft="unconfirmed">Gaza</exemplarCity>
			</zone>
			<zone type="Atlantic/Azores">
				<exemplarCity draft="unconfirmed">Azores</exemplarCity>
			</zone>
			<zone type="Atlantic/Madeira">
				<exemplarCity draft="unconfirmed">Madeira</exemplarCity>
			</zone>
			<zone type="Pacific/Palau">
				<exemplarCity draft="unconfirmed">Palau</exemplarCity>
			</zone>
			<zone type="America/Asuncion">
				<exemplarCity draft="unconfirmed">Asuncion</exemplarCity>
			</zone>
			<zone type="Asia/Qatar">
				<exemplarCity draft="unconfirmed">Qatar</exemplarCity>
			</zone>
			<zone type="Indian/Reunion">
				<exemplarCity draft="unconfirmed">Reunion</exemplarCity>
			</zone>
			<zone type="Europe/Bucharest">
				<exemplarCity draft="unconfirmed">Bucharest</exemplarCity>
			</zone>
			<zone type="Europe/Belgrade">
				<exemplarCity draft="unconfirmed">Belgrade</exemplarCity>
			</zone>
			<zone type="Europe/Kaliningrad">
				<exemplarCity draft="unconfirmed">Kaliningrad</exemplarCity>
			</zone>
			<zone type="Europe/Moscow">
				<exemplarCity draft="unconfirmed">Mosgo</exemplarCity>
			</zone>
			<zone type="Europe/Volgograd">
				<exemplarCity draft="unconfirmed">Volgograd</exemplarCity>
			</zone>
			<zone type="Europe/Samara">
				<exemplarCity draft="unconfirmed">Samara</exemplarCity>
			</zone>
			<zone type="Asia/Yekaterinburg">
				<exemplarCity draft="unconfirmed">Yekaterinburg</exemplarCity>
			</zone>
			<zone type="Asia/Omsk">
				<exemplarCity draft="unconfirmed">Omsk</exemplarCity>
			</zone>
			<zone type="Asia/Novosibirsk">
				<exemplarCity draft="unconfirmed">Novosibirsk</exemplarCity>
			</zone>
			<zone type="Asia/Krasnoyarsk">
				<exemplarCity draft="unconfirmed">Krasnoyarsk</exemplarCity>
			</zone>
			<zone type="Asia/Irkutsk">
				<exemplarCity draft="unconfirmed">Irkutsk</exemplarCity>
			</zone>
			<zone type="Asia/Yakutsk">
				<exemplarCity draft="unconfirmed">Yakutsk</exemplarCity>
			</zone>
			<zone type="Asia/Vladivostok">
				<exemplarCity draft="unconfirmed">Vladivostok</exemplarCity>
			</zone>
			<zone type="Asia/Sakhalin">
				<exemplarCity draft="unconfirmed">Sakhalin</exemplarCity>
			</zone>
			<zone type="Asia/Magadan">
				<exemplarCity draft="unconfirmed">Magadan</exemplarCity>
			</zone>
			<zone type="Asia/Kamchatka">
				<exemplarCity draft="unconfirmed">Kamchatka</exemplarCity>
			</zone>
			<zone type="Asia/Anadyr">
				<exemplarCity draft="unconfirmed">Anadyr</exemplarCity>
			</zone>
			<zone type="Africa/Kigali">
				<exemplarCity draft="unconfirmed">Kigali</exemplarCity>
			</zone>
			<zone type="Asia/Riyadh">
				<exemplarCity draft="unconfirmed">Riyadh</exemplarCity>
			</zone>
			<zone type="Pacific/Guadalcanal">
				<exemplarCity draft="unconfirmed">Guadalcanal</exemplarCity>
			</zone>
			<zone type="Indian/Mahe">
				<exemplarCity draft="unconfirmed">Mahe</exemplarCity>
			</zone>
			<zone type="Africa/Khartoum">
				<exemplarCity draft="unconfirmed">Khartoum</exemplarCity>
			</zone>
			<zone type="Europe/Stockholm">
				<exemplarCity draft="unconfirmed">Stockholm</exemplarCity>
			</zone>
			<zone type="Asia/Singapore">
				<exemplarCity draft="unconfirmed">Singapore</exemplarCity>
			</zone>
			<zone type="Europe/Ljubljana">
				<exemplarCity draft="unconfirmed">Ljubljana</exemplarCity>
			</zone>
			<zone type="Arctic/Longyearbyen">
				<exemplarCity draft="unconfirmed">Longyearbyen</exemplarCity>
			</zone>
			<zone type="Europe/Bratislava">
				<exemplarCity draft="unconfirmed">Bratislava</exemplarCity>
			</zone>
			<zone type="Africa/Freetown">
				<exemplarCity draft="unconfirmed">Freetown</exemplarCity>
			</zone>
			<zone type="Europe/San_Marino">
				<exemplarCity draft="unconfirmed">San Marino</exemplarCity>
			</zone>
			<zone type="Africa/Dakar">
				<exemplarCity draft="unconfirmed">Dakar</exemplarCity>
			</zone>
			<zone type="Africa/Mogadishu">
				<exemplarCity draft="unconfirmed">Mogadishu</exemplarCity>
			</zone>
			<zone type="America/Paramaribo">
				<exemplarCity draft="unconfirmed">Paramaribo</exemplarCity>
			</zone>
			<zone type="Africa/Sao_Tome">
				<exemplarCity draft="unconfirmed">Sao Tome</exemplarCity>
			</zone>
			<zone type="America/El_Salvador">
				<exemplarCity draft="unconfirmed">El Salvador</exemplarCity>
			</zone>
			<zone type="Asia/Damascus">
				<exemplarCity draft="unconfirmed">Damascus</exemplarCity>
			</zone>
			<zone type="Africa/Mbabane">
				<exemplarCity draft="unconfirmed">Mbabane</exemplarCity>
			</zone>
			<zone type="America/Grand_Turk">
				<exemplarCity draft="unconfirmed">Grand Turk</exemplarCity>
			</zone>
			<zone type="Africa/Ndjamena">
				<exemplarCity draft="unconfirmed">Ndjamena</exemplarCity>
			</zone>
			<zone type="Indian/Kerguelen">
				<exemplarCity draft="unconfirmed">Kerguelen</exemplarCity>
			</zone>
			<zone type="Africa/Lome">
				<exemplarCity draft="unconfirmed">Lome</exemplarCity>
			</zone>
			<zone type="Asia/Bangkok">
				<exemplarCity draft="unconfirmed">Bangkok</exemplarCity>
			</zone>
			<zone type="Asia/Dushanbe">
				<exemplarCity draft="unconfirmed">Dushanbe</exemplarCity>
			</zone>
			<zone type="Pacific/Fakaofo">
				<exemplarCity draft="unconfirmed">Fakaofo</exemplarCity>
			</zone>
			<zone type="Asia/Dili">
				<exemplarCity draft="unconfirmed">Dili</exemplarCity>
			</zone>
			<zone type="Asia/Ashgabat">
				<exemplarCity draft="unconfirmed">Ashgabat</exemplarCity>
			</zone>
			<zone type="Africa/Tunis">
				<exemplarCity draft="unconfirmed">Tunis</exemplarCity>
			</zone>
			<zone type="Pacific/Tongatapu">
				<exemplarCity draft="unconfirmed">Tongatapu</exemplarCity>
			</zone>
			<zone type="Europe/Istanbul">
				<exemplarCity draft="unconfirmed">Istanbwl</exemplarCity>
			</zone>
			<zone type="America/Port_of_Spain">
				<exemplarCity draft="unconfirmed">Port of Spain</exemplarCity>
			</zone>
			<zone type="Pacific/Funafuti">
				<exemplarCity draft="unconfirmed">Funafuti</exemplarCity>
			</zone>
			<zone type="Asia/Taipei">
				<exemplarCity draft="unconfirmed">Taipei</exemplarCity>
			</zone>
			<zone type="Africa/Dar_es_Salaam">
				<exemplarCity draft="unconfirmed">Dar es Salaam</exemplarCity>
			</zone>
			<zone type="Europe/Uzhgorod">
				<exemplarCity draft="unconfirmed">Uzhgorod</exemplarCity>
			</zone>
			<zone type="Europe/Simferopol">
				<exemplarCity draft="unconfirmed">Simferopol</exemplarCity>
			</zone>
			<zone type="Europe/Zaporozhye">
				<exemplarCity draft="unconfirmed">Zaporozhye</exemplarCity>
			</zone>
			<zone type="Africa/Kampala">
				<exemplarCity draft="unconfirmed">Kampala</exemplarCity>
			</zone>
			<zone type="Pacific/Midway">
				<exemplarCity draft="unconfirmed">Midway</exemplarCity>
			</zone>
			<zone type="Pacific/Johnston">
				<exemplarCity draft="unconfirmed">Johnston</exemplarCity>
			</zone>
			<zone type="Pacific/Wake">
				<exemplarCity draft="unconfirmed">Wake</exemplarCity>
			</zone>
			<zone type="America/Adak">
				<exemplarCity draft="unconfirmed">Adak</exemplarCity>
			</zone>
			<zone type="America/Nome">
				<exemplarCity draft="unconfirmed">Nome</exemplarCity>
			</zone>
			<zone type="Pacific/Honolulu">
				<exemplarCity draft="unconfirmed">Honolulu</exemplarCity>
			</zone>
			<zone type="America/Anchorage">
				<exemplarCity draft="unconfirmed">Anchorage</exemplarCity>
			</zone>
			<zone type="America/Yakutat">
				<exemplarCity draft="unconfirmed">Yakutat</exemplarCity>
			</zone>
			<zone type="America/Juneau">
				<exemplarCity draft="unconfirmed">Juneau</exemplarCity>
			</zone>
			<zone type="America/Los_Angeles">
				<exemplarCity draft="unconfirmed">Los Angeles</exemplarCity>
			</zone>
			<zone type="America/Boise">
				<exemplarCity draft="unconfirmed">Boise</exemplarCity>
			</zone>
			<zone type="America/Phoenix">
				<exemplarCity draft="unconfirmed">Phoenix</exemplarCity>
			</zone>
			<zone type="America/Shiprock">
				<exemplarCity draft="unconfirmed">Shiprock</exemplarCity>
			</zone>
			<zone type="America/Denver">
				<exemplarCity draft="unconfirmed">Denver</exemplarCity>
			</zone>
			<zone type="America/North_Dakota/New_Salem">
				<exemplarCity draft="unconfirmed">Salem Newydd, Gogledd Dakota</exemplarCity>
			</zone>
			<zone type="America/North_Dakota/Center">
				<exemplarCity draft="unconfirmed">Center, Gogledd Dakota</exemplarCity>
			</zone>
			<zone type="America/Chicago">
				<exemplarCity draft="unconfirmed">Chicago</exemplarCity>
			</zone>
			<zone type="America/Menominee">
				<exemplarCity draft="unconfirmed">Menominee</exemplarCity>
			</zone>
			<zone type="America/Indiana/Tell_City">
				<exemplarCity draft="unconfirmed">Dinas Tell, Indiana</exemplarCity>
			</zone>
			<zone type="America/Indianapolis">
				<exemplarCity draft="unconfirmed">Indianapolis</exemplarCity>
			</zone>
			<zone type="America/Louisville">
				<exemplarCity draft="unconfirmed">Louisville</exemplarCity>
			</zone>
			<zone type="America/Detroit">
				<exemplarCity draft="unconfirmed">Detroit</exemplarCity>
			</zone>
			<zone type="America/New_York">
				<exemplarCity draft="unconfirmed">Efrog Newydd</exemplarCity>
			</zone>
			<zone type="America/Montevideo">
				<exemplarCity draft="unconfirmed">Montevideo</exemplarCity>
			</zone>
			<zone type="Asia/Samarkand">
				<exemplarCity draft="unconfirmed">Samarkand</exemplarCity>
			</zone>
			<zone type="Europe/Vatican">
				<exemplarCity draft="unconfirmed">y Fatican</exemplarCity>
			</zone>
			<zone type="America/Caracas">
				<exemplarCity draft="unconfirmed">Caracas</exemplarCity>
			</zone>
			<zone type="America/Tortola">
				<exemplarCity draft="unconfirmed">Tortola</exemplarCity>
			</zone>
			<zone type="Pacific/Efate">
				<exemplarCity draft="unconfirmed">Efate</exemplarCity>
			</zone>
			<zone type="Pacific/Wallis">
				<exemplarCity draft="unconfirmed">Wallis</exemplarCity>
			</zone>
			<zone type="Pacific/Apia">
				<exemplarCity draft="unconfirmed">Apia</exemplarCity>
			</zone>
			<zone type="Asia/Aden">
				<exemplarCity draft="unconfirmed">Aden</exemplarCity>
			</zone>
			<zone type="Indian/Mayotte">
				<exemplarCity draft="unconfirmed">Mayotte</exemplarCity>
			</zone>
			<zone type="Africa/Johannesburg">
				<exemplarCity draft="unconfirmed">Johannesburg</exemplarCity>
			</zone>
			<zone type="Africa/Lusaka">
				<exemplarCity draft="unconfirmed">Lusaka</exemplarCity>
			</zone>
			<zone type="Africa/Harare">
				<exemplarCity draft="unconfirmed">Harare</exemplarCity>
			</zone>
		</timeZoneNames>
	</dates>
	<numbers>
		<currencyFormats>
			<currencyFormatLength>
				<currencyFormat>
					<pattern draft="provisional">¤#,##0.00</pattern>
				</currencyFormat>
			</currencyFormatLength>
		</currencyFormats>
		<currencies>
			<currency type="ARS">
				<displayName draft="unconfirmed">Peso yr Ariannin</displayName>
			</currency>
			<currency type="AUD">
				<displayName draft="unconfirmed">doler Awstralia</displayName>
			</currency>
			<currency type="BRL">
				<displayName>Real Brasil</displayName>
			</currency>
			<currency type="BSD">
				<displayName draft="unconfirmed">Doler y Bahamas</displayName>
			</currency>
			<currency type="CAD">
				<displayName draft="unconfirmed">Doler Canada</displayName>
			</currency>
			<currency type="CHF">
				<displayName draft="unconfirmed">Ffranc y Swistir</displayName>
			</currency>
			<currency type="CNY">
				<displayName>Yuan Renminbi Tseina</displayName>
			</currency>
			<currency type="EUR">
				<displayName>Ewro</displayName>
			</currency>
			<currency type="GBP">
				<displayName>Punt Sterling Prydain</displayName>
			</currency>
			<currency type="INR">
				<displayName>Rwpî India</displayName>
			</currency>
			<currency type="JPY">
				<displayName>Yen Siapan</displayName>
			</currency>
			<currency type="KRW">
				<displayName draft="unconfirmed">Won De Corea</displayName>
			</currency>
			<currency type="MXN">
				<displayName draft="unconfirmed">Peso Mecsico</displayName>
			</currency>
			<currency type="RUB">
				<displayName>Rwbl Rwsia</displayName>
			</currency>
			<currency type="TRY">
				<displayName draft="unconfirmed">Lira Twrci</displayName>
			</currency>
			<currency type="USD">
				<displayName>Doler yr UDA</displayName>
			</currency>
			<currency type="ZAR">
				<displayName draft="unconfirmed">Rand De Affrica</displayName>
			</currency>
		</currencies>
	</numbers>
</ldml>

