<?xml version="1.0" encoding="UTF-8" ?>
<!DOCTYPE ldml SYSTEM "../../common/dtd/ldml.dtd">
<ldml>
	<identity>
		<version number="$Revision: 5719 $"/>
		<generation date="$Date: 2011-04-28 00:24:47 -0500 (Thu, 28 Apr 2011) $"/>
		<language type="de"/>
		<territory type="LI"/>
	</identity>
	<numbers>
		<symbols numberSystem="latn">
			<decimal>.</decimal>
			<group>'</group>
		</symbols>
		<currencyFormats>
			<currencyFormatLength>
				<currencyFormat>
					<pattern>¤ #,##0.00</pattern>
				</currencyFormat>
			</currencyFormatLength>
		</currencyFormats>
	</numbers>
</ldml>
