<?xml version="1.0" encoding="UTF-8" ?>
<!DOCTYPE ldml SYSTEM "../../common/dtd/ldml.dtd">
<ldml>
	<identity>
		<version number="$Revision: 5962 $"/>
		<generation date="$Date: 2011-07-05 00:24:38 -0500 (Tue, 05 Jul 2011) $"/>
		<language type="en"/>
		<territory type="HK"/>
	</identity>
	<dates>
		<calendars>
			<calendar type="buddhist">
				<dateFormats>
					<dateFormatLength type="full">
						<dateFormat>
							<pattern>EEEE, d MMMM, y G</pattern>
						</dateFormat>
					</dateFormatLength>
					<dateFormatLength type="long">
						<dateFormat>
							<pattern>d MMMM, y G</pattern>
						</dateFormat>
					</dateFormatLength>
					<dateFormatLength type="medium">
						<dateFormat>
							<pattern>d MMM, y G</pattern>
						</dateFormat>
					</dateFormatLength>
					<dateFormatLength type="short">
						<dateFormat>
							<pattern>d/M/yy GGGGG</pattern>
						</dateFormat>
					</dateFormatLength>
				</dateFormats>
				<dateTimeFormats>
					<availableFormats>
						<dateFormatItem id="Md">d/M</dateFormatItem>
						<dateFormatItem id="MEd">E, d/M</dateFormatItem>
						<dateFormatItem id="MMMd">d MMM</dateFormatItem>
						<dateFormatItem id="MMMEd">E d MMM</dateFormatItem>
						<dateFormatItem id="MMMMd">d MMMM</dateFormatItem>
						<dateFormatItem id="MMMMEd">E d MMMM</dateFormatItem>
						<dateFormatItem id="yMd">d/M/y</dateFormatItem>
						<dateFormatItem id="yMEd">EEE, d/M/y</dateFormatItem>
						<dateFormatItem id="yMMMd">d MMM, y</dateFormatItem>
						<dateFormatItem id="yMMMEd">EEE, d MMM, y</dateFormatItem>
					</availableFormats>
				</dateTimeFormats>
			</calendar>
			<calendar type="gregorian">
				<dateFormats>
					<dateFormatLength type="full">
						<dateFormat>
							<pattern>EEEE, d MMMM, y</pattern>
						</dateFormat>
					</dateFormatLength>
					<dateFormatLength type="long">
						<dateFormat>
							<pattern>d MMMM, y</pattern>
						</dateFormat>
					</dateFormatLength>
					<dateFormatLength type="medium">
						<dateFormat>
							<pattern>d MMM, y</pattern>
						</dateFormat>
					</dateFormatLength>
					<dateFormatLength type="short">
						<dateFormat>
							<pattern>d/M/yy</pattern>
						</dateFormat>
					</dateFormatLength>
				</dateFormats>
				<timeFormats>
					<timeFormatLength type="full">
						<timeFormat>
							<pattern>h:mm:ss a zzzz</pattern>
						</timeFormat>
					</timeFormatLength>
					<timeFormatLength type="long">
						<timeFormat>
							<pattern>h:mm:ss a z</pattern>
						</timeFormat>
					</timeFormatLength>
					<timeFormatLength type="medium">
						<timeFormat>
							<pattern>h:mm:ss a</pattern>
						</timeFormat>
					</timeFormatLength>
					<timeFormatLength type="short">
						<timeFormat>
							<pattern>h:mm a</pattern>
						</timeFormat>
					</timeFormatLength>
				</timeFormats>
				<dateTimeFormats>
					<availableFormats>
						<dateFormatItem id="Md">d/M</dateFormatItem>
						<dateFormatItem id="MEd">E, d/M</dateFormatItem>
						<dateFormatItem id="MMMd">d MMM</dateFormatItem>
						<dateFormatItem id="MMMEd">E, d MMM</dateFormatItem>
						<dateFormatItem id="MMMMd">d MMMM</dateFormatItem>
						<dateFormatItem id="MMMMEd">E, d MMMM</dateFormatItem>
						<dateFormatItem id="yMd">d/M/y</dateFormatItem>
						<dateFormatItem id="yMEd">EEE, d/M/yyyy</dateFormatItem>
						<dateFormatItem id="yMMMd">d MMM, y</dateFormatItem>
						<dateFormatItem id="yMMMEd">EEE, d MMM, y</dateFormatItem>
					</availableFormats>
					<intervalFormats>
						<intervalFormatItem id="Md">
							<greatestDifference id="d">d/M – d/M</greatestDifference>
							<greatestDifference id="M">d/M – d/M</greatestDifference>
						</intervalFormatItem>
						<intervalFormatItem id="MEd">
							<greatestDifference id="d">E, d/M – E, d/M</greatestDifference>
							<greatestDifference id="M">E, d/M – E, d/M</greatestDifference>
						</intervalFormatItem>
						<intervalFormatItem id="MMMd">
							<greatestDifference id="d">d–d MMM</greatestDifference>
							<greatestDifference id="M">d MMM – d MMM</greatestDifference>
						</intervalFormatItem>
						<intervalFormatItem id="MMMEd">
							<greatestDifference id="d">E, d MMM – E, d MMM</greatestDifference>
							<greatestDifference id="M">E, d MMM – E, d MMM</greatestDifference>
						</intervalFormatItem>
						<intervalFormatItem id="yMd">
							<greatestDifference id="d">d/M/yy – d/M/yy</greatestDifference>
							<greatestDifference id="M">d/M/yy – d/M/yy</greatestDifference>
							<greatestDifference id="y">d/M/yy – d/M/yy</greatestDifference>
						</intervalFormatItem>
						<intervalFormatItem id="yMEd">
							<greatestDifference id="d">E, d/M/yy – E, d/M/yy</greatestDifference>
							<greatestDifference id="M">E, d/M/yy – E, d/M/yy</greatestDifference>
							<greatestDifference id="y">E, d/M/yy – E, d/M/yy</greatestDifference>
						</intervalFormatItem>
						<intervalFormatItem id="yMMMd">
							<greatestDifference id="d">d–d MMM, y</greatestDifference>
							<greatestDifference id="M">d MMM – d MMM, y</greatestDifference>
							<greatestDifference id="y">d MMM, y – d MMM, y</greatestDifference>
						</intervalFormatItem>
						<intervalFormatItem id="yMMMEd">
							<greatestDifference id="d">E, d MMM – E, d MMM, y</greatestDifference>
							<greatestDifference id="M">E, d MMM – E, d MMM, y</greatestDifference>
							<greatestDifference id="y">E, d MMM, y – E, d MMM, y</greatestDifference>
						</intervalFormatItem>
					</intervalFormats>
				</dateTimeFormats>
				<fields>
					<field type="year">
						<relative type="-1">Last Year</relative>
						<relative type="0">This Year</relative>
						<relative type="1">Next Year</relative>
					</field>
					<field type="week">
						<relative type="1">Next Week</relative>
					</field>
				</fields>
			</calendar>
			<calendar type="japanese">
				<eras>
					<eraAbbr>
						<era type="161">Bunchū</era>
						<era type="165">Genchū</era>
					</eraAbbr>
				</eras>
				<dateFormats>
					<dateFormatLength type="full">
						<dateFormat>
							<pattern>EEEE, d MMMM, y G</pattern>
						</dateFormat>
					</dateFormatLength>
					<dateFormatLength type="long">
						<dateFormat>
							<pattern>d MMMM, y G</pattern>
						</dateFormat>
					</dateFormatLength>
					<dateFormatLength type="medium">
						<dateFormat>
							<pattern>d MMM, y G</pattern>
						</dateFormat>
					</dateFormatLength>
					<dateFormatLength type="short">
						<dateFormat>
							<pattern>d/M/yy GGGGG</pattern>
						</dateFormat>
					</dateFormatLength>
				</dateFormats>
				<dateTimeFormats>
					<availableFormats>
						<dateFormatItem id="MMMd">d MMM</dateFormatItem>
						<dateFormatItem id="MMMEd">E d MMM</dateFormatItem>
						<dateFormatItem id="MMMMd">d MMMM</dateFormatItem>
						<dateFormatItem id="MMMMEd">E d MMMM</dateFormatItem>
						<dateFormatItem id="yMd">d/M/y GGGGG</dateFormatItem>
						<dateFormatItem id="yMEd">EEE, d/M/y GGGGG</dateFormatItem>
						<dateFormatItem id="yMMMd">d MMM, y G</dateFormatItem>
						<dateFormatItem id="yMMMEd">EEE, d MMM, y G</dateFormatItem>
					</availableFormats>
				</dateTimeFormats>
			</calendar>
			<calendar type="roc">
				<dateFormats>
					<dateFormatLength type="full">
						<dateFormat>
							<pattern>EEEE, d MMMM, y G</pattern>
						</dateFormat>
					</dateFormatLength>
					<dateFormatLength type="long">
						<dateFormat>
							<pattern>d MMMM, y G</pattern>
						</dateFormat>
					</dateFormatLength>
					<dateFormatLength type="medium">
						<dateFormat>
							<pattern>d MMM, y G</pattern>
						</dateFormat>
					</dateFormatLength>
					<dateFormatLength type="short">
						<dateFormat>
							<pattern>d/M/yy GGGGG</pattern>
						</dateFormat>
					</dateFormatLength>
				</dateFormats>
				<dateTimeFormats>
					<availableFormats>
						<dateFormatItem id="Md">d/M</dateFormatItem>
						<dateFormatItem id="MEd">E, d/M</dateFormatItem>
						<dateFormatItem id="MMMd">d MMM</dateFormatItem>
						<dateFormatItem id="MMMEd">E, d MMM</dateFormatItem>
					</availableFormats>
				</dateTimeFormats>
			</calendar>
		</calendars>
		<timeZoneNames>
			<metazone type="Europe_Central">
				<commonlyUsed>false</commonlyUsed>
			</metazone>
			<metazone type="Europe_Eastern">
				<commonlyUsed>false</commonlyUsed>
			</metazone>
			<metazone type="Europe_Western">
				<commonlyUsed>false</commonlyUsed>
			</metazone>
			<metazone type="Hong_Kong">
				<short>
					<generic>HKT</generic>
					<standard>HKT</standard>
					<daylight>HKST</daylight>
				</short>
				<commonlyUsed>true</commonlyUsed>
			</metazone>
		</timeZoneNames>
	</dates>
	<numbers>
		<currencyFormats>
			<currencyFormatLength>
				<currencyFormat>
					<pattern>¤#,##0.00;(¤#,##0.00)</pattern>
				</currencyFormat>
			</currencyFormatLength>
		</currencyFormats>
		<currencies>
			<currency type="HKD">
				<symbol>$</symbol>
			</currency>
			<currency type="USD">
				<symbol>US$</symbol>
			</currency>
		</currencies>
	</numbers>
</ldml>

