<?xml version="1.0" encoding="UTF-8" ?>
<!DOCTYPE ldml SYSTEM "../../common/dtd/ldml.dtd">
<ldml>
	<identity>
		<version number="$Revision: 4753 $"/>
		<generation date="$Date: 2010-02-26 00:32:00 -0600 (Fri, 26 Feb 2010) $"/>
		<language type="en"/>
		<territory type="JM"/>
	</identity>
	<dates>
		<calendars>
			<calendar type="gregorian">
				<dateFormats>
					<dateFormatLength type="short">
						<dateFormat>
							<pattern draft="unconfirmed">d/M/yy</pattern>
						</dateFormat>
					</dateFormatLength>
				</dateFormats>
				<dateTimeFormats>
					<availableFormats>
						<dateFormatItem id="Md" draft="unconfirmed">d/M</dateFormatItem>
						<dateFormatItem id="MEd" draft="unconfirmed">E, d/M</dateFormatItem>
						<dateFormatItem id="yMEd" draft="unconfirmed">EEE, d/M/yyyy</dateFormatItem>
					</availableFormats>
					<intervalFormats>
						<intervalFormatItem id="Md">
							<greatestDifference id="d" draft="unconfirmed">d/M - d/M</greatestDifference>
							<greatestDifference id="M" draft="unconfirmed">d/M - d/M</greatestDifference>
						</intervalFormatItem>
						<intervalFormatItem id="MEd">
							<greatestDifference id="d" draft="unconfirmed">E, d/M - E, d/M</greatestDifference>
							<greatestDifference id="M" draft="unconfirmed">E, d/M - E, d/M</greatestDifference>
						</intervalFormatItem>
						<intervalFormatItem id="yMd">
							<greatestDifference id="d" draft="unconfirmed">d/M/yy - d/M/yy</greatestDifference>
							<greatestDifference id="M" draft="unconfirmed">d/M/yy - d/M/yy</greatestDifference>
							<greatestDifference id="y" draft="unconfirmed">d/M/yy - d/M/yy</greatestDifference>
						</intervalFormatItem>
						<intervalFormatItem id="yMEd">
							<greatestDifference id="d" draft="unconfirmed">E, d/M/yy - E, d/M/yy</greatestDifference>
							<greatestDifference id="M" draft="unconfirmed">E, d/M/yy - E, d/M/yy</greatestDifference>
							<greatestDifference id="y" draft="unconfirmed">E, d/M/yy - E, d/M/yy</greatestDifference>
						</intervalFormatItem>
					</intervalFormats>
				</dateTimeFormats>
			</calendar>
		</calendars>
	</dates>
	<numbers>
		<currencyFormats>
			<currencyFormatLength>
				<currencyFormat>
					<pattern>¤#,##0.00</pattern>
				</currencyFormat>
			</currencyFormatLength>
		</currencyFormats>
		<currencies>
			<currency type="JMD">
				<symbol>$</symbol>
			</currency>
			<currency type="USD">
				<symbol>US$</symbol>
			</currency>
		</currencies>
	</numbers>
</ldml>
