<?xml version="1.0" encoding="UTF-8" ?>
<!DOCTYPE ldml SYSTEM "../../common/dtd/ldml.dtd">
<ldml>
	<identity>
		<version number="$Revision: 5798 $"/>
		<generation date="$Date: 2011-05-02 01:05:34 -0500 (Mon, 02 May 2011) $"/>
		<language type="en"/>
		<territory type="MT"/>
	</identity>
	<dates>
		<calendars>
			<calendar type="gregorian">
				<dateFormats>
					<dateFormatLength type="full">
						<dateFormat>
							<pattern>EEEE, d MMMM y</pattern>
						</dateFormat>
					</dateFormatLength>
					<dateFormatLength type="long">
						<dateFormat>
							<pattern>dd MMMM y</pattern>
						</dateFormat>
					</dateFormatLength>
					<dateFormatLength type="medium">
						<dateFormat>
							<pattern>dd MMM y</pattern>
						</dateFormat>
					</dateFormatLength>
					<dateFormatLength type="short">
						<dateFormat>
							<pattern>dd/MM/yyyy</pattern>
						</dateFormat>
					</dateFormatLength>
				</dateFormats>
				<timeFormats>
					<timeFormatLength type="full">
						<timeFormat>
							<pattern>HH:mm:ss zzzz</pattern>
						</timeFormat>
					</timeFormatLength>
					<timeFormatLength type="long">
						<timeFormat>
							<pattern>HH:mm:ss z</pattern>
						</timeFormat>
					</timeFormatLength>
					<timeFormatLength type="medium">
						<timeFormat>
							<pattern>HH:mm:ss</pattern>
						</timeFormat>
					</timeFormatLength>
					<timeFormatLength type="short">
						<timeFormat>
							<pattern>HH:mm</pattern>
						</timeFormat>
					</timeFormatLength>
				</timeFormats>
				<dateTimeFormats>
					<availableFormats>
						<dateFormatItem id="Md">dd/MM</dateFormatItem>
						<dateFormatItem id="MMMd">dd MMM</dateFormatItem>
						<dateFormatItem id="MMMEd">E, d MMM</dateFormatItem>
						<dateFormatItem id="yMd">dd/MM/yyyy</dateFormatItem>
						<dateFormatItem id="yMEd">E, dd/MM/yyyy</dateFormatItem>
						<dateFormatItem id="yMMMd">dd MMM y</dateFormatItem>
						<dateFormatItem id="yMMMEd">EEE, dd MMM y</dateFormatItem>
					</availableFormats>
					<intervalFormats>
						<intervalFormatFallback draft="unconfirmed">{0} - {1}</intervalFormatFallback>
						<intervalFormatItem id="d">
							<greatestDifference id="d" draft="unconfirmed">d-d</greatestDifference>
						</intervalFormatItem>
						<intervalFormatItem id="h">
							<greatestDifference id="h" draft="unconfirmed">h-h a</greatestDifference>
						</intervalFormatItem>
						<intervalFormatItem id="H">
							<greatestDifference id="H" draft="unconfirmed">HH-HH</greatestDifference>
						</intervalFormatItem>
						<intervalFormatItem id="hm">
							<greatestDifference id="h" draft="unconfirmed">h:mm-h:mm a</greatestDifference>
							<greatestDifference id="m" draft="unconfirmed">h:mm-h:mm a</greatestDifference>
						</intervalFormatItem>
						<intervalFormatItem id="Hm">
							<greatestDifference id="H" draft="unconfirmed">HH:mm-HH:mm</greatestDifference>
							<greatestDifference id="m" draft="unconfirmed">HH:mm-HH:mm</greatestDifference>
						</intervalFormatItem>
						<intervalFormatItem id="hmv">
							<greatestDifference id="h" draft="unconfirmed">h:mm-h:mm a v</greatestDifference>
							<greatestDifference id="m" draft="unconfirmed">h:mm-h:mm a v</greatestDifference>
						</intervalFormatItem>
						<intervalFormatItem id="Hmv">
							<greatestDifference id="H" draft="unconfirmed">HH:mm-HH:mm v</greatestDifference>
							<greatestDifference id="m" draft="unconfirmed">HH:mm-HH:mm v</greatestDifference>
						</intervalFormatItem>
						<intervalFormatItem id="hv">
							<greatestDifference id="h" draft="unconfirmed">h-h a v</greatestDifference>
						</intervalFormatItem>
						<intervalFormatItem id="Hv">
							<greatestDifference id="H" draft="unconfirmed">HH-HH v</greatestDifference>
						</intervalFormatItem>
						<intervalFormatItem id="M">
							<greatestDifference id="M" draft="unconfirmed">M-M</greatestDifference>
						</intervalFormatItem>
						<intervalFormatItem id="Md">
							<greatestDifference id="d" draft="unconfirmed">dd/MM - dd/MM</greatestDifference>
							<greatestDifference id="M" draft="unconfirmed">dd/MM - dd/MM</greatestDifference>
						</intervalFormatItem>
						<intervalFormatItem id="MEd">
							<greatestDifference id="d" draft="unconfirmed">E, dd/MM - E, dd/MM</greatestDifference>
							<greatestDifference id="M" draft="unconfirmed">E, dd/MM - E, dd/MM</greatestDifference>
						</intervalFormatItem>
						<intervalFormatItem id="MMM">
							<greatestDifference id="M" draft="unconfirmed">MMM-MMM</greatestDifference>
						</intervalFormatItem>
						<intervalFormatItem id="MMMd">
							<greatestDifference id="d" draft="unconfirmed">dd-dd MMM</greatestDifference>
							<greatestDifference id="M" draft="unconfirmed">dd MMM - dd MMM</greatestDifference>
						</intervalFormatItem>
						<intervalFormatItem id="MMMEd">
							<greatestDifference id="d" draft="unconfirmed">E, dd - E, dd MMM</greatestDifference>
							<greatestDifference id="M" draft="unconfirmed">E, dd MMM - E, dd MMM</greatestDifference>
						</intervalFormatItem>
						<intervalFormatItem id="y">
							<greatestDifference id="y" draft="unconfirmed">y-y</greatestDifference>
						</intervalFormatItem>
						<intervalFormatItem id="yM">
							<greatestDifference id="M" draft="unconfirmed">MM/yyyy - MM/yyyy</greatestDifference>
							<greatestDifference id="y" draft="unconfirmed">MM/yyyy - MM/yyyy</greatestDifference>
						</intervalFormatItem>
						<intervalFormatItem id="yMd">
							<greatestDifference id="d" draft="unconfirmed">dd/MM/yyyy - dd/MM/yyyy</greatestDifference>
							<greatestDifference id="M" draft="unconfirmed">dd/MM/yyyy - dd/MM/yyyy</greatestDifference>
							<greatestDifference id="y" draft="unconfirmed">dd/MM/yyyy - dd/MM/yyyy</greatestDifference>
						</intervalFormatItem>
						<intervalFormatItem id="yMEd">
							<greatestDifference id="d" draft="unconfirmed">E, dd/MM/yyyy - E, dd/MM/yyyy</greatestDifference>
							<greatestDifference id="M" draft="unconfirmed">E, dd/MM/yyyy - E, dd/MM/yyyy</greatestDifference>
							<greatestDifference id="y" draft="unconfirmed">E, dd/MM/yyyy - E, dd/MM/yyyy</greatestDifference>
						</intervalFormatItem>
						<intervalFormatItem id="yMMM">
							<greatestDifference id="M" draft="unconfirmed">MMM-MMM y</greatestDifference>
							<greatestDifference id="y" draft="unconfirmed">MMM y - MMM y</greatestDifference>
						</intervalFormatItem>
						<intervalFormatItem id="yMMMd">
							<greatestDifference id="d" draft="unconfirmed">dd-dd MMM y</greatestDifference>
							<greatestDifference id="M" draft="unconfirmed">dd MMM - dd MMM y</greatestDifference>
							<greatestDifference id="y" draft="unconfirmed">dd MMM y - dd MMM y</greatestDifference>
						</intervalFormatItem>
						<intervalFormatItem id="yMMMEd">
							<greatestDifference id="d" draft="unconfirmed">E, d - E, d MMM y</greatestDifference>
							<greatestDifference id="M" draft="unconfirmed">E, d MMM - E, d MMM y</greatestDifference>
							<greatestDifference id="y" draft="unconfirmed">E, d MMM y - E, d MMM y</greatestDifference>
						</intervalFormatItem>
					</intervalFormats>
				</dateTimeFormats>
			</calendar>
		</calendars>
	</dates>
	<numbers>
		<currencyFormats>
			<currencyFormatLength>
				<currencyFormat>
					<pattern>¤#,##0.00</pattern>
				</currencyFormat>
			</currencyFormatLength>
		</currencyFormats>
		<currencies>
			<currency type="GBP">
				<symbol>GB£</symbol>
			</currency>
		</currencies>
	</numbers>
</ldml>
