<?xml version="1.0" encoding="UTF-8" ?>
<!DOCTYPE ldml SYSTEM "../../common/dtd/ldml.dtd">
<ldml>
	<identity>
		<version number="$Revision: 5717 $"/>
		<generation date="$Date: 2011-04-27 22:37:06 -0500 (Wed, 27 Apr 2011) $"/>
		<language type="en"/>
		<territory type="PH"/>
	</identity>
	<numbers>
		<currencies>
			<currency type="PHP">
				<displayName>Peso</displayName>
				<symbol>₱</symbol>
			</currency>
			<currency type="USD">
				<symbol>US$</symbol>
			</currency>
		</currencies>
	</numbers>
</ldml>
