<?xml version="1.0" encoding="UTF-8" ?>
<!DOCTYPE ldml SYSTEM "../../common/dtd/ldml.dtd">
<ldml>
	<identity>
		<version number="$Revision: 5766 $"/>
		<generation date="$Date: 2011-04-29 18:56:24 -0500 (Fri, 29 Apr 2011) $"/>
		<language type="es"/>
		<territory type="PY"/>
	</identity>
	<numbers>
		<symbols numberSystem="latn">
			<decimal>,</decimal>
			<group>.</group>
		</symbols>
		<currencyFormats>
			<currencyFormatLength>
				<currencyFormat>
					<pattern>¤ #,##0.00;¤ -#,##0.00</pattern>
				</currencyFormat>
			</currencyFormatLength>
		</currencyFormats>
		<currencies>
			<currency type="PYG">
				<symbol>₲</symbol>
			</currency>
		</currencies>
	</numbers>
</ldml>

