<?xml version="1.0" encoding="UTF-8" ?>
<!DOCTYPE ldml SYSTEM "../../common/dtd/ldml.dtd">
<ldml>
	<identity>
		<version number="$Revision: 5953 $"/>
		<generation date="$Date: 2011-07-04 18:22:55 -0500 (Mon, 04 Jul 2011) $"/>
		<language type="eu"/>
	</identity>
	<fallback/>
	<localeDisplayNames>
		<localeDisplayPattern>
			<localePattern>{0} ({1})</localePattern>
			<localeSeparator>, </localeSeparator>
		</localeDisplayPattern>
		<languages>
			<language type="ab">abkhazera</language>
			<language type="af">afrikaans</language>
			<language type="am">amharikera</language>
			<language type="ar">arabiera</language>
			<language type="as">assamera</language>
			<language type="ay">aimara</language>
			<language type="az">azerbaijanera</language>
			<language type="az" alt="short">azerbaijanera</language>
			<language type="be">bielorrusiera</language>
			<language type="bg">bulgariera</language>
			<language type="bh">bihariera</language>
			<language type="bn">bengalera</language>
			<language type="bo">tibetera</language>
			<language type="br">bretoiera</language>
			<language type="bs">bosniera</language>
			<language type="ca">katalana</language>
			<language type="cs">txekiera</language>
			<language type="cy">galesera</language>
			<language type="da">daniera</language>
			<language type="de">alemana</language>
			<language type="de_CH">suitzako aleman garaia</language>
			<language type="dv">divehiera</language>
			<language type="dz">dzongkha</language>
			<language type="efi">efikera</language>
			<language type="el">greziera</language>
			<language type="en">ingelesa</language>
			<language type="en_US">ingelesa (AEB)</language>
			<language type="eo">esperantoa</language>
			<language type="es">gaztelania</language>
			<language type="es_419">latinoamerikako espainiera</language>
			<language type="es_ES">espainiera iberiarra</language>
			<language type="et">estoniera</language>
			<language type="eu">euskara</language>
			<language type="fa">pertsiera</language>
			<language type="fi">finlandiera</language>
			<language type="fil">tagalo</language>
			<language type="fj">fijiera</language>
			<language type="fo">faroera</language>
			<language type="fr">frantsesa</language>
			<language type="fy">frisiera</language>
			<language type="ga">gaelikoa</language>
			<language type="gd">eskoziako gaelikoa</language>
			<language type="gl">galiziera</language>
			<language type="gn">guaraniera</language>
			<language type="gsw">alemana (Suitza)</language>
			<language type="gu">gujaratera</language>
			<language type="ha">hausa</language>
			<language type="haw">hawaiiera</language>
			<language type="he">hebreera</language>
			<language type="hi">hindia</language>
			<language type="hr">kroaziera</language>
			<language type="ht">haitiera</language>
			<language type="hu">hungariera</language>
			<language type="hy">armeniera</language>
			<language type="ia">interlingua</language>
			<language type="id">indonesiera</language>
			<language type="ie">interlingue</language>
			<language type="ig">igboera</language>
			<language type="is">islandiera</language>
			<language type="it">italiera</language>
			<language type="ja">japoniera</language>
			<language type="jv">javera</language>
			<language type="ka">georgiera</language>
			<language type="kk">kazakhera</language>
			<language type="km">khemerera</language>
			<language type="kn">kannada</language>
			<language type="ko">koreera</language>
			<language type="ks">kashmirera</language>
			<language type="ku">kurduera</language>
			<language type="ky">kirgizera</language>
			<language type="la">latina</language>
			<language type="lb">luxenburgera</language>
			<language type="ln">lingala</language>
			<language type="lo">laosera</language>
			<language type="lt">lituaniera</language>
			<language type="lv">letoniera</language>
			<language type="mg">malgaxea</language>
			<language type="mi">maoriera</language>
			<language type="mk">mazedoniera</language>
			<language type="ml">malayalamera</language>
			<language type="mn">mongoliera</language>
			<language type="mr">marathera</language>
			<language type="ms">malaysiera</language>
			<language type="mt">maltera</language>
			<language type="mul">hizkuntza anitzak</language>
			<language type="my">burmatarra</language>
			<language type="nb">norvegiako bokmala</language>
			<language type="nd">iparraldeko ndebeleera</language>
			<language type="ne">nepalera</language>
			<language type="nl">nederlandera</language>
			<language type="nl_BE">flandriera</language>
			<language type="nn">nynorsk norvegiera</language>
			<language type="no">norvegiera</language>
			<language type="nso">pediera</language>
			<language type="ny">nyanja</language>
			<language type="oc">okzitaniera</language>
			<language type="or">oriya</language>
			<language type="os">osetiera</language>
			<language type="pa">punjabera</language>
			<language type="pl">poloniera</language>
			<language type="ps">paxtuera</language>
			<language type="ps" alt="variant">pashtoera</language>
			<language type="pt">portugesa</language>
			<language type="pt_PT">portugesa (Potugal)</language>
			<language type="qu">quechuera</language>
			<language type="rm">erromantxera</language>
			<language type="rn">rundiera</language>
			<language type="ro">errumaniera</language>
			<language type="ru">errusiera</language>
			<language type="rw">kinyaruanda</language>
			<language type="sa">sanskritoa</language>
			<language type="sd">sindhia</language>
			<language type="se">iparraldeko samiera</language>
			<language type="sg">sangoera</language>
			<language type="sh">serbokroaziera</language>
			<language type="si">sinhala</language>
			<language type="sk">eslovakiera</language>
			<language type="sl">esloveniera</language>
			<language type="sm">samoera</language>
			<language type="sn">shonera</language>
			<language type="so">somaliera</language>
			<language type="sq">albaniera</language>
			<language type="sr">serbiera</language>
			<language type="ss">swatiera</language>
			<language type="st">hegoaldeko sothoera</language>
			<language type="su">sundanera</language>
			<language type="sv">suediera</language>
			<language type="sw">swahili</language>
			<language type="ta">tamilera</language>
			<language type="te">telugua</language>
			<language type="tet">tetuma</language>
			<language type="tg">tajikistanera</language>
			<language type="th">thailandiera</language>
			<language type="ti">tigrinya</language>
			<language type="tk">turkmeniera</language>
			<language type="tl">tagalog</language>
			<language type="tlh">klingonera</language>
			<language type="tn">tswanera</language>
			<language type="to">tonga</language>
			<language type="tpi">tok pisina</language>
			<language type="tr">turkiera</language>
			<language type="ts">tsongera</language>
			<language type="tt">tatarera</language>
			<language type="tw">twia</language>
			<language type="ty">tahitiera</language>
			<language type="ug">uigurrera</language>
			<language type="ug" alt="variant">uyghurera</language>
			<language type="uk">ukrainera</language>
			<language type="und">hizkuntza ezezaguna</language>
			<language type="ur">urdu</language>
			<language type="uz">uzbekera</language>
			<language type="ve">vendera</language>
			<language type="vi">vietnamera</language>
			<language type="wo">wolofera</language>
			<language type="xh">xhosa</language>
			<language type="yi">yiddishera</language>
			<language type="yo">yorubera</language>
			<language type="zh">txinera</language>
			<language type="zh_Hans">txinera (soildua)</language>
			<language type="zh_Hant">txinera (tradizionala)</language>
			<language type="zu">zuluera</language>
			<language type="zxx">Ez dago eduki linguistikorik</language>
		</languages>
		<scripts>
			<script type="Arab">Arabiera</script>
			<script type="Arab" alt="variant">Persiar-arabiarra</script>
			<script type="Armn">Armeniera</script>
			<script type="Beng">Bengalarra</script>
			<script type="Bopo">Bopomofo</script>
			<script type="Brai">Braille</script>
			<script type="Cyrl">Zirilikoa</script>
			<script type="Deva">Devanagariarra</script>
			<script type="Ethi">Etiopiarra</script>
			<script type="Geor">Georgiera</script>
			<script type="Grek">Greziera</script>
			<script type="Gujr">Gujaratearra</script>
			<script type="Guru">Gurmukhiarra</script>
			<script type="Hang">Hangularra</script>
			<script type="Hani">Txinatar idazkera</script>
			<script type="Hans">Sinplifikatua</script>
			<script type="Hans" alt="stand-alone">Idazkera txinatar sinplifikatua</script>
			<script type="Hant">Tradizionala</script>
			<script type="Hant" alt="stand-alone">Idazkera txinatar tradizionala</script>
			<script type="Hebr">Hebreera</script>
			<script type="Hira">Hiraganarra</script>
			<script type="Jpan">Japoniera</script>
			<script type="Kana">Katakana</script>
			<script type="Khmr">Khmerarra</script>
			<script type="Knda">Kannadarra</script>
			<script type="Kore">Koreera</script>
			<script type="Laoo">Laoarra</script>
			<script type="Latn">Latina</script>
			<script type="Mlym">Malayalamera</script>
			<script type="Mong">Mongoliera</script>
			<script type="Mymr">Myanmar</script>
			<script type="Orya">Oriyera</script>
			<script type="Sinh">Sinhalarra</script>
			<script type="Taml">Tamilarra</script>
			<script type="Telu">Teluguarra</script>
			<script type="Thaa">Thaana</script>
			<script type="Thai">Thaiera</script>
			<script type="Tibt">Tibetarra</script>
			<script type="Zsym">Ikurrak</script>
			<script type="Zxxx">Idatzi gabea</script>
			<script type="Zyyy">Ohikoa</script>
			<script type="Zzzz">Idazkera ezezaguna</script>
		</scripts>
		<territories>
			<territory type="001">Mundua</territory>
			<territory type="002">Afrika</territory>
			<territory type="003">Ipar Amerika</territory>
			<territory type="005">Hego Amerika</territory>
			<territory type="009">Ozeania</territory>
			<territory type="011">Afrika mendebaldea</territory>
			<territory type="013">Erdialdeko Amerika</territory>
			<territory type="014">Afrika ekialdea</territory>
			<territory type="015">Afrika iparraldea</territory>
			<territory type="017">Erdialdeko Afrika</territory>
			<territory type="018">Afrika hegoaldea</territory>
			<territory type="019">Amerika</territory>
			<territory type="021">Amerika iparraldea</territory>
			<territory type="029">Karibea</territory>
			<territory type="030">Asia ekialdea</territory>
			<territory type="034">Asia hegoaldea</territory>
			<territory type="035">Asia hego-ekialdea</territory>
			<territory type="039">Europa hegoaldea</territory>
			<territory type="053">Australia eta Zeelanda Berria</territory>
			<territory type="054">Melanesiera</territory>
			<territory type="057">Mikronesia eskualdea</territory>
			<territory type="061">Polinesia</territory>
			<territory type="142">Asia</territory>
			<territory type="143">Asia erdialdea</territory>
			<territory type="145">Asia mendebaldea</territory>
			<territory type="150">Europa</territory>
			<territory type="151">Europa ekialdea</territory>
			<territory type="154">Europa iparraldea</territory>
			<territory type="155">Europa mendebaldea</territory>
			<territory type="419">Latinoamerika</territory>
			<territory type="AC">Ascension Uhartea</territory>
			<territory type="AD">Andorra</territory>
			<territory type="AE">Arabiar Emirrerri Batuak</territory>
			<territory type="AF">Afganistan</territory>
			<territory type="AG">Antigua eta Barbuda</territory>
			<territory type="AI">Angila</territory>
			<territory type="AL">Albania</territory>
			<territory type="AM">Armenia</territory>
			<territory type="AN">Holandarren Antillak</territory>
			<territory type="AO">Angola</territory>
			<territory type="AQ">Antartika</territory>
			<territory type="AR">Argentina</territory>
			<territory type="AS">Amerikar Samoa</territory>
			<territory type="AT">Austria</territory>
			<territory type="AU">Australia</territory>
			<territory type="AW">Aruba</territory>
			<territory type="AX">Aland Uharteak</territory>
			<territory type="AZ">Azerbaijan</territory>
			<territory type="BA">Bosnia-Herzegovina</territory>
			<territory type="BB">Barbados</territory>
			<territory type="BD">Bangladesh</territory>
			<territory type="BE">Belgika</territory>
			<territory type="BF">Burkina Faso</territory>
			<territory type="BG">Bulgaria</territory>
			<territory type="BH">Bahrain</territory>
			<territory type="BI">Burundi</territory>
			<territory type="BJ">Benin</territory>
			<territory type="BL">San Bartolome</territory>
			<territory type="BM">Bermuda</territory>
			<territory type="BN">Brunei</territory>
			<territory type="BO">Bolibia</territory>
			<territory type="BR">Brasil</territory>
			<territory type="BS">Bahamak</territory>
			<territory type="BT">Bhutan</territory>
			<territory type="BV">Bouvet Uhartea</territory>
			<territory type="BW">Botswana</territory>
			<territory type="BY">Bielorrusia</territory>
			<territory type="BZ">Belize</territory>
			<territory type="CA">Kanada</territory>
			<territory type="CC">Cocos uharteak</territory>
			<territory type="CD">Kongoko Errepublika Demokratikoa</territory>
			<territory type="CD" alt="variant">Kongo [KED]</territory>
			<territory type="CF">Afrika Erdiko Errepublika</territory>
			<territory type="CG">Kongo</territory>
			<territory type="CG" alt="variant">Kongo [errepublika]</territory>
			<territory type="CH">Suitza</territory>
			<territory type="CI">Boli Kosta</territory>
			<territory type="CI" alt="variant">BK</territory>
			<territory type="CK">Cook uharteak</territory>
			<territory type="CL">Txile</territory>
			<territory type="CM">Kamerun</territory>
			<territory type="CN">Txina</territory>
			<territory type="CO">Kolonbia</territory>
			<territory type="CR">Costa Rica</territory>
			<territory type="CS">Serbia eta Montenegro</territory>
			<territory type="CU">Kuba</territory>
			<territory type="CV">Cabo Verde</territory>
			<territory type="CX">Christmas uhartea</territory>
			<territory type="CY">Zipre</territory>
			<territory type="CZ">Txekiar errepublika</territory>
			<territory type="DE">Alemania</territory>
			<territory type="DJ">Djibuti</territory>
			<territory type="DK">Danimarka</territory>
			<territory type="DM">Dominika</territory>
			<territory type="DO">Dominikar Errepublika</territory>
			<territory type="DZ">Aljeria</territory>
			<territory type="EA">Ceuta eta Melilla</territory>
			<territory type="EC">Ekuador</territory>
			<territory type="EE">Estonia</territory>
			<territory type="EG">Egipto</territory>
			<territory type="EH">Mendebaldeko Sahara</territory>
			<territory type="ER">Eritrea</territory>
			<territory type="ES">Espainia</territory>
			<territory type="ET">Etiopia</territory>
			<territory type="EU">Europar Batasuna</territory>
			<territory type="FI">Finlandia</territory>
			<territory type="FJ">Fiji</territory>
			<territory type="FK">Malvinak</territory>
			<territory type="FM">Mikronesia</territory>
			<territory type="FO">Faroe Uharteak</territory>
			<territory type="FR">Frantzia</territory>
			<territory type="GA">Gabon</territory>
			<territory type="GB">Erresuma Batua</territory>
			<territory type="GD">Grenada</territory>
			<territory type="GE">Georgia</territory>
			<territory type="GF">Guyana Frantsesa</territory>
			<territory type="GG">Guernsey</territory>
			<territory type="GH">Ghana</territory>
			<territory type="GI">Gibraltar</territory>
			<territory type="GL">Groenlandia</territory>
			<territory type="GM">Gambia</territory>
			<territory type="GN">Ginea</territory>
			<territory type="GP">Guadalupe</territory>
			<territory type="GQ">Ekuatore Ginea</territory>
			<territory type="GR">Grezia</territory>
			<territory type="GS">Hegoaldeko Georgia eta Hegoaldeko Sandwich uharteak</territory>
			<territory type="GT">Guatemala</territory>
			<territory type="GU">Guam</territory>
			<territory type="GW">Ginea-Bissau</territory>
			<territory type="GY">Guyana</territory>
			<territory type="HK" alt="short">Hong Kong</territory>
			<territory type="HM">Heard eta McDonald Uharteak</territory>
			<territory type="HN">Honduras</territory>
			<territory type="HR">Kroazia</territory>
			<territory type="HT">Haiti</territory>
			<territory type="HU">Hungaria</territory>
			<territory type="IC">Kanariak</territory>
			<territory type="ID">Indonesia</territory>
			<territory type="IE">Irlanda</territory>
			<territory type="IL">Israel</territory>
			<territory type="IM">Man uhartea</territory>
			<territory type="IN">India</territory>
			<territory type="IO">Indiako Ozeanoko Britainiar Lurraldea</territory>
			<territory type="IQ">Irak</territory>
			<territory type="IR">Iran</territory>
			<territory type="IS">Islandia</territory>
			<territory type="IT">Italia</territory>
			<territory type="JE">Jersey</territory>
			<territory type="JM">Jamaika</territory>
			<territory type="JO">Jordania</territory>
			<territory type="JP">Japonia</territory>
			<territory type="KE">Kenia</territory>
			<territory type="KG">Kirgizistan</territory>
			<territory type="KH">Kanbodia</territory>
			<territory type="KI">Kiribati</territory>
			<territory type="KM">Komoreak</territory>
			<territory type="KN">Saint Kitts eta Nevis</territory>
			<territory type="KP">Ipar Korea</territory>
			<territory type="KR">Hego Korea</territory>
			<territory type="KW">Kuwait</territory>
			<territory type="KY">Kaiman Uharteak</territory>
			<territory type="KZ">Kazakhstan</territory>
			<territory type="LA">Laos</territory>
			<territory type="LB">Libano</territory>
			<territory type="LC">Santa Luzia</territory>
			<territory type="LI">Liechtenstein</territory>
			<territory type="LK">Sri Lanka</territory>
			<territory type="LR">Liberia</territory>
			<territory type="LS">Lesotho</territory>
			<territory type="LT">Lituania</territory>
			<territory type="LU">Luxenburgo</territory>
			<territory type="LV">Letonia</territory>
			<territory type="LY">Libia</territory>
			<territory type="MA">Maroko</territory>
			<territory type="MC">Monako</territory>
			<territory type="MD">Moldavia</territory>
			<territory type="ME">Montenegro</territory>
			<territory type="MF">Saint Martin</territory>
			<territory type="MG">Madagaskar</territory>
			<territory type="MH">Marshall uharteak</territory>
			<territory type="MK">Mazedonia</territory>
			<territory type="MK" alt="variant">Mazedonia [FYROM]</territory>
			<territory type="ML">Mali</territory>
			<territory type="MM">Birmania</territory>
			<territory type="MN">Mongolia</territory>
			<territory type="MO">Makau</territory>
			<territory type="MO" alt="short">Macau</territory>
			<territory type="MP">Iparraldeko Mariana uharteak</territory>
			<territory type="MQ">Martinika</territory>
			<territory type="MR">Mauritania</territory>
			<territory type="MS">Montserrat</territory>
			<territory type="MT">Malta</territory>
			<territory type="MU">Maurizio</territory>
			<territory type="MV">Maldivak</territory>
			<territory type="MW">Malawi</territory>
			<territory type="MX">Mexiko</territory>
			<territory type="MY">Malasia</territory>
			<territory type="MZ">Mozambike</territory>
			<territory type="NA">Namibia</territory>
			<territory type="NC">Kaledonia Berria</territory>
			<territory type="NE">Niger</territory>
			<territory type="NF">Norfolk uhartea</territory>
			<territory type="NG">Nigeria</territory>
			<territory type="NI">Nikaragua</territory>
			<territory type="NL">Herbehereak</territory>
			<territory type="NO">Norvegia</territory>
			<territory type="NP">Nepal</territory>
			<territory type="NR">Nauru</territory>
			<territory type="NU">Niue</territory>
			<territory type="NZ">Zeelanda Berria</territory>
			<territory type="OM">Oman</territory>
			<territory type="PA">Panama</territory>
			<territory type="PE">Peru</territory>
			<territory type="PF">Polinesia Frantsesa</territory>
			<territory type="PG">Papua Ginea Berria</territory>
			<territory type="PH">Filipinak</territory>
			<territory type="PK">Pakistan</territory>
			<territory type="PL">Polonia</territory>
			<territory type="PM">Saint-Pierre eta Mikelune</territory>
			<territory type="PN">Pitcairn uharteak</territory>
			<territory type="PR">Puerto Rico</territory>
			<territory type="PS">Palestina</territory>
			<territory type="PT">Portugal</territory>
			<territory type="PW">Palau</territory>
			<territory type="PY">Paraguai</territory>
			<territory type="QA">Katar</territory>
			<territory type="QO">Mugaz kanpoko Ozeania</territory>
			<territory type="RE">Reunion</territory>
			<territory type="RO">Errumania</territory>
			<territory type="RS">Serbia</territory>
			<territory type="RU">Errusia</territory>
			<territory type="RW">Ruanda</territory>
			<territory type="SA">Saudi Arabia</territory>
			<territory type="SB">Salomon uharteak</territory>
			<territory type="SC">Seychelleak</territory>
			<territory type="SD">Sudan</territory>
			<territory type="SE">Suedia</territory>
			<territory type="SG">Singapur</territory>
			<territory type="SH">Saint Helena</territory>
			<territory type="SI">Eslovenia</territory>
			<territory type="SJ">Svalbard eta Jan Mayen uharteak</territory>
			<territory type="SK">Eslovakia</territory>
			<territory type="SL">Sierra Leona</territory>
			<territory type="SM">San Marino</territory>
			<territory type="SN">Senegal</territory>
			<territory type="SO">Somalia</territory>
			<territory type="SR">Surinam</territory>
			<territory type="ST">Sao Tome eta Principe</territory>
			<territory type="SV">El Salvador</territory>
			<territory type="SY">Siria</territory>
			<territory type="SZ">Swazilandia</territory>
			<territory type="TC">Turk eta Caicos uharteak</territory>
			<territory type="TD">Txad</territory>
			<territory type="TF">Frantziaren Lurralde Australak</territory>
			<territory type="TG">Togo</territory>
			<territory type="TH">Tailandia</territory>
			<territory type="TJ">Tadjikistan</territory>
			<territory type="TK">Tokelau</territory>
			<territory type="TL">Ekialdeko Timor</territory>
			<territory type="TL" alt="variant">Timor ekialdea</territory>
			<territory type="TM">Turkmenistan</territory>
			<territory type="TN">Tunisia</territory>
			<territory type="TO">Tonga</territory>
			<territory type="TR">Turkia</territory>
			<territory type="TT">Trinidad eta Tobago</territory>
			<territory type="TV">Tuvalu</territory>
			<territory type="TW">Taiwan</territory>
			<territory type="TZ">Tanzania</territory>
			<territory type="UA">Ukraina</territory>
			<territory type="UG">Uganda</territory>
			<territory type="UM">Estatu Batuetatik urruti dauden uharte txikiak</territory>
			<territory type="US">Ameriketako Estatu Batuak</territory>
			<territory type="UY">Uruguai</territory>
			<territory type="UZ">Uzbekistan</territory>
			<territory type="VA">Vatikano Hiria</territory>
			<territory type="VC">Saint Vincent eta Grenadinak</territory>
			<territory type="VE">Venezuela</territory>
			<territory type="VG">Birjina uharte britainiarrak</territory>
			<territory type="VI">Birjina uharte amerikarrak</territory>
			<territory type="VN">Vietnam</territory>
			<territory type="VU">Vanuatu</territory>
			<territory type="WF">Wallis eta Futuna</territory>
			<territory type="WS">Samoa</territory>
			<territory type="YE">Yemen</territory>
			<territory type="YT">Mayotte</territory>
			<territory type="ZA">Hegoafrika</territory>
			<territory type="ZM">Zambia</territory>
			<territory type="ZW">Zimbabwe</territory>
		</territories>
		<variants>
			<variant type="POLYTON">POLITON</variant>
			<variant type="REVISED">BERRIKUSIA</variant>
			<variant type="SAAHO">SAHO</variant>
			<variant type="SCOTLAND">ESKOZIAR INGELESA</variant>
			<variant type="VALENCIA">VALENTZIERA</variant>
		</variants>
		<keys>
			<key type="calendar">egutegia</key>
			<key type="collation">alfabetoa</key>
			<key type="currency">moneta</key>
			<key type="numbers">Zenbakiak</key>
			<key type="x">Erabilera pribatua</key>
		</keys>
		<types>
			<type type="arab" key="numbers">Digitu arabiar-hindikoak</type>
			<type type="arabext" key="numbers">Digitu arabiar-hindiko hedatuak</type>
			<type type="armn" key="numbers">Zenbaki armeniarrak</type>
			<type type="armnlow" key="numbers">Zenbaki armeniarrak minuskulaz</type>
			<type type="beng" key="numbers">Digitu bengalarrak</type>
			<type type="big5han" key="collation">Txinera tradizionalaren alfabetoa-Big5</type>
			<type type="buddhist" key="calendar">Egutegi budista</type>
			<type type="chinese" key="calendar">Txinatar egutegia</type>
			<type type="coptic" key="calendar">Egutegi coptiarra</type>
			<type type="deva" key="numbers">Digitu devanagariarrak</type>
			<type type="dictionary" key="collation">Hurrenkera alfabetikoa</type>
			<type type="direct" key="collation">Zuzena</type>
			<type type="ducet" key="collation">Unicode hurrenkera lehenetsia</type>
			<type type="ethi" key="numbers">Zenbaki etiopiarrak</type>
			<type type="ethiopic" key="calendar">Egutegi etiopiarra</type>
			<type type="ethiopic-amete-alem" key="calendar">Amete Alem egutegi etiopiarra</type>
			<type type="fullwide" key="numbers">Zabalera osoko digituak</type>
			<type type="gb2312han" key="collation">Txinera sinplifikatuaren alfabetoa -GB2312</type>
			<type type="geor" key="numbers">Zenbaki georgiarrak</type>
			<type type="gregorian" key="calendar">Egutegi gregoriarra</type>
			<type type="grek" key="numbers">Zenbaki greziarrak</type>
			<type type="greklow" key="numbers">Zenbaki greziarrak minuskulaz</type>
			<type type="gujr" key="numbers">Digitu gujaratearrak</type>
			<type type="guru" key="numbers">Digitu gurmukhiarrak</type>
			<type type="hanidec" key="numbers">Zenbaki hamartar txinatarrak</type>
			<type type="hans" key="numbers">Zenbaki txinatar sinplifikatuak</type>
			<type type="hansfin" key="numbers">Finantzetarako zenbaki txinatar sinplifikatuak</type>
			<type type="hant" key="numbers">Zenbaki txinatar tradizionalak</type>
			<type type="hantfin" key="numbers">Finantzetarako zenbaki txinatar tradizionalak</type>
			<type type="hebr" key="numbers">Zenbaki hebrearrak</type>
			<type type="hebrew" key="calendar">Hebrear egutegia</type>
			<type type="indian" key="calendar">Indiar egutegia</type>
			<type type="islamic" key="calendar">Islamiar egutegia</type>
			<type type="islamic-civil" key="calendar">Islamiar egutegi zibila</type>
			<type type="japanese" key="calendar">Japoniar egutegia</type>
			<type type="jpan" key="numbers">Zenbaki japoniarrak</type>
			<type type="jpanfin" key="numbers">Finantzetarako zenbaki japoniarrak</type>
			<type type="khmr" key="numbers">Digitu khmerarrak</type>
			<type type="knda" key="numbers">Digitu kanadarrak</type>
			<type type="laoo" key="numbers">Digitu laostarrak</type>
			<type type="latn" key="numbers">Digitu mendebaldarrak</type>
			<type type="mlym" key="numbers">Digitu malayalamarrak</type>
			<type type="mong" key="numbers">Digitu mongoliarrak</type>
			<type type="mymr" key="numbers">Digitu myanmarrak</type>
			<type type="orya" key="numbers">Digitu oriyarrak</type>
			<type type="persian" key="calendar">Egutegi persiarra</type>
			<type type="phonebook" key="collation">Telefonoen zerrenda</type>
			<type type="pinyin" key="collation">Pinyin hurrenkera</type>
			<type type="reformed" key="collation">Erreformaren araberako hurrenkera</type>
			<type type="roc" key="calendar">Txinako Errepublikako egutegia</type>
			<type type="roman" key="numbers">Zenbaki erromatarrak</type>
			<type type="romanlow" key="numbers">Zenbaki erromatarrak minuskulaz</type>
			<type type="search" key="collation">Asmo orokorreko bilaketa</type>
			<type type="stroke" key="collation">Tarteen araberako hurrenkera</type>
			<type type="taml" key="numbers">Zenbaki tamilarrak</type>
			<type type="telu" key="numbers">Digitu teluguarrak</type>
			<type type="thai" key="numbers">Digitu thailandiarrak</type>
			<type type="tibt" key="numbers">Digitu tibetarrak</type>
			<type type="traditional" key="collation">Tradizionala</type>
			<type type="unihan" key="collation">Radical trazuen hurrenkera</type>
		</types>
		<transformNames>
			<transformName type="BGN">BGN bihurketa</transformName>
			<transformName type="Numeric">Zenbakizko bihurketa</transformName>
			<transformName type="Tone">Tonu-bihurketa</transformName>
			<transformName type="UNGEGN">UNGEGN bihurketa</transformName>
			<transformName type="x-Accents">Azentu-bihurketa</transformName>
			<transformName type="x-Fullwidth">Zabalera osoko karaktere-bihurketa</transformName>
			<transformName type="x-Halfwidth">Zabalera erdiko karaktere-bihurketa</transformName>
			<transformName type="x-Jamo">Jamo-bihurketa</transformName>
			<transformName type="x-Pinyin">Pinyina</transformName>
			<transformName type="x-Publishing">Argitalpen-bihurketa</transformName>
		</transformNames>
		<measurementSystemNames>
			<measurementSystemName type="metric">Metriko</measurementSystemName>
			<measurementSystemName type="US">US</measurementSystemName>
		</measurementSystemNames>
		<codePatterns>
			<codePattern type="language">{0}</codePattern>
			<codePattern type="script">{0}</codePattern>
			<codePattern type="territory">{0}</codePattern>
		</codePatterns>
	</localeDisplayNames>
	<characters>
		<exemplarCharacters>[a b c ç d e f g h i j k l m n ñ o p q r s t u v w x y z]</exemplarCharacters>
		<exemplarCharacters type="auxiliary">[]</exemplarCharacters>
		<exemplarCharacters type="currencySymbol">[a b c d e f g h i j k l m n o p q r s t u v w x y z]</exemplarCharacters>
		<exemplarCharacters type="index">[A B C D E F G H I J K L M N O P Q R S T U V W X Y Z]</exemplarCharacters>
	</characters>
	<delimiters>
		<quotationStart>“</quotationStart>
		<quotationEnd>”</quotationEnd>
		<alternateQuotationStart>‘</alternateQuotationStart>
		<alternateQuotationEnd>’</alternateQuotationEnd>
	</delimiters>
	<dates>
		<calendars>
			<calendar type="buddhist">
				<eras>
					<eraAbbr>
						<era type="0">BG</era>
					</eraAbbr>
				</eras>
			</calendar>
			<calendar type="gregorian">
				<months>
					<monthContext type="format">
						<monthWidth type="abbreviated">
							<month type="1">urt</month>
							<month type="2">ots</month>
							<month type="3">mar</month>
							<month type="4">api</month>
							<month type="5">mai</month>
							<month type="6">eka</month>
							<month type="7">uzt</month>
							<month type="8">abu</month>
							<month type="9">ira</month>
							<month type="10">urr</month>
							<month type="11">aza</month>
							<month type="12">abe</month>
						</monthWidth>
						<monthWidth type="wide">
							<month type="1">urtarrila</month>
							<month type="2">otsaila</month>
							<month type="3">martxoa</month>
							<month type="4">apirila</month>
							<month type="5">maiatza</month>
							<month type="6">ekaina</month>
							<month type="7">uztaila</month>
							<month type="8">abuztua</month>
							<month type="9">iraila</month>
							<month type="10">urria</month>
							<month type="11">azaroa</month>
							<month type="12">abendua</month>
						</monthWidth>
					</monthContext>
					<monthContext type="stand-alone">
						<monthWidth type="narrow">
							<month type="1">U</month>
							<month type="2">O</month>
							<month type="3">M</month>
							<month type="4">A</month>
							<month type="5">M</month>
							<month type="6">E</month>
							<month type="7">U</month>
							<month type="8">A</month>
							<month type="9">I</month>
							<month type="10">U</month>
							<month type="11">A</month>
							<month type="12">A</month>
						</monthWidth>
					</monthContext>
				</months>
				<days>
					<dayContext type="format">
						<dayWidth type="abbreviated">
							<day type="sun">ig</day>
							<day type="mon">al</day>
							<day type="tue">as</day>
							<day type="wed">az</day>
							<day type="thu">og</day>
							<day type="fri">or</day>
							<day type="sat">lr</day>
						</dayWidth>
						<dayWidth type="narrow">
							<day type="sun">I</day>
							<day type="mon">M</day>
							<day type="tue">A</day>
							<day type="wed">A</day>
							<day type="thu">A</day>
							<day type="fri">O</day>
							<day type="sat">I</day>
						</dayWidth>
						<dayWidth type="wide">
							<day type="sun">igandea</day>
							<day type="mon">astelehena</day>
							<day type="tue">asteartea</day>
							<day type="wed">asteazkena</day>
							<day type="thu">osteguna</day>
							<day type="fri">ostirala</day>
							<day type="sat">larunbata</day>
						</dayWidth>
					</dayContext>
					<dayContext type="stand-alone">
						<dayWidth type="narrow">
							<day type="sun">I</day>
							<day type="mon">M</day>
							<day type="tue">A</day>
							<day type="wed">L</day>
							<day type="thu">A</day>
							<day type="fri">O</day>
							<day type="sat">I</day>
						</dayWidth>
					</dayContext>
				</days>
				<quarters>
					<quarterContext type="format">
						<quarterWidth type="abbreviated">
							<quarter type="1">1Hh</quarter>
							<quarter type="2">2Hh</quarter>
							<quarter type="3">3Hh</quarter>
							<quarter type="4">4Hh</quarter>
						</quarterWidth>
						<quarterWidth type="narrow">
							<quarter type="1">1</quarter>
							<quarter type="2">2</quarter>
							<quarter type="3">3</quarter>
							<quarter type="4">4</quarter>
						</quarterWidth>
						<quarterWidth type="wide">
							<quarter type="1">1. hiruhilekoa</quarter>
							<quarter type="2">2. hiruhilekoa</quarter>
							<quarter type="3">3. hiruhilekoa</quarter>
							<quarter type="4">4. hiruhilekoa</quarter>
						</quarterWidth>
					</quarterContext>
				</quarters>
				<dayPeriods>
					<dayPeriodContext type="format">
						<dayPeriodWidth type="abbreviated">
							<dayPeriod type="am">AM</dayPeriod>
							<dayPeriod type="pm">PM</dayPeriod>
						</dayPeriodWidth>
						<dayPeriodWidth type="narrow">
							<dayPeriod type="am">a</dayPeriod>
							<dayPeriod type="pm">p</dayPeriod>
						</dayPeriodWidth>
					</dayPeriodContext>
				</dayPeriods>
				<eras>
					<eraAbbr>
						<era type="0">K.a.</era>
						<era type="1">K.o.</era>
					</eraAbbr>
				</eras>
				<dateFormats>
					<dateFormatLength type="full">
						<dateFormat>
							<pattern>EEEE, y'eko' MMMM'ren' dd'a'</pattern>
						</dateFormat>
					</dateFormatLength>
					<dateFormatLength type="long">
						<dateFormat>
							<pattern>y'eko' MMM'ren' dd'a'</pattern>
						</dateFormat>
					</dateFormatLength>
					<dateFormatLength type="medium">
						<dateFormat>
							<pattern>y MMM d</pattern>
						</dateFormat>
					</dateFormatLength>
					<dateFormatLength type="short">
						<dateFormat>
							<pattern>yyyy-MM-dd</pattern>
						</dateFormat>
					</dateFormatLength>
				</dateFormats>
				<timeFormats>
					<timeFormatLength type="full">
						<timeFormat>
							<pattern>HH:mm:ss zzzz</pattern>
						</timeFormat>
					</timeFormatLength>
					<timeFormatLength type="long">
						<timeFormat>
							<pattern>HH:mm:ss z</pattern>
						</timeFormat>
					</timeFormatLength>
					<timeFormatLength type="medium">
						<timeFormat>
							<pattern>HH:mm:ss</pattern>
						</timeFormat>
					</timeFormatLength>
					<timeFormatLength type="short">
						<timeFormat>
							<pattern>HH:mm</pattern>
						</timeFormat>
					</timeFormatLength>
				</timeFormats>
				<dateTimeFormats>
					<availableFormats>
						<dateFormatItem id="d">d</dateFormatItem>
						<dateFormatItem id="Md">M/d</dateFormatItem>
						<dateFormatItem id="MEd">E, M/d</dateFormatItem>
						<dateFormatItem id="MMMEd">E, MMM d</dateFormatItem>
						<dateFormatItem id="yM">M/y</dateFormatItem>
						<dateFormatItem id="yMd">M/d/y</dateFormatItem>
						<dateFormatItem id="yMEd">EEE, M/d/y</dateFormatItem>
						<dateFormatItem id="yMMM">MMM y</dateFormatItem>
						<dateFormatItem id="yMMMd">MMM d, y</dateFormatItem>
						<dateFormatItem id="yMMMEd">EEE, MMM d, y</dateFormatItem>
						<dateFormatItem id="yQ">Q y</dateFormatItem>
						<dateFormatItem id="yQQQ">QQQ y</dateFormatItem>
						<dateFormatItem id="yyQ">Q yy</dateFormatItem>
					</availableFormats>
					<intervalFormats>
						<intervalFormatItem id="hm">
							<greatestDifference id="a">:h:mm a – h:mm a</greatestDifference>
						</intervalFormatItem>
						<intervalFormatItem id="Md">
							<greatestDifference id="d">M/d – M/d</greatestDifference>
							<greatestDifference id="M">M/d – M/d</greatestDifference>
						</intervalFormatItem>
						<intervalFormatItem id="MEd">
							<greatestDifference id="d">E, M/d – E, M/d</greatestDifference>
							<greatestDifference id="M">E, M/d – E, M/d</greatestDifference>
						</intervalFormatItem>
						<intervalFormatItem id="MMM">
							<greatestDifference id="M">MMM–MMM</greatestDifference>
						</intervalFormatItem>
						<intervalFormatItem id="MMMd">
							<greatestDifference id="d">MMM d–d</greatestDifference>
							<greatestDifference id="M">MMM d – MMM d</greatestDifference>
						</intervalFormatItem>
						<intervalFormatItem id="MMMEd">
							<greatestDifference id="d">E, MMM d – E, MMM d</greatestDifference>
							<greatestDifference id="M">E, MMM d – E, MMM d</greatestDifference>
						</intervalFormatItem>
						<intervalFormatItem id="yM">
							<greatestDifference id="M">M/yy – M/yy</greatestDifference>
							<greatestDifference id="y">M/yy – M/yy</greatestDifference>
						</intervalFormatItem>
						<intervalFormatItem id="yMd">
							<greatestDifference id="d">M/d/yy – M/d/yy</greatestDifference>
							<greatestDifference id="M">M/d/yy – M/d/yy</greatestDifference>
							<greatestDifference id="y">M/d/yy – M/d/yy</greatestDifference>
						</intervalFormatItem>
						<intervalFormatItem id="yMEd">
							<greatestDifference id="d">E, M/d/yy – E, M/d/yy</greatestDifference>
							<greatestDifference id="M">E, M/d/yy – E, M/d/yy</greatestDifference>
							<greatestDifference id="y">E, M/d/yy – E, M/d/yy</greatestDifference>
						</intervalFormatItem>
						<intervalFormatItem id="yMMM">
							<greatestDifference id="M">MMM–MMM y</greatestDifference>
							<greatestDifference id="y">MMM y – MMM y</greatestDifference>
						</intervalFormatItem>
						<intervalFormatItem id="yMMMd">
							<greatestDifference id="d">MMM d–d, y</greatestDifference>
							<greatestDifference id="M">MMM d – MMM d, y</greatestDifference>
							<greatestDifference id="y">MMM d, y – MMM d, y</greatestDifference>
						</intervalFormatItem>
						<intervalFormatItem id="yMMMEd">
							<greatestDifference id="d">E, MMM d – E, MMM d, y</greatestDifference>
							<greatestDifference id="M">E, MMM d – E, MMM d, y</greatestDifference>
							<greatestDifference id="y">E, MMM d, y – E, MMM d, y</greatestDifference>
						</intervalFormatItem>
						<intervalFormatItem id="yMMMM">
							<greatestDifference id="M">MMMM–MMMM y</greatestDifference>
							<greatestDifference id="y">MMMM y – MMMM y</greatestDifference>
						</intervalFormatItem>
					</intervalFormats>
				</dateTimeFormats>
				<fields>
					<field type="era">
						<displayName>Aroa</displayName>
					</field>
					<field type="year">
						<displayName>Urtea</displayName>
						<relative type="-1">Aurreko urtea</relative>
						<relative type="0">Aurten</relative>
						<relative type="1">Hurrengo urtea</relative>
					</field>
					<field type="month">
						<displayName>Hilabetea</displayName>
						<relative type="-1">Aurreko hilabetea</relative>
						<relative type="0">Gauden hilabetea</relative>
						<relative type="1">Hurrengo hilabetea</relative>
					</field>
					<field type="week">
						<displayName>Astea</displayName>
						<relative type="-1">Aurreko astea</relative>
						<relative type="0">Aste hau</relative>
						<relative type="1">Hurrengo astea</relative>
					</field>
					<field type="day">
						<displayName>Eguna</displayName>
						<relative type="-2">Herenegun</relative>
						<relative type="-1">Atzo</relative>
						<relative type="0">Gaur</relative>
						<relative type="1">Bihar</relative>
						<relative type="2">Etzi</relative>
					</field>
					<field type="weekday">
						<displayName>Asteguna</displayName>
					</field>
					<field type="dayperiod">
						<displayName>AM//PM</displayName>
					</field>
					<field type="hour">
						<displayName>Ordua</displayName>
					</field>
					<field type="minute">
						<displayName>Minutuak</displayName>
					</field>
					<field type="second">
						<displayName>Segundoak</displayName>
					</field>
					<field type="zone">
						<displayName>Ordu-eremua</displayName>
					</field>
				</fields>
			</calendar>
			<calendar type="roc">
				<eras>
					<eraAbbr>
						<era type="0">R.O.C. aurretik</era>
						<era type="1">R.O.C.</era>
					</eraAbbr>
				</eras>
			</calendar>
		</calendars>
		<timeZoneNames>
			<hourFormat>+HH:mm;-HH:mm</hourFormat>
			<gmtFormat>GMT{0}</gmtFormat>
			<regionFormat>{0}-(e)ko ordua</regionFormat>
			<fallbackFormat>{1} ({0})</fallbackFormat>
			<fallbackRegionFormat>{1}-(e)ko ordua ({0})</fallbackRegionFormat>
			<zone type="Etc/Unknown">
				<exemplarCity>Ezezaguna</exemplarCity>
			</zone>
			<zone type="Asia/Bahrain">
				<exemplarCity>Bahrain</exemplarCity>
			</zone>
			<zone type="Atlantic/Bermuda">
				<exemplarCity>Bermuda</exemplarCity>
			</zone>
			<zone type="Atlantic/Cape_Verde">
				<exemplarCity>Cabo Verde</exemplarCity>
			</zone>
			<zone type="Africa/Djibouti">
				<exemplarCity>Djibuti</exemplarCity>
			</zone>
			<zone type="America/Dominica">
				<exemplarCity>Dominika</exemplarCity>
			</zone>
			<zone type="Atlantic/Canary">
				<exemplarCity>Espainia (Kanariak)</exemplarCity>
			</zone>
			<zone type="Europe/Madrid">
				<exemplarCity>Madril</exemplarCity>
			</zone>
			<zone type="America/Guadeloupe">
				<exemplarCity>Guadalupe</exemplarCity>
			</zone>
			<zone type="America/Jamaica">
				<exemplarCity>Jamaika</exemplarCity>
			</zone>
			<zone type="Europe/Luxembourg">
				<exemplarCity>Luxenburgo</exemplarCity>
			</zone>
			<zone type="Europe/Monaco">
				<exemplarCity>Monako</exemplarCity>
			</zone>
			<zone type="America/Martinique">
				<exemplarCity>Martinika</exemplarCity>
			</zone>
			<zone type="Indian/Mauritius">
				<exemplarCity>Maurizio</exemplarCity>
			</zone>
			<zone type="Indian/Maldives">
				<exemplarCity>Maldivak</exemplarCity>
			</zone>
			<zone type="Asia/Singapore">
				<exemplarCity>Singapur</exemplarCity>
			</zone>
			<zone type="America/North_Dakota/Center">
				<exemplarCity>Ameriketako Estatu Batuak (Erdialdea, Ipar Dakota)</exemplarCity>
			</zone>
			<metazone type="Alaska">
				<long>
					<generic>Alaskako ordua</generic>
					<standard>Alaskako ordu estandarra</standard>
					<daylight>Alaskako urte-sasoiko ordua</daylight>
				</long>
			</metazone>
			<metazone type="Amazon">
				<long>
					<generic>Amazoniako ordua</generic>
				</long>
			</metazone>
			<metazone type="America_Central">
				<long>
					<generic>Erdialdeko ordua</generic>
					<standard>Erdialdeko ordu estandarra</standard>
					<daylight>Erdialdeko urte-sasoiko ordua</daylight>
				</long>
			</metazone>
			<metazone type="America_Eastern">
				<long>
					<generic>Ekialdeko ordua</generic>
					<standard>Ekialdeko ordu estandarra</standard>
					<daylight>Ekialdeko urte-sasoiko ordua</daylight>
				</long>
			</metazone>
			<metazone type="America_Mountain">
				<long>
					<generic>Mendiko ordua</generic>
					<standard>Mendi Harritsuetako ordu estandarra</standard>
					<daylight>Mendi Harritsuetako urte-sasoiko ordua</daylight>
				</long>
			</metazone>
			<metazone type="America_Pacific">
				<long>
					<generic>Pazifikoko ordua</generic>
					<standard>Pazifikoko ordu estandarra</standard>
					<daylight>Pazifikoko urte-sasoiko ordua</daylight>
				</long>
			</metazone>
			<metazone type="Anadyr">
				<long>
					<generic>Anadyrreko ordua</generic>
					<standard>Anadyrreko ordua</standard>
					<daylight>Anadyreko udako ordua</daylight>
				</long>
			</metazone>
			<metazone type="Argentina">
				<long>
					<generic>Argentinako ordua</generic>
					<standard>Argentinako ordua</standard>
					<daylight>Argentinako udako ordua</daylight>
				</long>
			</metazone>
			<metazone type="Argentina_Western">
				<long>
					<generic>Argentina mendebaldeko ordua</generic>
					<standard>Argentina mendebaldeko ordua</standard>
					<daylight>Argentina mendebaldeko udako ordua</daylight>
				</long>
			</metazone>
			<metazone type="Atlantic">
				<long>
					<generic>Atlantikoko ordua</generic>
					<standard>Atlantikoko ordu estandarra</standard>
					<daylight>Atlantikoko urte-sasoiko ordua</daylight>
				</long>
			</metazone>
			<metazone type="Australia_Central">
				<long>
					<generic>Australia erdialdeko ordua</generic>
					<standard>Australia erdialdeko ordu estandarra</standard>
					<daylight>Australia erdialdeko urte-sasoiko ordua</daylight>
				</long>
			</metazone>
			<metazone type="Australia_CentralWestern">
				<long>
					<generic>Australia erdialdeko mendebaldeko ordua</generic>
					<standard>Australia erdialdeko mendebaldeko ordu estandarra</standard>
					<daylight>Australia erdialdeko mendebaldeko urte-sasoiko ordua</daylight>
				</long>
			</metazone>
			<metazone type="Australia_Eastern">
				<long>
					<generic>Australia ekialdeko ordua</generic>
					<standard>Australia ekialdeko ordu estandarra</standard>
					<daylight>Australia ekialdeko urte-sasoiko ordua</daylight>
				</long>
			</metazone>
			<metazone type="Australia_Western">
				<long>
					<generic>Australia mendebaldeko ordua</generic>
					<standard>Australia mendebaldeko ordu estandarra</standard>
					<daylight>Australia mendebaldeko urte-sasoiko ordua</daylight>
				</long>
			</metazone>
			<metazone type="Brasilia">
				<long>
					<generic>Brasiliako ordua</generic>
					<standard>Brasiliako ordua</standard>
					<daylight>Brasiliako udako ordua</daylight>
				</long>
			</metazone>
			<metazone type="Choibalsan">
				<long>
					<generic>Choibalsango ordua</generic>
					<standard>Choibalsango ordua</standard>
					<daylight>Choibalsango udako ordua</daylight>
				</long>
			</metazone>
			<metazone type="Europe_Central">
				<commonlyUsed>true</commonlyUsed>
			</metazone>
			<metazone type="Europe_Eastern">
				<commonlyUsed>true</commonlyUsed>
			</metazone>
			<metazone type="Europe_Western">
				<commonlyUsed>true</commonlyUsed>
			</metazone>
			<metazone type="GMT">
				<commonlyUsed>true</commonlyUsed>
			</metazone>
			<metazone type="Hawaii_Aleutian">
				<long>
					<generic>Hawaii Aleuteko ordua</generic>
				</long>
			</metazone>
			<metazone type="Hovd">
				<long>
					<generic>Hovdeko ordua</generic>
					<standard>Hovdeko ordua</standard>
					<daylight>Hovdeko udako ordua</daylight>
				</long>
			</metazone>
			<metazone type="Indonesia_Central">
				<long>
					<generic>Indonesia erdialdeko ordua</generic>
				</long>
			</metazone>
			<metazone type="Indonesia_Eastern">
				<long>
					<generic>Indonesia ekialdeko ordua</generic>
				</long>
			</metazone>
			<metazone type="Indonesia_Western">
				<long>
					<generic>Indonesia mendebaldeko ordua</generic>
				</long>
			</metazone>
			<metazone type="Irkutsk">
				<long>
					<generic>Irkutskeko ordua</generic>
					<standard>Irkutskeko ordua</standard>
					<daylight>Irkutskeko udako ordua</daylight>
				</long>
			</metazone>
			<metazone type="Kamchatka">
				<long>
					<generic>Kamchatkako ordua</generic>
					<standard>Petropavlovsk-Kamchatskiko ordua</standard>
					<daylight>Petropavlovsk-Kamchatskiko udako ordua</daylight>
				</long>
			</metazone>
			<metazone type="Kazakhstan_Eastern">
				<long>
					<generic>Kazakhstan ekialdeko ordua</generic>
					<standard>Kazakhstango ordu estandarra</standard>
					<daylight>Kazakhstan ekialdeko udako ordua</daylight>
				</long>
			</metazone>
			<metazone type="Kazakhstan_Western">
				<long>
					<generic>Kazakhstan mendebaldeko ordua</generic>
					<standard>Kazakhstan mendebaldeko ordu estandarra</standard>
					<daylight>Kazakhstan mendebaldeko udako ordua</daylight>
				</long>
			</metazone>
			<metazone type="Krasnoyarsk">
				<long>
					<generic>Krasnoyarskeko ordua</generic>
					<standard>Krasnoyarskeko ordua</standard>
					<daylight>Krasnoyarskeko udako ordua</daylight>
				</long>
			</metazone>
			<metazone type="Lord_Howe">
				<long>
					<generic>Lord Howeko ordua</generic>
					<standard>Lord Howeko ordu estandarra</standard>
					<daylight>Lord Howeko urte-sasoiko ordua</daylight>
				</long>
			</metazone>
			<metazone type="Macquarie">
				<long>
					<generic>Macquarieko ordua</generic>
				</long>
			</metazone>
			<metazone type="Magadan">
				<long>
					<generic>Magadako ordua</generic>
					<standard>Magadako ordua</standard>
					<daylight>Magadango udako ordua</daylight>
				</long>
			</metazone>
			<metazone type="Mongolia">
				<long>
					<generic>Mongoliako ordua</generic>
					<standard>Ulan Batorgo ordua</standard>
					<daylight>Ulan Batorgo udako ordua</daylight>
				</long>
			</metazone>
			<metazone type="Moscow">
				<long>
					<generic>Moskuko ordua</generic>
					<standard>Moskuko ordu estandarra</standard>
					<daylight>Moskuko udako ordua</daylight>
				</long>
			</metazone>
			<metazone type="Newfoundland">
				<long>
					<generic>Ternuako ordua</generic>
					<standard>Ternuako ordu estandarra</standard>
					<daylight>Ternuako urte-sasoiko ordua</daylight>
				</long>
			</metazone>
			<metazone type="Noronha">
				<long>
					<generic>Noronhako ordua</generic>
					<standard>Fernando de Noronhako ordua</standard>
					<daylight>Fernando de Noronhako udako ordua</daylight>
				</long>
			</metazone>
			<metazone type="Novosibirsk">
				<long>
					<generic>Novosibirskeko ordua</generic>
					<standard>Novosibirskeko ordua</standard>
					<daylight>Novosibirskeko udako ordua</daylight>
				</long>
			</metazone>
			<metazone type="Omsk">
				<long>
					<generic>Omskeko ordua</generic>
					<standard>Omskeko ordua</standard>
					<daylight>Omskeko udako ordua</daylight>
				</long>
			</metazone>
			<metazone type="Sakhalin">
				<long>
					<generic>Sakhalingo ordua</generic>
					<standard>Sakhalingo ordua</standard>
					<daylight>Sakhalingo udako ordua</daylight>
				</long>
			</metazone>
			<metazone type="Samara">
				<long>
					<generic>Samarako ordua</generic>
					<standard>Samarako ordua</standard>
					<daylight>Samarako udako ordua</daylight>
				</long>
			</metazone>
			<metazone type="Vladivostok">
				<long>
					<generic>Vladivostokeko ordua</generic>
					<standard>Vladivostokeko ordua</standard>
					<daylight>Vladivostokeko udako ordua</daylight>
				</long>
			</metazone>
			<metazone type="Volgograd">
				<long>
					<generic>Belgradeko ordua</generic>
					<standard>Belgradeko ordua</standard>
					<daylight>Belgradeko udako ordua</daylight>
				</long>
			</metazone>
			<metazone type="Yakutsk">
				<long>
					<generic>Yakutskeko ordua</generic>
					<standard>Yakutskeko ordua</standard>
					<daylight>Yakutskeko udako ordua</daylight>
				</long>
			</metazone>
			<metazone type="Yekaterinburg">
				<long>
					<generic>Yekaterinburgeko ordua</generic>
					<standard>Yekaterinburgeko ordua</standard>
					<daylight>Yekaterinburgeko udako ordua</daylight>
				</long>
			</metazone>
		</timeZoneNames>
	</dates>
	<numbers>
		<symbols numberSystem="latn">
			<decimal>,</decimal>
			<group>.</group>
			<list>;</list>
			<percentSign>%</percentSign>
			<plusSign>+</plusSign>
			<minusSign>-</minusSign>
			<exponential>E</exponential>
			<perMille>‰</perMille>
			<infinity>∞</infinity>
			<nan>NaN</nan>
		</symbols>
		<decimalFormats>
			<decimalFormatLength>
				<decimalFormat>
					<pattern>#,##0.###</pattern>
				</decimalFormat>
			</decimalFormatLength>
			<decimalFormatLength type="short">
				<decimalFormat>
					<pattern type="1000000000">0.0B</pattern>
					<pattern type="10000000000">00B</pattern>
					<pattern type="100000000000">000B</pattern>
				</decimalFormat>
			</decimalFormatLength>
		</decimalFormats>
		<scientificFormats>
			<scientificFormatLength>
				<scientificFormat>
					<pattern>#E0</pattern>
				</scientificFormat>
			</scientificFormatLength>
		</scientificFormats>
		<currencyFormats>
			<currencyFormatLength>
				<currencyFormat>
					<pattern>#,##0.00 ¤</pattern>
				</currencyFormat>
			</currencyFormatLength>
			<unitPattern count="one">{0}{1}</unitPattern>
			<unitPattern count="other">{0} {1}</unitPattern>
		</currencyFormats>
		<currencies>
			<currency type="AED">
				<displayName>Arabiar Emirerri Batuetako dirhama</displayName>
			</currency>
			<currency type="AFN">
				<displayName>Afganistango afghania</displayName>
			</currency>
			<currency type="ALL">
				<displayName>Albaniako leka</displayName>
			</currency>
			<currency type="AMD">
				<displayName>Armeniako drama</displayName>
			</currency>
			<currency type="ANG">
				<displayName>Holandarren Antilletako guilderra</displayName>
			</currency>
			<currency type="AOA">
				<displayName>Angolako kwanza</displayName>
			</currency>
			<currency type="ARS">
				<displayName>Argentinako pesoa</displayName>
			</currency>
			<currency type="AUD">
				<displayName>Australiako dolarra</displayName>
			</currency>
			<currency type="AWG">
				<displayName>Arubeko florina</displayName>
			</currency>
			<currency type="AZN">
				<displayName>Azerbaijango manata</displayName>
			</currency>
			<currency type="BAM">
				<displayName>Bosnia-Herzegovinako marko trukakorra</displayName>
			</currency>
			<currency type="BBD">
				<displayName>Barbadosetako dolarra</displayName>
			</currency>
			<currency type="BDT">
				<displayName>Bangladesheko taka</displayName>
			</currency>
			<currency type="BGN">
				<displayName>Bulgariako leva</displayName>
			</currency>
			<currency type="BHD">
				<displayName>Bahraingo dinarra</displayName>
			</currency>
			<currency type="BIF">
				<displayName>Burundiko frankoa</displayName>
			</currency>
			<currency type="BMD">
				<displayName>Bermudetako dolarra</displayName>
			</currency>
			<currency type="BND">
				<displayName>Bruneiko dolarra</displayName>
			</currency>
			<currency type="BOB">
				<displayName>Boliviako bolivianoa</displayName>
			</currency>
			<currency type="BRL">
				<displayName>Brasiliako erreala</displayName>
			</currency>
			<currency type="BSD">
				<displayName>Bahametako dolarra</displayName>
			</currency>
			<currency type="BTN">
				<displayName>Bhutango ngultruma</displayName>
			</currency>
			<currency type="BWP">
				<displayName>Bosniako pula</displayName>
			</currency>
			<currency type="BYR">
				<displayName>Bielorrusiako errubloa</displayName>
			</currency>
			<currency type="BZD">
				<displayName>Belizeko dolarra</displayName>
			</currency>
			<currency type="CAD">
				<displayName>Kanadako dolarra</displayName>
			</currency>
			<currency type="CDF">
				<displayName>Kongoko frankoa</displayName>
			</currency>
			<currency type="CHF">
				<displayName>Suitzako frankoa</displayName>
			</currency>
			<currency type="CLP">
				<displayName>Txileko pesoa</displayName>
			</currency>
			<currency type="CNY">
				<displayName>Txinako yuana</displayName>
			</currency>
			<currency type="COP">
				<displayName>Kolonbiako pesoa</displayName>
			</currency>
			<currency type="CRC">
				<displayName>Costa Ricako colona</displayName>
			</currency>
			<currency type="CUC">
				<displayName>Kubako peso trukakorra</displayName>
			</currency>
			<currency type="CUP">
				<displayName>Kubako pesoa</displayName>
			</currency>
			<currency type="CVE">
				<displayName>Cabo Verdeko ezkutua</displayName>
			</currency>
			<currency type="CZK">
				<displayName>Txekiar Errepublikako koroa</displayName>
			</currency>
			<currency type="DJF">
				<displayName>Djibouteko frankoa</displayName>
			</currency>
			<currency type="DKK">
				<displayName>Danimarkako koroa</displayName>
			</currency>
			<currency type="DOP">
				<displayName>Dominikar Errepublikako pesoa</displayName>
			</currency>
			<currency type="DZD">
				<displayName>Algeriako dinarra</displayName>
			</currency>
			<currency type="EGP">
				<displayName>Egiptoko libera</displayName>
			</currency>
			<currency type="ERN">
				<displayName>Eritreako nakfa</displayName>
			</currency>
			<currency type="ESP">
				<pattern>¤ #,##0;-¤ #,##0</pattern>
				<symbol>₧</symbol>
				<decimal>,</decimal>
				<group>.</group>
			</currency>
			<currency type="ETB">
				<displayName>Etiopiako birra</displayName>
			</currency>
			<currency type="EUR">
				<displayName>Euroa</displayName>
			</currency>
			<currency type="FJD">
				<displayName>Fijiko dolarra</displayName>
			</currency>
			<currency type="FKP">
				<displayName>Falkland uharteetako libera</displayName>
			</currency>
			<currency type="GBP">
				<displayName>Britainia Handiko libera esterlina</displayName>
			</currency>
			<currency type="GEL">
				<displayName>Georgiako laria</displayName>
			</currency>
			<currency type="GHS">
				<displayName>Ghanako cedia</displayName>
			</currency>
			<currency type="GIP">
				<displayName>Gibraltarreko libera</displayName>
			</currency>
			<currency type="GMD">
				<displayName>Ganbiako dalasia</displayName>
			</currency>
			<currency type="GNF">
				<displayName>Gineako frankoa</displayName>
			</currency>
			<currency type="GTQ">
				<displayName>Guatemalako quetzala</displayName>
			</currency>
			<currency type="GYD">
				<displayName>Guyanako dolarra</displayName>
			</currency>
			<currency type="HKD">
				<displayName>Hong Kongeko dolarra</displayName>
			</currency>
			<currency type="HNL">
				<displayName>Hondurasko lempira</displayName>
			</currency>
			<currency type="HRK">
				<displayName>Kroaziako kuna</displayName>
			</currency>
			<currency type="HTG">
				<displayName>Haitiko gourdea</displayName>
			</currency>
			<currency type="HUF">
				<displayName>Hungariako florina</displayName>
			</currency>
			<currency type="IDR">
				<displayName>Indonesiako rupiah</displayName>
			</currency>
			<currency type="ILS">
				<displayName>Israeleko sheqel berria</displayName>
			</currency>
			<currency type="INR">
				<displayName>Indiako errupia</displayName>
			</currency>
			<currency type="IQD">
				<displayName>Irakeko dinarra</displayName>
			</currency>
			<currency type="IRR">
				<displayName>Irango riala</displayName>
			</currency>
			<currency type="ISK">
				<displayName>Islandiako koroa</displayName>
			</currency>
			<currency type="JMD">
				<displayName>Jamaikako dolarra</displayName>
			</currency>
			<currency type="JOD">
				<displayName>Jordaniako dinarra</displayName>
			</currency>
			<currency type="JPY">
				<displayName>Japoniako yena</displayName>
			</currency>
			<currency type="KES">
				<displayName>Kenyako shillinga</displayName>
			</currency>
			<currency type="KGS">
				<displayName>Kyrgystango soma</displayName>
			</currency>
			<currency type="KHR">
				<displayName>Kanbodiako riela</displayName>
			</currency>
			<currency type="KMF">
				<displayName>Komoreetako frankoa</displayName>
			</currency>
			<currency type="KPW">
				<displayName>Ipar Koreako wona</displayName>
			</currency>
			<currency type="KRW">
				<displayName>Hego Koreako wona</displayName>
			</currency>
			<currency type="KWD">
				<displayName>Kuwaiteko dinarra</displayName>
			</currency>
			<currency type="KYD">
				<displayName>Kaiman uharteetako dolarra</displayName>
			</currency>
			<currency type="KZT">
				<displayName>Kazakhstango tengea</displayName>
			</currency>
			<currency type="LAK">
				<displayName>Laoteko kipa</displayName>
			</currency>
			<currency type="LBP">
				<displayName>Libanoko libera</displayName>
			</currency>
			<currency type="LKR">
				<displayName>Sri Lankako errupia</displayName>
			</currency>
			<currency type="LRD">
				<displayName>Liberiako dolarra</displayName>
			</currency>
			<currency type="LSL">
				<displayName>Lesothoko lotia</displayName>
			</currency>
			<currency type="LTL">
				<displayName>Lituaniako litasa</displayName>
			</currency>
			<currency type="LVL">
				<displayName>Letoniako latsa</displayName>
			</currency>
			<currency type="LYD">
				<displayName>Libiako dinarra</displayName>
			</currency>
			<currency type="MAD">
				<displayName>Marokoko dirhama</displayName>
			</currency>
			<currency type="MDL">
				<displayName>Moldaviako leua</displayName>
			</currency>
			<currency type="MGA">
				<displayName>Madagaskarreko ariarya</displayName>
			</currency>
			<currency type="MKD">
				<displayName>Mazedoniako denara</displayName>
			</currency>
			<currency type="MMK">
				<displayName>Myanmako kyata</displayName>
			</currency>
			<currency type="MNT">
				<displayName>Mongoliako tugrika</displayName>
			</currency>
			<currency type="MOP">
				<displayName>Macanako pataca</displayName>
			</currency>
			<currency type="MRO">
				<displayName>Mauritaniako ouguiya</displayName>
			</currency>
			<currency type="MUR">
				<displayName>Mauriziar uharteetako errupia</displayName>
			</currency>
			<currency type="MVR">
				<displayName>Maldibiako rufiyaa</displayName>
			</currency>
			<currency type="MWK">
				<displayName>Malawiko kwacha</displayName>
			</currency>
			<currency type="MXN">
				<displayName>Mexikoko pesoa</displayName>
			</currency>
			<currency type="MYR">
				<displayName>Malaysiako ringgita</displayName>
			</currency>
			<currency type="NAD">
				<displayName>Namibiako dolarra</displayName>
			</currency>
			<currency type="NGN">
				<displayName>Nigeriako naira</displayName>
			</currency>
			<currency type="NIO">
				<displayName>Nikaraguako cordoba</displayName>
			</currency>
			<currency type="NOK">
				<displayName>Norvegiako koroa</displayName>
			</currency>
			<currency type="NPR">
				<displayName>Nepalgo errupia</displayName>
			</currency>
			<currency type="NZD">
				<displayName>Zeelanda Berriko dolarra</displayName>
			</currency>
			<currency type="OMR">
				<displayName>Omango riala</displayName>
			</currency>
			<currency type="PAB">
				<displayName>Panamako balboa</displayName>
			</currency>
			<currency type="PEN">
				<displayName>Peruko sol berria</displayName>
			</currency>
			<currency type="PGK">
				<displayName>Papua Ginea Berriko kina</displayName>
			</currency>
			<currency type="PHP">
				<displayName>Filipinetako pesoa</displayName>
			</currency>
			<currency type="PKR">
				<displayName>Pakistango errupia</displayName>
			</currency>
			<currency type="PLN">
				<displayName>Poloniako zlotya</displayName>
			</currency>
			<currency type="PYG">
				<displayName>Paraguaiko guarania</displayName>
			</currency>
			<currency type="QAR">
				<displayName>Qatareko riala</displayName>
			</currency>
			<currency type="RSD">
				<displayName>Serbiako dinarra</displayName>
			</currency>
			<currency type="RUB">
				<displayName>Errusiako errubloa</displayName>
			</currency>
			<currency type="RWF">
				<displayName>Ruandako frankoa</displayName>
			</currency>
			<currency type="SAR">
				<displayName>Saudiko riala</displayName>
			</currency>
			<currency type="SBD">
				<displayName>Salomon uharteetako dolarra</displayName>
			</currency>
			<currency type="SCR">
				<displayName>Seychelleetako errupia</displayName>
			</currency>
			<currency type="SDG">
				<displayName>Sudango libera</displayName>
			</currency>
			<currency type="SEK">
				<displayName>Suediako koroa</displayName>
			</currency>
			<currency type="SGD">
				<displayName>Singapurgo dolarra</displayName>
			</currency>
			<currency type="SHP">
				<displayName>Santa Helenako libera</displayName>
			</currency>
			<currency type="SLL">
				<displayName>Sierra Leonako leona</displayName>
			</currency>
			<currency type="SOS">
				<displayName>Somaliako shillinga</displayName>
			</currency>
			<currency type="SRD">
				<displayName>Surinameko dolarra</displayName>
			</currency>
			<currency type="STD">
				<displayName>Sao Tomeko eta Principeko dobra</displayName>
			</currency>
			<currency type="SYP">
				<displayName>Siriako libera</displayName>
			</currency>
			<currency type="SZL">
				<displayName>Swaziko lilangenia</displayName>
			</currency>
			<currency type="THB">
				<displayName>Thailandiako bahta</displayName>
			</currency>
			<currency type="TJS">
				<displayName>Tajikistango somonia</displayName>
			</currency>
			<currency type="TMT">
				<displayName>Turkmenistango manata</displayName>
			</currency>
			<currency type="TND">
				<displayName>Tunisiako dinarra</displayName>
			</currency>
			<currency type="TOP">
				<displayName>Tongako Paʻanga</displayName>
			</currency>
			<currency type="TRY">
				<displayName>Turkiako lira</displayName>
			</currency>
			<currency type="TTD">
				<displayName>Trinidadeko eta Tobagoko dolarra</displayName>
			</currency>
			<currency type="TWD">
				<displayName>Taiwango dolar berria</displayName>
			</currency>
			<currency type="TZS">
				<displayName>Tanzaniako shillinga</displayName>
			</currency>
			<currency type="UAH">
				<displayName>Ukrainako hryvnia</displayName>
			</currency>
			<currency type="UGX">
				<displayName>Ugandako shillinga</displayName>
			</currency>
			<currency type="USD">
				<displayName>AEBetako dolarra</displayName>
			</currency>
			<currency type="UYU">
				<displayName>Uruguaiko pesoa</displayName>
			</currency>
			<currency type="UZS">
				<displayName>Uzbekistango soma</displayName>
			</currency>
			<currency type="VEF">
				<displayName>Venezuelako bolivarra</displayName>
			</currency>
			<currency type="VND">
				<displayName>Vietnameko donga</displayName>
			</currency>
			<currency type="VUV">
				<displayName>Vanuatuko vatua</displayName>
			</currency>
			<currency type="WST">
				<displayName>Samoko tala</displayName>
			</currency>
			<currency type="XAF">
				<displayName>Afrika erdialdeko frankoa BEAC</displayName>
			</currency>
			<currency type="XCD">
				<displayName>Karibe ekialdeko dolarra</displayName>
			</currency>
			<currency type="XOF">
				<displayName>Afrika ekialdeko frankoa BCEAO</displayName>
			</currency>
			<currency type="XPF">
				<displayName>CFP frankoa</displayName>
			</currency>
			<currency type="XXX">
				<displayName>Moneta ezezaguna</displayName>
			</currency>
			<currency type="YER">
				<displayName>Yemengo riala</displayName>
			</currency>
			<currency type="ZAR">
				<displayName>Hego Afrikako randa</displayName>
			</currency>
			<currency type="ZMK">
				<displayName>Zambiako kwacha</displayName>
			</currency>
		</currencies>
	</numbers>
	<units>
		<unit type="day">
			<unitPattern count="0" alt="short">0 egun</unitPattern>
			<unitPattern count="1" alt="short">1 egun</unitPattern>
			<unitPattern count="one">{0} eguna</unitPattern>
			<unitPattern count="other">{0} egun</unitPattern>
			<unitPattern count="other" alt="short">{0} egun</unitPattern>
		</unit>
		<unit type="day-future">
			<unitPattern count="0">0 egun barru</unitPattern>
			<unitPattern count="1">1 egun barru</unitPattern>
			<unitPattern count="other">{0} egun barru</unitPattern>
		</unit>
		<unit type="day-past">
			<unitPattern count="0">Duela 0 egun</unitPattern>
			<unitPattern count="1">Duela 1 egun</unitPattern>
			<unitPattern count="other">Duela {0} egun</unitPattern>
		</unit>
		<unit type="hour">
			<unitPattern count="1" alt="short">1 ordu</unitPattern>
			<unitPattern count="one">{0} ordua</unitPattern>
			<unitPattern count="other">{0} h</unitPattern>
			<unitPattern count="other" alt="short">{0} ordu</unitPattern>
		</unit>
		<unit type="hour-future">
			<unitPattern count="0">0 ordu barru</unitPattern>
			<unitPattern count="1">1 ordu barru</unitPattern>
			<unitPattern count="other">{0} ordu barru</unitPattern>
		</unit>
		<unit type="hour-past">
			<unitPattern count="0">Duela 0 ordu</unitPattern>
			<unitPattern count="1">Duela ordubete</unitPattern>
			<unitPattern count="other">Duela {0} ordu</unitPattern>
		</unit>
		<unit type="minute">
			<unitPattern count="1" alt="short">1 minutu</unitPattern>
			<unitPattern count="one">{0} minutu</unitPattern>
			<unitPattern count="other">{0} minutu</unitPattern>
			<unitPattern count="other" alt="short">{0} minutu</unitPattern>
		</unit>
		<unit type="minute-future">
			<unitPattern count="0">0 minutu barru</unitPattern>
			<unitPattern count="1">1 minutu barru</unitPattern>
			<unitPattern count="other">{0} minutu barru</unitPattern>
		</unit>
		<unit type="minute-past">
			<unitPattern count="0">Duela 0 minutu</unitPattern>
			<unitPattern count="1">Duela 1 minutu</unitPattern>
			<unitPattern count="other">Duela {0} minutu</unitPattern>
		</unit>
		<unit type="month">
			<unitPattern count="0">0 hilabete</unitPattern>
			<unitPattern count="0" alt="short">0 hilabete</unitPattern>
			<unitPattern count="1">1 hilabete</unitPattern>
			<unitPattern count="1" alt="short">1 hilabete</unitPattern>
			<unitPattern count="one">{0} hilea</unitPattern>
			<unitPattern count="other">{0} hilabete</unitPattern>
			<unitPattern count="other" alt="short">{0} hilabete</unitPattern>
		</unit>
		<unit type="month-future">
			<unitPattern count="0">0 hilabete barru</unitPattern>
			<unitPattern count="1">1 hilabete barru</unitPattern>
			<unitPattern count="other">{0} hilabete barru</unitPattern>
		</unit>
		<unit type="month-past">
			<unitPattern count="0">Duela 0 hilabete</unitPattern>
			<unitPattern count="1">Duela 1 hilabete</unitPattern>
			<unitPattern count="other">Duela {0} hilabete</unitPattern>
		</unit>
		<unit type="second">
			<unitPattern count="0" alt="short">0 seg.</unitPattern>
			<unitPattern count="1" alt="short">1 seg.</unitPattern>
			<unitPattern count="one">{0} segundo</unitPattern>
			<unitPattern count="other">{0} s</unitPattern>
			<unitPattern count="other" alt="short">{0} seg.</unitPattern>
		</unit>
		<unit type="second-future">
			<unitPattern count="0">0 segundo barru</unitPattern>
			<unitPattern count="1">1 segundo barru</unitPattern>
			<unitPattern count="other">{0} segundo barru</unitPattern>
		</unit>
		<unit type="second-past">
			<unitPattern count="0">Duela 0 segundo</unitPattern>
			<unitPattern count="1">Duela 1 segundo</unitPattern>
			<unitPattern count="other">Duela {0} segundo</unitPattern>
		</unit>
		<unit type="week">
			<unitPattern count="0" alt="short">0 aste</unitPattern>
			<unitPattern count="1" alt="short">1 aste</unitPattern>
			<unitPattern count="one">{0} aste</unitPattern>
			<unitPattern count="other">{0} aste</unitPattern>
			<unitPattern count="other" alt="short">{0} aste</unitPattern>
		</unit>
		<unit type="week-future">
			<unitPattern count="0">0 aste barru</unitPattern>
			<unitPattern count="1">1 aste barru</unitPattern>
			<unitPattern count="other">{0} aste barru</unitPattern>
		</unit>
		<unit type="week-past">
			<unitPattern count="0">Duela 0 aste</unitPattern>
			<unitPattern count="1">Duela 1 aste</unitPattern>
			<unitPattern count="other">Duela {0} aste</unitPattern>
		</unit>
		<unit type="year">
			<unitPattern count="0" alt="short">0 urte</unitPattern>
			<unitPattern count="1" alt="short">1 urte</unitPattern>
			<unitPattern count="one">{0} urtea</unitPattern>
			<unitPattern count="other">{0} urte</unitPattern>
			<unitPattern count="other" alt="short">{0} urte</unitPattern>
		</unit>
		<unit type="year-future">
			<unitPattern count="0">0 urte barru</unitPattern>
			<unitPattern count="1">1 urte barru</unitPattern>
			<unitPattern count="other">{0} urte barru</unitPattern>
		</unit>
		<unit type="year-past">
			<unitPattern count="0">Duela 0 urte</unitPattern>
			<unitPattern count="1">Duela 1 urte</unitPattern>
			<unitPattern count="other">Duela {0} urte</unitPattern>
		</unit>
	</units>
	<listPatterns>
		<listPattern>
			<listPatternPart type="2">{0} eta {1}</listPatternPart>
			<listPatternPart type="end">{0} eta {1}</listPatternPart>
		</listPattern>
	</listPatterns>
	<posix>
		<messages>
			<yesstr>bai:b</yesstr>
			<nostr>ez:e</nostr>
		</messages>
	</posix>
</ldml>

