<?xml version="1.0" encoding="UTF-8" ?>
<!DOCTYPE ldml SYSTEM "../../common/dtd/ldml.dtd">
<ldml>
	<identity>
		<version number="$Revision: 5968 $"/>
		<generation date="$Date: 2011-07-05 15:52:21 -0500 (Tue, 05 Jul 2011) $"/>
		<language type="kl"/>
	</identity>
	<fallback draft="unconfirmed">da en</fallback>
	<localeDisplayNames>
		<localeDisplayPattern>
			<localePattern draft="unconfirmed">{0} ({1})</localePattern>
			<localeSeparator draft="unconfirmed">, </localeSeparator>
		</localeDisplayPattern>
		<languages>
			<language type="ar" draft="unconfirmed">arabiamiusut</language>
			<language type="cs" draft="unconfirmed">tjekkiamut</language>
			<language type="da" draft="unconfirmed">qallunaatut</language>
			<language type="de" draft="unconfirmed">tyskisut</language>
			<language type="en" draft="unconfirmed">tuluttut</language>
			<language type="es" draft="unconfirmed">spanskisut</language>
			<language type="et" draft="unconfirmed">estlandimiutut</language>
			<language type="fi" draft="unconfirmed">finnisuut</language>
			<language type="fr" draft="unconfirmed">franskisuut</language>
			<language type="ga" draft="unconfirmed">irlandimiutut</language>
			<language type="is" draft="unconfirmed">islandimiusut</language>
			<language type="it" draft="unconfirmed">italiamiutut</language>
			<language type="ja" draft="unconfirmed">japanimiusut</language>
			<language type="kl">kalaallisut</language>
			<language type="la" draft="unconfirmed">latin</language>
			<language type="lt" draft="unconfirmed">litauenimiutut</language>
			<language type="lv" draft="unconfirmed">letlandimiutut</language>
			<language type="nl" draft="unconfirmed">hollandimiutut</language>
			<language type="pt" draft="unconfirmed">portugalimiutut</language>
			<language type="ro" draft="unconfirmed">rumænimiutut</language>
			<language type="ru" draft="unconfirmed">russisut</language>
			<language type="sk" draft="unconfirmed">slovakimiusut</language>
			<language type="sv" draft="unconfirmed">svenskisuut</language>
			<language type="und" draft="unconfirmed">atorsinnaanngitsoq oqaatsit</language>
			<language type="ur" draft="unconfirmed">urdu</language>
			<language type="zh" draft="unconfirmed">kineserisut</language>
		</languages>
		<scripts>
			<script type="Latn" draft="unconfirmed">latin</script>
		</scripts>
		<territories>
			<territory type="001" draft="unconfirmed">silarsuaq</territory>
			<territory type="002" draft="unconfirmed">Afrika</territory>
			<territory type="003" draft="unconfirmed">Amerika Avannarleq</territory>
			<territory type="005" draft="unconfirmed">Amerika Kujalleq</territory>
			<territory type="009" draft="unconfirmed">Oceania</territory>
			<territory type="011" draft="unconfirmed">Afrika Killiit</territory>
			<territory type="013" draft="unconfirmed">America Qitiusumik</territory>
			<territory type="014" draft="unconfirmed">Afrika Kangilliit</territory>
			<territory type="015" draft="unconfirmed">Afrika Avannarleq</territory>
			<territory type="017" draft="unconfirmed">Afrika Qitiusumik</territory>
			<territory type="019" draft="unconfirmed">Amerika</territory>
			<territory type="030" draft="unconfirmed">Asia Kangilliit</territory>
			<territory type="034" draft="unconfirmed">Asia Kujalleq</territory>
			<territory type="039" draft="unconfirmed">Europa Kujalleq</territory>
			<territory type="053" draft="unconfirmed">Australia aamma Nutaaq Zeeland</territory>
			<territory type="054" draft="unconfirmed">Melanesia</territory>
			<territory type="061" draft="unconfirmed">Polynesia</territory>
			<territory type="142" draft="unconfirmed">Asia</territory>
			<territory type="143" draft="unconfirmed">Asia Qitiusumik</territory>
			<territory type="145" draft="unconfirmed">Asia Killiit</territory>
			<territory type="150" draft="unconfirmed">Europa</territory>
			<territory type="151" draft="unconfirmed">Europa Kangilliit</territory>
			<territory type="154" draft="unconfirmed">Europa Avannarleq</territory>
			<territory type="155" draft="unconfirmed">Europa Killiit</territory>
			<territory type="419" draft="unconfirmed">America Latin</territory>
			<territory type="AD" draft="unconfirmed">Andorra</territory>
			<territory type="AF" draft="unconfirmed">Afghanistan</territory>
			<territory type="AG" draft="unconfirmed">Antigua aamma Barbuda</territory>
			<territory type="AL" draft="unconfirmed">Albania</territory>
			<territory type="AM" draft="unconfirmed">Armenia</territory>
			<territory type="AO" draft="unconfirmed">Angola</territory>
			<territory type="AQ" draft="unconfirmed">Qalasersuaq Kujalleq</territory>
			<territory type="AR" draft="unconfirmed">Argentina</territory>
			<territory type="AT" draft="unconfirmed">Østrigi</territory>
			<territory type="AU" draft="unconfirmed">Australia</territory>
			<territory type="AW" draft="unconfirmed">Aruba</territory>
			<territory type="AX" draft="unconfirmed">Ålandi</territory>
			<territory type="BA" draft="unconfirmed">Bosnia aamma Herzegovina</territory>
			<territory type="BB" draft="unconfirmed">Barbados</territory>
			<territory type="BE" draft="unconfirmed">Belgia</territory>
			<territory type="BF" draft="unconfirmed">Burkina Faso</territory>
			<territory type="BG" draft="unconfirmed">Bulgaria</territory>
			<territory type="BH" draft="unconfirmed">Bahrain</territory>
			<territory type="BI" draft="unconfirmed">Burundi</territory>
			<territory type="BM" draft="unconfirmed">Bermuda</territory>
			<territory type="BN" draft="unconfirmed">Brunei</territory>
			<territory type="BO" draft="unconfirmed">Bolivia</territory>
			<territory type="BR" draft="unconfirmed">Brasilien</territory>
			<territory type="BS" draft="unconfirmed">Bahamas</territory>
			<territory type="BW" draft="unconfirmed">Botswana</territory>
			<territory type="BY" draft="unconfirmed">Hvideruslandi</territory>
			<territory type="BZ" draft="unconfirmed">Belize</territory>
			<territory type="CA" draft="unconfirmed">Canada</territory>
			<territory type="CD" draft="unconfirmed">Kongo-Kinshasa</territory>
			<territory type="CD" alt="variant" draft="unconfirmed">Kongo-Kinshasa</territory>
			<territory type="CG" draft="unconfirmed">Kongo-Brazzaville</territory>
			<territory type="CG" alt="variant" draft="unconfirmed">Kongo-Brazzaville</territory>
			<territory type="CH" draft="unconfirmed">Schweizi</territory>
			<territory type="CN" draft="unconfirmed">Kina</territory>
			<territory type="CO" draft="unconfirmed">Colombia</territory>
			<territory type="CP" draft="unconfirmed">Clipperton qeqertaq</territory>
			<territory type="CR" draft="unconfirmed">Costa Rica</territory>
			<territory type="CU" draft="unconfirmed">Kuba</territory>
			<territory type="CV" draft="unconfirmed">Cap Verde</territory>
			<territory type="CX" draft="unconfirmed">Jul-qeqertaq</territory>
			<territory type="CZ" draft="unconfirmed">Tjekkia</territory>
			<territory type="DE" draft="unconfirmed">Tysklandi</territory>
			<territory type="DG" draft="unconfirmed">Diego Garcia</territory>
			<territory type="DJ" draft="unconfirmed">Djibouti</territory>
			<territory type="DK" draft="unconfirmed">Danmarki</territory>
			<territory type="DM" draft="unconfirmed">Dominica</territory>
			<territory type="DZ" draft="unconfirmed">Algeriet</territory>
			<territory type="EA" draft="unconfirmed">Ceuta aamma Melilla</territory>
			<territory type="EC" draft="unconfirmed">Ecuador</territory>
			<territory type="EE" draft="unconfirmed">Estlandi</territory>
			<territory type="EG" draft="unconfirmed">Egypten</territory>
			<territory type="EH" draft="unconfirmed">Sahara Killiit</territory>
			<territory type="ER" draft="unconfirmed">Eritrea</territory>
			<territory type="ES" draft="unconfirmed">Spania</territory>
			<territory type="ET" draft="unconfirmed">Ethiopia</territory>
			<territory type="EU" draft="unconfirmed">Europami nunat kattusimaffiat</territory>
			<territory type="FI" draft="unconfirmed">Finlandi</territory>
			<territory type="FJ" draft="unconfirmed">Fiji</territory>
			<territory type="FK" draft="unconfirmed">Falklandi qeqertaq</territory>
			<territory type="FK" alt="variant" draft="unconfirmed">Falklandi qeqertaq</territory>
			<territory type="FM" draft="unconfirmed">Micronesia</territory>
			<territory type="FO" draft="unconfirmed">Savalimmiut</territory>
			<territory type="FR" draft="unconfirmed">Frankrigi</territory>
			<territory type="GA" draft="unconfirmed">Gabon</territory>
			<territory type="GB" draft="unconfirmed">Tuluit Nunaat</territory>
			<territory type="GD" draft="unconfirmed">Grenada</territory>
			<territory type="GE" draft="unconfirmed">Georgia</territory>
			<territory type="GG" draft="unconfirmed">Guernsey</territory>
			<territory type="GH" draft="unconfirmed">Ghana</territory>
			<territory type="GI" draft="unconfirmed">Gibraltar</territory>
			<territory type="GL">Kalaallit Nunaat</territory>
			<territory type="GM" draft="unconfirmed">Gambia</territory>
			<territory type="GN" draft="unconfirmed">Guinea</territory>
			<territory type="GP" draft="unconfirmed">Guadeloupe</territory>
			<territory type="GR" draft="unconfirmed">Grækenlandi</territory>
			<territory type="GT" draft="unconfirmed">Guatemala</territory>
			<territory type="GU" draft="unconfirmed">Guam</territory>
			<territory type="GW" draft="unconfirmed">Guinea-Bissau</territory>
			<territory type="GY" draft="unconfirmed">Guyana</territory>
			<territory type="HK" draft="unconfirmed">Hongkong</territory>
			<territory type="HK" alt="short" draft="unconfirmed">Hongkong</territory>
			<territory type="HN" draft="unconfirmed">Honduras</territory>
			<territory type="HT" draft="unconfirmed">Haiti</territory>
			<territory type="HU" draft="unconfirmed">Ungarni</territory>
			<territory type="IC" draft="unconfirmed">Kanaria qeqertaq</territory>
			<territory type="ID" draft="unconfirmed">Indonesia</territory>
			<territory type="IE" draft="unconfirmed">Irlandi</territory>
			<territory type="IL" draft="unconfirmed">Israel</territory>
			<territory type="IN" draft="unconfirmed">India</territory>
			<territory type="IQ" draft="unconfirmed">Irak</territory>
			<territory type="IR" draft="unconfirmed">Iran</territory>
			<territory type="IS" draft="unconfirmed">Islandi</territory>
			<territory type="IT" draft="unconfirmed">Italia</territory>
			<territory type="JE" draft="unconfirmed">Jersey</territory>
			<territory type="JM" draft="unconfirmed">Jamaica</territory>
			<territory type="JP" draft="unconfirmed">Japani</territory>
			<territory type="KE" draft="unconfirmed">Kenya</territory>
			<territory type="KH" draft="unconfirmed">Kambodia</territory>
			<territory type="KI" draft="unconfirmed">Kiribati</territory>
			<territory type="KN" draft="unconfirmed">Saint Kitts aamma Nevis</territory>
			<territory type="KP" draft="unconfirmed">Korea Avannarleq</territory>
			<territory type="KR" draft="unconfirmed">Korea Kujalleq</territory>
			<territory type="KW" draft="unconfirmed">Kuwait</territory>
			<territory type="KZ" draft="unconfirmed">Kasakhstani</territory>
			<territory type="LA" draft="unconfirmed">Laos</territory>
			<territory type="LB" draft="unconfirmed">Libanon</territory>
			<territory type="LC" draft="unconfirmed">Saint Lucia</territory>
			<territory type="LI" draft="unconfirmed">Liechtenstein</territory>
			<territory type="LK" draft="unconfirmed">Sri Lanka</territory>
			<territory type="LR" draft="unconfirmed">Liberia</territory>
			<territory type="LS" draft="unconfirmed">Lesotho</territory>
			<territory type="LT" draft="unconfirmed">Litaueni</territory>
			<territory type="LU" draft="unconfirmed">Luxembourg</territory>
			<territory type="LV" draft="unconfirmed">Letlandi</territory>
			<territory type="LY" draft="unconfirmed">Libya</territory>
			<territory type="MA" draft="unconfirmed">Marocko</territory>
			<territory type="MC" draft="unconfirmed">Monaco</territory>
			<territory type="MD" draft="unconfirmed">Moldavia</territory>
			<territory type="ME" draft="unconfirmed">Montenegro</territory>
			<territory type="MF" draft="unconfirmed">Saint Martin</territory>
			<territory type="MG" draft="unconfirmed">Madagaskar</territory>
			<territory type="MK" draft="unconfirmed">Makedonia</territory>
			<territory type="MK" alt="variant" draft="unconfirmed">Makedonia</territory>
			<territory type="ML" draft="unconfirmed">Mali</territory>
			<territory type="MM" draft="unconfirmed">Burma</territory>
			<territory type="MO" draft="unconfirmed">Macao</territory>
			<territory type="MO" alt="short" draft="unconfirmed">Macao</territory>
			<territory type="MQ" draft="unconfirmed">Martinique</territory>
			<territory type="MR" draft="unconfirmed">Mauritania</territory>
			<territory type="MS" draft="unconfirmed">Montserrat</territory>
			<territory type="MT" draft="unconfirmed">Malta</territory>
			<territory type="MU" draft="unconfirmed">Mauritius</territory>
			<territory type="MW" draft="unconfirmed">Malawi</territory>
			<territory type="MX" draft="unconfirmed">Mexiko</territory>
			<territory type="MY" draft="unconfirmed">Malaysia</territory>
			<territory type="MZ" draft="unconfirmed">Moçambique</territory>
			<territory type="NA" draft="unconfirmed">Namibia</territory>
			<territory type="NC" draft="unconfirmed">Nutaaq Caledonia</territory>
			<territory type="NE" draft="unconfirmed">Niger</territory>
			<territory type="NG" draft="unconfirmed">Nigeria</territory>
			<territory type="NI" draft="unconfirmed">Nicaragua</territory>
			<territory type="NL" draft="unconfirmed">Hollandi</territory>
			<territory type="NO" draft="unconfirmed">Norge</territory>
			<territory type="NP" draft="unconfirmed">Nepal</territory>
			<territory type="NR" draft="unconfirmed">Nauru</territory>
			<territory type="NU" draft="unconfirmed">Niue</territory>
			<territory type="NZ" draft="unconfirmed">Nutaaq Zeeland</territory>
			<territory type="OM" draft="unconfirmed">Oman</territory>
			<territory type="PA" draft="unconfirmed">Panama</territory>
			<territory type="PE" draft="unconfirmed">Peru</territory>
			<territory type="PG" draft="unconfirmed">Papua Nutaaq Guinea</territory>
			<territory type="PK" draft="unconfirmed">Pakistan</territory>
			<territory type="PL" draft="unconfirmed">Poleni</territory>
			<territory type="PM" draft="unconfirmed">Saint Pierre aamma Miquelon</territory>
			<territory type="PR" draft="unconfirmed">Puerto Rico</territory>
			<territory type="PT" draft="unconfirmed">Portugali</territory>
			<territory type="PW" draft="unconfirmed">Palau</territory>
			<territory type="PY" draft="unconfirmed">Paraguay</territory>
			<territory type="QA" draft="unconfirmed">Quatar</territory>
			<territory type="RE" draft="unconfirmed">Réunion</territory>
			<territory type="RO" draft="unconfirmed">Rumænia</territory>
			<territory type="RS" draft="unconfirmed">Serbia</territory>
			<territory type="RU" draft="unconfirmed">Ruslandi</territory>
			<territory type="RW" draft="unconfirmed">Rwanda</territory>
			<territory type="SA" draft="unconfirmed">Saudi Arabia</territory>
			<territory type="SD" draft="unconfirmed">Sudan</territory>
			<territory type="SE" draft="unconfirmed">Sverige</territory>
			<territory type="SG" draft="unconfirmed">Singapore</territory>
			<territory type="SH" draft="unconfirmed">Saint Helena</territory>
			<territory type="SI" draft="unconfirmed">Slovenia</territory>
			<territory type="SJ" draft="unconfirmed">Svalbard aamma Jan Mayen</territory>
			<territory type="SK" draft="unconfirmed">Slovakia</territory>
			<territory type="SL" draft="unconfirmed">Sierra Leone</territory>
			<territory type="SM" draft="unconfirmed">San Marino</territory>
			<territory type="SN" draft="unconfirmed">Senegal</territory>
			<territory type="SO" draft="unconfirmed">Somalia</territory>
			<territory type="SR" draft="unconfirmed">Suriname</territory>
			<territory type="ST" draft="unconfirmed">São Tomé aamma Príncipe</territory>
			<territory type="SV" draft="unconfirmed">El Salvador</territory>
			<territory type="SY" draft="unconfirmed">Syria</territory>
			<territory type="SZ" draft="unconfirmed">Swazilandi</territory>
			<territory type="TA" draft="unconfirmed">Tristan da Cunha</territory>
			<territory type="TD" draft="unconfirmed">Chad</territory>
			<territory type="TG" draft="unconfirmed">Togo</territory>
			<territory type="TH" draft="unconfirmed">Thailandi</territory>
			<territory type="TJ" draft="unconfirmed">Tajikistan</territory>
			<territory type="TK" draft="unconfirmed">Tokelau</territory>
			<territory type="TL" draft="unconfirmed">Timor Kangilliit</territory>
			<territory type="TL" alt="variant" draft="unconfirmed">Timor Kangilliit</territory>
			<territory type="TM" draft="unconfirmed">Turkmenistani</territory>
			<territory type="TN" draft="unconfirmed">Tunisia</territory>
			<territory type="TO" draft="unconfirmed">Tonga</territory>
			<territory type="TR" draft="unconfirmed">Tyrkia</territory>
			<territory type="TT" draft="unconfirmed">Trinidad aamma Tobago</territory>
			<territory type="TV" draft="unconfirmed">Tuvalu</territory>
			<territory type="TW" draft="unconfirmed">Taiwan</territory>
			<territory type="TZ" draft="unconfirmed">Tanzania</territory>
			<territory type="UA" draft="unconfirmed">Ukraina</territory>
			<territory type="UG" draft="unconfirmed">Uganda</territory>
			<territory type="US" draft="unconfirmed">Naalagaaffeqatigiit</territory>
			<territory type="UY" draft="unconfirmed">Uruguay</territory>
			<territory type="UZ" draft="unconfirmed">Uzbekistani</territory>
			<territory type="VA" draft="unconfirmed">Vatikani</territory>
			<territory type="VE" draft="unconfirmed">Venezuela</territory>
			<territory type="VN" draft="unconfirmed">Vietnam</territory>
			<territory type="VU" draft="unconfirmed">Vanuatu</territory>
			<territory type="WF" draft="unconfirmed">Wallis aamma Futuna</territory>
			<territory type="WS" draft="unconfirmed">Samoa</territory>
			<territory type="YE" draft="unconfirmed">Jemen</territory>
			<territory type="YT" draft="unconfirmed">Mayotte</territory>
			<territory type="ZM" draft="unconfirmed">Zambia</territory>
			<territory type="ZW" draft="unconfirmed">Zimbabwe</territory>
			<territory type="ZZ" draft="unconfirmed">atorsinnaanngitsoq sinerissap ilaa aalajangersimasoq</territory>
		</territories>
		<codePatterns>
			<codePattern type="language" draft="unconfirmed">oqaatsit: {0}</codePattern>
			<codePattern type="script" draft="unconfirmed">allaqqitaq: {0}</codePattern>
			<codePattern type="territory" draft="unconfirmed">nunap imartaa nunataalu: {0}</codePattern>
		</codePatterns>
	</localeDisplayNames>
	<characters>
		<exemplarCharacters>[a á â ã b c d e é ê f g h i í î ĩ j k l m n o ô p q ĸ r s t u ú û ũ v w x y z æ ø å]</exemplarCharacters>
		<exemplarCharacters type="auxiliary" draft="unconfirmed">[b c d h x z æ ø å]</exemplarCharacters>
		<exemplarCharacters type="currencySymbol" draft="unconfirmed">[a b c č d e f g h i j k l ł m n o p q r s t u v w x y z]</exemplarCharacters>
		<exemplarCharacters type="index" draft="unconfirmed">[A B C D E F G H I J K L M N O P Q R S T U V W X Y Z Æ Ø Å]</exemplarCharacters>
	</characters>
	<delimiters>
		<quotationStart draft="unconfirmed">»</quotationStart>
		<quotationEnd draft="unconfirmed">«</quotationEnd>
		<alternateQuotationStart draft="unconfirmed">›</alternateQuotationStart>
		<alternateQuotationEnd draft="unconfirmed">‹</alternateQuotationEnd>
	</delimiters>
	<dates>
		<calendars>
			<calendar type="gregorian">
				<months>
					<monthContext type="format">
						<monthWidth type="abbreviated">
							<month type="1">jan</month>
							<month type="2">feb</month>
							<month type="3">mar</month>
							<month type="4">apr</month>
							<month type="5">maj</month>
							<month type="6">jun</month>
							<month type="7">jul</month>
							<month type="8">aug</month>
							<month type="9">sep</month>
							<month type="10">okt</month>
							<month type="11">nov</month>
							<month type="12">dec</month>
						</monthWidth>
						<monthWidth type="wide">
							<month type="1">januari</month>
							<month type="2">februari</month>
							<month type="3">martsi</month>
							<month type="4">aprili</month>
							<month type="5">maji</month>
							<month type="6">juni</month>
							<month type="7">juli</month>
							<month type="8">augustusi</month>
							<month type="9">septemberi</month>
							<month type="10">oktoberi</month>
							<month type="11">novemberi</month>
							<month type="12">decemberi</month>
						</monthWidth>
					</monthContext>
					<monthContext type="stand-alone">
						<monthWidth type="narrow">
							<month type="1" draft="unconfirmed">J</month>
							<month type="2" draft="unconfirmed">F</month>
							<month type="3" draft="unconfirmed">M</month>
							<month type="4" draft="unconfirmed">A</month>
							<month type="5" draft="unconfirmed">M</month>
							<month type="6" draft="unconfirmed">J</month>
							<month type="7" draft="unconfirmed">J</month>
							<month type="8" draft="unconfirmed">A</month>
							<month type="9" draft="unconfirmed">S</month>
							<month type="10" draft="unconfirmed">O</month>
							<month type="11" draft="unconfirmed">N</month>
							<month type="12" draft="unconfirmed">D</month>
						</monthWidth>
					</monthContext>
				</months>
				<days>
					<dayContext type="format">
						<dayWidth type="abbreviated">
							<day type="sun">sab</day>
							<day type="mon">ata</day>
							<day type="tue">mar</day>
							<day type="wed">pin</day>
							<day type="thu">sis</day>
							<day type="fri">tal</day>
							<day type="sat">arf</day>
						</dayWidth>
						<dayWidth type="wide">
							<day type="sun">sabaat</day>
							<day type="mon">ataasinngorneq</day>
							<day type="tue">marlunngorneq</day>
							<day type="wed">pingasunngorneq</day>
							<day type="thu">sisamanngorneq</day>
							<day type="fri">tallimanngorneq</day>
							<day type="sat">arfininngorneq</day>
						</dayWidth>
					</dayContext>
					<dayContext type="stand-alone">
						<dayWidth type="narrow">
							<day type="sun" draft="unconfirmed">S</day>
							<day type="mon" draft="unconfirmed">A</day>
							<day type="tue" draft="unconfirmed">M</day>
							<day type="wed" draft="unconfirmed">P</day>
							<day type="thu" draft="unconfirmed">S</day>
							<day type="fri" draft="unconfirmed">T</day>
							<day type="sat" draft="unconfirmed">A</day>
						</dayWidth>
					</dayContext>
				</days>
				<quarters>
					<quarterContext type="stand-alone">
						<quarterWidth type="narrow">
							<quarter type="1" draft="unconfirmed">Q1</quarter>
							<quarter type="2" draft="unconfirmed">Q2</quarter>
							<quarter type="3" draft="unconfirmed">Q3</quarter>
							<quarter type="4" draft="unconfirmed">Q4</quarter>
						</quarterWidth>
					</quarterContext>
				</quarters>
				<dayPeriods>
					<dayPeriodContext type="format">
						<dayPeriodWidth type="abbreviated">
							<dayPeriod type="am" draft="unconfirmed">u.t.</dayPeriod>
							<dayPeriod type="pm" draft="unconfirmed">u.k.</dayPeriod>
						</dayPeriodWidth>
						<dayPeriodWidth type="wide">
							<dayPeriod type="am" draft="unconfirmed">ulloqeqqata-tungaa</dayPeriod>
							<dayPeriod type="pm" draft="unconfirmed">ulloqeqqata-kingorna</dayPeriod>
						</dayPeriodWidth>
					</dayPeriodContext>
				</dayPeriods>
				<eras>
					<eraNames>
						<era type="0" draft="unconfirmed">Kristusip inunngornerata siornagut</era>
						<era type="1" draft="unconfirmed">Kristusip inunngornerata kingornagut</era>
					</eraNames>
					<eraAbbr>
						<era type="0" draft="unconfirmed">Kr.in.si.</era>
						<era type="1" draft="unconfirmed">Kr.in.king.</era>
					</eraAbbr>
					<eraNarrow>
						<era type="0" draft="unconfirmed">Kr.s.</era>
						<era type="1" draft="unconfirmed">Kr.k.</era>
					</eraNarrow>
				</eras>
				<dateFormats>
					<dateFormatLength type="full">
						<dateFormat>
							<pattern draft="unconfirmed">EEEE dd MMMM y</pattern>
						</dateFormat>
					</dateFormatLength>
					<dateFormatLength type="long">
						<dateFormat>
							<pattern draft="unconfirmed">dd MMMM y</pattern>
						</dateFormat>
					</dateFormatLength>
					<dateFormatLength type="medium">
						<dateFormat>
							<pattern draft="unconfirmed">MMM dd, y</pattern>
						</dateFormat>
					</dateFormatLength>
					<dateFormatLength type="short">
						<dateFormat>
							<pattern draft="unconfirmed">yyyy-MM-dd</pattern>
						</dateFormat>
					</dateFormatLength>
				</dateFormats>
				<timeFormats>
					<timeFormatLength type="full">
						<timeFormat>
							<pattern draft="unconfirmed">h:mm:ss a zzzz</pattern>
						</timeFormat>
					</timeFormatLength>
					<timeFormatLength type="long">
						<timeFormat>
							<pattern draft="unconfirmed">h:mm:ss a z</pattern>
						</timeFormat>
					</timeFormatLength>
					<timeFormatLength type="medium">
						<timeFormat>
							<pattern draft="unconfirmed">h:mm:ss a</pattern>
						</timeFormat>
					</timeFormatLength>
					<timeFormatLength type="short">
						<timeFormat>
							<pattern draft="unconfirmed">h:mm a</pattern>
						</timeFormat>
					</timeFormatLength>
				</timeFormats>
				<fields>
					<field type="era">
						<displayName draft="unconfirmed">æra</displayName>
					</field>
					<field type="year">
						<displayName draft="unconfirmed">ukioq</displayName>
					</field>
					<field type="month">
						<displayName draft="unconfirmed">qaammat</displayName>
					</field>
					<field type="week">
						<displayName draft="unconfirmed">sapaatip-akunnera</displayName>
					</field>
					<field type="day">
						<displayName draft="unconfirmed">ulloq</displayName>
						<relative type="-2" draft="unconfirmed">ippassaani</relative>
						<relative type="-1" draft="unconfirmed">ippassaq</relative>
						<relative type="0" draft="unconfirmed">ullumi</relative>
						<relative type="1" draft="unconfirmed">aqagu</relative>
						<relative type="2" draft="unconfirmed">aqaguagu</relative>
					</field>
					<field type="weekday">
						<displayName draft="unconfirmed">sapaatip-akunnera ulloq</displayName>
					</field>
					<field type="dayperiod">
						<displayName draft="unconfirmed">u.t./u.k.</displayName>
					</field>
					<field type="hour">
						<displayName draft="unconfirmed">nalunaaquttap-akunnera</displayName>
					</field>
					<field type="minute">
						<displayName draft="unconfirmed">minutsi</displayName>
					</field>
					<field type="second">
						<displayName draft="unconfirmed">sekindi</displayName>
					</field>
					<field type="zone">
						<displayName draft="unconfirmed">nalunaaquttap nikittarfii</displayName>
					</field>
				</fields>
			</calendar>
		</calendars>
	</dates>
	<numbers>
		<symbols numberSystem="latn">
			<decimal>,</decimal>
			<group>.</group>
			<list draft="unconfirmed">;</list>
			<percentSign draft="unconfirmed">%</percentSign>
			<plusSign draft="unconfirmed">+</plusSign>
			<minusSign draft="unconfirmed">−</minusSign>
			<exponential draft="unconfirmed">×10^</exponential>
			<perMille draft="unconfirmed">‰</perMille>
			<infinity draft="unconfirmed">∞</infinity>
			<nan draft="unconfirmed">¤¤¤</nan>
		</symbols>
		<decimalFormats>
			<decimalFormatLength>
				<decimalFormat>
					<pattern draft="unconfirmed">#,##0.###</pattern>
				</decimalFormat>
			</decimalFormatLength>
		</decimalFormats>
		<scientificFormats>
			<scientificFormatLength>
				<scientificFormat>
					<pattern draft="unconfirmed">#E0</pattern>
				</scientificFormat>
			</scientificFormatLength>
		</scientificFormats>
		<percentFormats>
			<percentFormatLength>
				<percentFormat>
					<pattern draft="unconfirmed">#,##0 %</pattern>
				</percentFormat>
			</percentFormatLength>
		</percentFormats>
		<currencyFormats>
			<currencyFormatLength>
				<currencyFormat>
					<pattern>¤#,##0.00;¤-#,##0.00</pattern>
				</currencyFormat>
			</currencyFormatLength>
			<unitPattern count="other" draft="unconfirmed">{0} {1}</unitPattern>
		</currencyFormats>
		<currencies>
			<currency type="DKK">
				<displayName draft="unconfirmed">danskinut koruuni</displayName>
				<symbol>kr</symbol>
			</currency>
			<currency type="EUR">
				<displayName draft="unconfirmed">euro</displayName>
			</currency>
		</currencies>
	</numbers>
	<units>
		<unit type="day">
			<unitPattern count="other" draft="unconfirmed">{0} ulloq unnuarlu</unitPattern>
		</unit>
		<unit type="hour">
			<unitPattern count="other" draft="unconfirmed">{0} nalunaaquttap-akunnera</unitPattern>
		</unit>
		<unit type="minute">
			<unitPattern count="other" draft="unconfirmed">{0} minutsi</unitPattern>
		</unit>
		<unit type="month">
			<unitPattern count="other" draft="unconfirmed">{0} qaammat</unitPattern>
		</unit>
		<unit type="second">
			<unitPattern count="other" draft="unconfirmed">{0} sekundi</unitPattern>
		</unit>
		<unit type="week">
			<unitPattern count="other" draft="unconfirmed">{0} sapaatip-akunnera</unitPattern>
		</unit>
		<unit type="year">
			<unitPattern count="other" draft="unconfirmed">{0} ukioq</unitPattern>
		</unit>
	</units>
	<listPatterns>
		<listPattern>
			<listPatternPart type="2" draft="unconfirmed">{0} aamma {1}</listPatternPart>
			<listPatternPart type="start" draft="unconfirmed">{0} aamma {1}</listPatternPart>
		</listPattern>
	</listPatterns>
	<posix>
		<messages>
			<yesstr draft="unconfirmed">aap:a</yesstr>
			<nostr draft="unconfirmed">naagga:n</nostr>
		</messages>
	</posix>
</ldml>

