<?xml version="1.0" encoding="UTF-8" ?>
<!DOCTYPE ldml SYSTEM "../../common/dtd/ldml.dtd">
<ldml>
	<identity>
		<version number="$Revision: 5798 $"/>
		<generation date="$Date: 2011-05-02 01:05:34 -0500 (Mon, 02 May 2011) $"/>
		<language type="ku"/>
	</identity>
	<localeDisplayNames>
		<localeDisplayPattern>
			<localeSeparator draft="unconfirmed">، </localeSeparator>
		</localeDisplayPattern>
		<languages>
			<language type="af" draft="unconfirmed">ئه‌فریكای</language>
			<language type="am" draft="unconfirmed">ئه‌مهه‌رینجی</language>
			<language type="ar" draft="unconfirmed">عەرەبی</language>
			<language type="as" draft="unconfirmed">ئا سسامی (زوبان)</language>
			<language type="az" draft="unconfirmed">ئازه‌ربایجانی</language>
			<language type="be" draft="unconfirmed">بێلاڕووسی</language>
			<language type="bg" draft="unconfirmed">بۆلگاری</language>
			<language type="bh" draft="unconfirmed">بیهاری</language>
			<language type="bn" draft="unconfirmed">به‌نگلادێشی</language>
			<language type="br" draft="unconfirmed">برێتونی</language>
			<language type="bs" draft="unconfirmed">بۆسنی</language>
			<language type="ca" draft="unconfirmed">كاتالۆنی</language>
			<language type="cs" draft="unconfirmed">چه‌كی</language>
			<language type="cy" draft="unconfirmed">وێلزی</language>
			<language type="da" draft="unconfirmed">دانماركی</language>
			<language type="de" draft="unconfirmed">ئاڵمانی</language>
			<language type="el" draft="unconfirmed">یۆنانی</language>
			<language type="en" draft="unconfirmed">ئینگلیزی</language>
			<language type="en_AU" draft="unconfirmed">ئینگلیزیی ئۆسترالیایی</language>
			<language type="en_CA" draft="unconfirmed">ئینگلیزیی کەنەدایی</language>
			<language type="en_GB" draft="unconfirmed">ئینگلیزیی بریتانیایی</language>
			<language type="en_US" draft="unconfirmed">ئینگلیزیی ئەمەریکایی</language>
			<language type="eo" draft="unconfirmed">ئێسپیرانتۆ</language>
			<language type="es" draft="unconfirmed">ئیسپانی</language>
			<language type="et" draft="unconfirmed">ئیستۆنی</language>
			<language type="eu" draft="unconfirmed">باسکی</language>
			<language type="fa" draft="unconfirmed">فارسی</language>
			<language type="fi" draft="unconfirmed">فینله‌ندی</language>
			<language type="fil" draft="unconfirmed">تاگالۆگی</language>
			<language type="fo" draft="unconfirmed">فه‌رئۆیی</language>
			<language type="fr" draft="unconfirmed">فه‌رانسی</language>
			<language type="fy" draft="unconfirmed">فریسی</language>
			<language type="ga" draft="unconfirmed">ئیرله‌ندی</language>
			<language type="gd" draft="unconfirmed">گه‌لیكی سكۆتله‌ندی</language>
			<language type="gl" draft="unconfirmed">گالیسی</language>
			<language type="gn" draft="unconfirmed">گووارانی</language>
			<language type="gu" draft="unconfirmed">گوجاراتی</language>
			<language type="he" draft="unconfirmed">هیبرێ</language>
			<language type="hi" draft="unconfirmed">هیندی</language>
			<language type="hr" draft="unconfirmed">كرواتی</language>
			<language type="hu" draft="unconfirmed">هه‌نگاری (مه‌جاری)</language>
			<language type="hy" draft="unconfirmed">ئەرمەنی</language>
			<language type="ia" draft="unconfirmed">ئینترلینگوی</language>
			<language type="id" draft="unconfirmed">ئێه‌ندونیزی</language>
			<language type="ie" draft="unconfirmed">ئینتەرلیگ</language>
			<language type="is" draft="unconfirmed">ئیسله‌ندی</language>
			<language type="it" draft="unconfirmed">ئیتالی</language>
			<language type="ja" draft="unconfirmed">ژاپۆنی</language>
			<language type="jv" draft="unconfirmed">جاڤانی</language>
			<language type="ka" draft="unconfirmed">گۆرجستانی</language>
			<language type="kk" draft="unconfirmed">کازاخی</language>
			<language type="km" draft="unconfirmed">کامبۆجی (زوبان)</language>
			<language type="kn" draft="unconfirmed">كه‌نه‌دایی</language>
			<language type="ko" draft="unconfirmed">كۆری</language>
			<language type="ku" draft="unconfirmed">کوردی</language>
			<language type="ky" draft="unconfirmed">كرگیزی</language>
			<language type="la" draft="unconfirmed">لاتینی</language>
			<language type="ln" draft="unconfirmed">لينگالا</language>
			<language type="lo" draft="unconfirmed">لاو‏ى</language>
			<language type="lt" draft="unconfirmed">لیتوانی</language>
			<language type="lv" draft="unconfirmed">لێتۆنی</language>
			<language type="mk" draft="unconfirmed">ماكێدۆنی</language>
			<language type="ml" draft="unconfirmed">مالایلام</language>
			<language type="mn" draft="unconfirmed">مەنگۆلی</language>
			<language type="mr" draft="unconfirmed">ماراتی</language>
			<language type="ms" draft="unconfirmed">مالیزی</language>
			<language type="mt" draft="unconfirmed">ماڵتایی</language>
			<language type="ne" draft="unconfirmed">نیپالی</language>
			<language type="nl" draft="unconfirmed">هۆڵه‌ندی</language>
			<language type="no" draft="unconfirmed">نۆروێژی</language>
			<language type="oc" draft="unconfirmed">ئۆسیتانی</language>
			<language type="or" draft="unconfirmed">ئۆرییا</language>
			<language type="pa" draft="unconfirmed">په‌نجابی</language>
			<language type="pl" draft="unconfirmed">پۆڵۆنیایی (له‌هستانی)</language>
			<language type="ps" draft="unconfirmed">پەشتوو</language>
			<language type="pt" draft="unconfirmed">پورتوگالی</language>
			<language type="pt_BR" draft="unconfirmed">پورتوگاڵی (برازیل)</language>
			<language type="pt_PT" draft="unconfirmed">پورتوگاڵی (پورتوگاڵ)</language>
			<language type="ro" draft="unconfirmed">ڕۆمانی</language>
			<language type="ru" draft="unconfirmed">ڕووسی</language>
			<language type="sa" draft="unconfirmed">سانسکريت</language>
			<language type="sd" draft="unconfirmed">سيندی(زوبان)</language>
			<language type="sh" draft="unconfirmed">سێربۆكرواتی</language>
			<language type="si" draft="unconfirmed">سینهه‌لی</language>
			<language type="sk" draft="unconfirmed">سلۆڤاكی</language>
			<language type="sl" draft="unconfirmed">سلۆڤێنی</language>
			<language type="so" draft="unconfirmed">سۆمالی</language>
			<language type="sq" draft="unconfirmed">ئاڵبانی</language>
			<language type="sr" draft="unconfirmed">سه‌ربی</language>
			<language type="st" draft="unconfirmed">سێسۆتۆ</language>
			<language type="su" draft="unconfirmed">سودانی</language>
			<language type="sv" draft="unconfirmed">سویدی</language>
			<language type="sw" draft="unconfirmed">سواهیلی</language>
			<language type="ta" draft="unconfirmed">تامیلی</language>
			<language type="te" draft="unconfirmed">ته‌لۆگوی</language>
			<language type="tg" draft="unconfirmed">تاجیکی</language>
			<language type="th" draft="unconfirmed">تایله‌ندی</language>
			<language type="ti" draft="unconfirmed">تیگرینیای</language>
			<language type="tk" draft="unconfirmed">تورکمانی</language>
			<language type="tlh" draft="unconfirmed">كلینگۆن</language>
			<language type="tr" draft="unconfirmed">تورکی</language>
			<language type="tw" draft="unconfirmed">توی</language>
			<language type="ug" draft="unconfirmed">ئويخووری</language>
			<language type="uk" draft="unconfirmed">ئۆكراینی</language>
			<language type="und" draft="unconfirmed">زمانی نەناسراو</language>
			<language type="ur" draft="unconfirmed">ئۆردو‌و</language>
			<language type="uz" draft="unconfirmed">ئوزبەکی</language>
			<language type="vi" draft="unconfirmed">ڤیەتنامی</language>
			<language type="xh" draft="unconfirmed">سسوسا</language>
			<language type="yi" draft="unconfirmed">یوددی</language>
			<language type="zh" draft="unconfirmed">چینی</language>
			<language type="zu" draft="unconfirmed">زولو</language>
		</languages>
		<scripts>
			<script type="Arab" draft="unconfirmed">عەرەبی</script>
			<script type="Armn" draft="unconfirmed">ئەرمەنی</script>
			<script type="Beng" draft="unconfirmed">بەنگالی</script>
			<script type="Bopo" draft="unconfirmed">بۆپۆمۆفۆ</script>
			<script type="Brai" draft="unconfirmed">برەیل</script>
			<script type="Cyrl" draft="unconfirmed">سریلیک</script>
			<script type="Deva" draft="unconfirmed">دەڤەناگەری</script>
			<script type="Ethi" draft="unconfirmed">ئەتیۆپیک</script>
			<script type="Geor" draft="unconfirmed">گورجی</script>
			<script type="Grek" draft="unconfirmed">یۆنانی</script>
			<script type="Gujr" draft="unconfirmed">گوجەراتی</script>
			<script type="Guru" draft="unconfirmed">گورموکھی</script>
			<script type="Hang" draft="unconfirmed">ھانگول</script>
			<script type="Hani" draft="unconfirmed">ھان</script>
			<script type="Hans" draft="unconfirmed">چینیی ئاسانکراو</script>
			<script type="Hant" draft="unconfirmed">چینیی دێرین</script>
			<script type="Hebr" draft="unconfirmed">عیبری</script>
			<script type="Hira" draft="unconfirmed">ھیراگانا</script>
			<script type="Jpan" draft="unconfirmed">ژاپۆنی</script>
			<script type="Kana" draft="unconfirmed">کاتاکانا</script>
			<script type="Khmr" draft="unconfirmed">خمێری</script>
			<script type="Knda" draft="unconfirmed">کەنەدا</script>
			<script type="Kore" draft="unconfirmed">کۆریایی</script>
			<script type="Laoo" draft="unconfirmed">لاو</script>
			<script type="Latn" draft="unconfirmed">لاتینی</script>
			<script type="Mlym" draft="unconfirmed">مالایالام</script>
			<script type="Mong" draft="unconfirmed">مەنگۆلی</script>
			<script type="Mymr" draft="unconfirmed">میانمار</script>
			<script type="Orya" draft="unconfirmed">ئۆریا</script>
			<script type="Sinh" draft="unconfirmed">سینھالا</script>
			<script type="Taml" draft="unconfirmed">تامیلی</script>
			<script type="Telu" draft="unconfirmed">تیلوگو</script>
			<script type="Thaa" draft="unconfirmed">تانە</script>
			<script type="Thai" draft="unconfirmed">تایلەندی</script>
			<script type="Zxxx" draft="unconfirmed">نەنووسراو</script>
			<script type="Zzzz" draft="unconfirmed">خەتی نەناسراو</script>
		</scripts>
		<territories>
			<territory type="002" draft="unconfirmed">ئەفریقا</territory>
			<territory type="003" draft="unconfirmed">ئەمەریکای باکوور</territory>
			<territory type="005" draft="unconfirmed">ئەمەریکای باشوور</territory>
			<territory type="009" draft="unconfirmed">ئۆقیانووسیا</territory>
			<territory type="011" draft="unconfirmed">ڕۆژاوای ئەفریقا</territory>
			<territory type="013" draft="unconfirmed">ئەمریکای ناوەڕاست</territory>
			<territory type="014" draft="unconfirmed">ڕۆژھەڵاتی ئەفریقا</territory>
			<territory type="018" draft="unconfirmed">باشووری ئەفریقا</territory>
			<territory type="019" draft="unconfirmed">ئەمریکاکان</territory>
			<territory type="021" draft="unconfirmed">ئەمریکای باکوور</territory>
			<territory type="030" draft="unconfirmed">ئاسیای ڕۆژھەڵات</territory>
			<territory type="034" draft="unconfirmed">باشووری ئاسیا</territory>
			<territory type="035" draft="unconfirmed">باشووری ڕۆژھەڵاتی ئاسیا</territory>
			<territory type="039" draft="unconfirmed">باشووری ئەورووپا</territory>
			<territory type="057" draft="unconfirmed">ناوچەی مایکرۆنیزیا</territory>
			<territory type="142" draft="unconfirmed">ئاسیا</territory>
			<territory type="143" draft="unconfirmed">ئاسیای ناوەڕاست</territory>
			<territory type="145" draft="unconfirmed">ڕۆژاوای ئاسیا</territory>
			<territory type="150" draft="unconfirmed">ئەورووپا</territory>
			<territory type="151" draft="unconfirmed">ئەورووپای ڕۆژھەڵات</territory>
			<territory type="154" draft="unconfirmed">ئەورووپای باکوور</territory>
			<territory type="155" draft="unconfirmed">ڕۆژاوای ئەورووپا</territory>
			<territory type="419" draft="unconfirmed">ئەمەریکای لاتین</territory>
			<territory type="AD" draft="unconfirmed">ئاندۆرا</territory>
			<territory type="AE" draft="unconfirmed">میرنشینە یەکگرتووە عەرەبییەکان</territory>
			<territory type="AF" draft="unconfirmed">ئەفغانستان</territory>
			<territory type="AG" draft="unconfirmed">ئانتیگوا و باربودا</territory>
			<territory type="AL" draft="unconfirmed">ئەڵبانیا</territory>
			<territory type="AM" draft="unconfirmed">ئەرمەنستان</territory>
			<territory type="AO" draft="unconfirmed">ئەنگۆلا</territory>
			<territory type="AQ" draft="unconfirmed">ئانتارکتیکا</territory>
			<territory type="AR" draft="unconfirmed">ئارجەنتینا</territory>
			<territory type="AS" draft="unconfirmed">ساموای ئەمەریکایی</territory>
			<territory type="AT" draft="unconfirmed">نەمسا</territory>
			<territory type="AU" draft="unconfirmed">ئۆسترالیا</territory>
			<territory type="AW" draft="unconfirmed">ئارووبا</territory>
			<territory type="AZ" draft="unconfirmed">ئازەربایجان</territory>
			<territory type="BA" draft="unconfirmed">بۆسنیا و ھەرزەگۆڤینا</territory>
			<territory type="BB" draft="unconfirmed">باربادۆس</territory>
			<territory type="BD" draft="unconfirmed">بەنگلادیش</territory>
			<territory type="BE" draft="unconfirmed">بەلژیک</territory>
			<territory type="BF" draft="unconfirmed">بورکینافاسۆ</territory>
			<territory type="BG" draft="unconfirmed">بولگاریا</territory>
			<territory type="BH" draft="unconfirmed">بەحرەین</territory>
			<territory type="BI" draft="unconfirmed">بوروندی</territory>
			<territory type="BJ" draft="unconfirmed">بنین</territory>
			<territory type="BN" draft="unconfirmed">بروونای</territory>
			<territory type="BO" draft="unconfirmed">بۆلیڤیا</territory>
			<territory type="BR" draft="unconfirmed">برازیل</territory>
			<territory type="BS" draft="unconfirmed">بەھاما</territory>
			<territory type="BT" draft="unconfirmed">بووتان</territory>
			<territory type="BW" draft="unconfirmed">بۆتسوانا</territory>
			<territory type="BY" draft="unconfirmed">بیلاڕووس</territory>
			<territory type="BZ" draft="unconfirmed">بەلیز</territory>
			<territory type="CA" draft="unconfirmed">کانەدا</territory>
			<territory type="CD" draft="unconfirmed">کۆنگۆ کینشاسا</territory>
			<territory type="CD" alt="variant" draft="unconfirmed">کۆماری دیموکراتیکی کۆنگۆ</territory>
			<territory type="CF" draft="unconfirmed">کۆماری ئەفریقای ناوەڕاست</territory>
			<territory type="CG" draft="unconfirmed">کۆنگۆ برازاڤیل</territory>
			<territory type="CG" alt="variant" draft="unconfirmed">کۆماری کۆنگۆ</territory>
			<territory type="CH" draft="unconfirmed">سویسرا</territory>
			<territory type="CI" draft="unconfirmed">کۆتدیڤوار</territory>
			<territory type="CL" draft="unconfirmed">شیلی</territory>
			<territory type="CM" draft="unconfirmed">کامیروون</territory>
			<territory type="CN" draft="unconfirmed">چین</territory>
			<territory type="CO" draft="unconfirmed">کۆلۆمبیا</territory>
			<territory type="CR" draft="unconfirmed">کۆستاریکا</territory>
			<territory type="CU" draft="unconfirmed">کووبا</territory>
			<territory type="CV" draft="unconfirmed">کەیپڤەرد</territory>
			<territory type="CY" draft="unconfirmed">قیبرس</territory>
			<territory type="CZ" draft="unconfirmed">کۆماری چیک</territory>
			<territory type="DE" draft="unconfirmed">ئەڵمانیا</territory>
			<territory type="DJ" draft="unconfirmed">جیبووتی</territory>
			<territory type="DK" draft="unconfirmed">دانمارک</territory>
			<territory type="DM" draft="unconfirmed">دۆمینیکا</territory>
			<territory type="DZ" draft="unconfirmed">ئەلجەزایر</territory>
			<territory type="EC" draft="unconfirmed">ئیکوادۆر</territory>
			<territory type="EG" draft="unconfirmed">میسر</territory>
			<territory type="EH" draft="unconfirmed">ڕۆژاوای سەحرا</territory>
			<territory type="ER" draft="unconfirmed">ئەریتریا</territory>
			<territory type="ES" draft="unconfirmed">ئیسپانیا</territory>
			<territory type="ET" draft="unconfirmed">ئەتیۆپیا</territory>
			<territory type="EU" draft="unconfirmed">یەکێتیی ئەورووپا</territory>
			<territory type="FI" draft="unconfirmed">فینلاند</territory>
			<territory type="FJ" draft="unconfirmed">فیجی</territory>
			<territory type="FM" draft="unconfirmed">مایکرۆنیزیا</territory>
			<territory type="FR" draft="unconfirmed">فەڕەنسا</territory>
			<territory type="GA" draft="unconfirmed">گابۆن</territory>
			<territory type="GB" draft="unconfirmed">شانشینی یەکگرتوو</territory>
			<territory type="GD" draft="unconfirmed">گرینادا</territory>
			<territory type="GE" draft="unconfirmed">گورجستان</territory>
			<territory type="GH" draft="unconfirmed">غەنا</territory>
			<territory type="GL" draft="unconfirmed">گرینلاند</territory>
			<territory type="GM" draft="unconfirmed">گامبیا</territory>
			<territory type="GN" draft="unconfirmed">گینێ</territory>
			<territory type="GR" draft="unconfirmed">یۆنان</territory>
			<territory type="GT" draft="unconfirmed">گواتیمالا</territory>
			<territory type="GU" draft="unconfirmed">گوام</territory>
			<territory type="GW" draft="unconfirmed">گینێ بیساو</territory>
			<territory type="GY" draft="unconfirmed">گویانا</territory>
			<territory type="HN" draft="unconfirmed">ھۆندووراس</territory>
			<territory type="HR" draft="unconfirmed">کرۆواتیا</territory>
			<territory type="HT" draft="unconfirmed">ھایتی</territory>
			<territory type="HU" draft="unconfirmed">مەجارستان</territory>
			<territory type="ID" draft="unconfirmed">ئیندۆنیزیا</territory>
			<territory type="IE" draft="unconfirmed">ئیرلەند</territory>
			<territory type="IL" draft="unconfirmed">ئیسرائیل</territory>
			<territory type="IN" draft="unconfirmed">ھیندستان</territory>
			<territory type="IQ" draft="unconfirmed">عێراق</territory>
			<territory type="IR" draft="unconfirmed">ئێران</territory>
			<territory type="IS" draft="unconfirmed">ئایسلەند</territory>
			<territory type="IT" draft="unconfirmed">ئیتاڵی</territory>
			<territory type="JM" draft="unconfirmed">جامایکا</territory>
			<territory type="JO" draft="unconfirmed">ئوردن</territory>
			<territory type="JP" draft="unconfirmed">ژاپۆن</territory>
			<territory type="KG" draft="unconfirmed">قرغیزستان</territory>
			<territory type="KH" draft="unconfirmed">کەمبۆدیا</territory>
			<territory type="KI" draft="unconfirmed">کیریباس</territory>
			<territory type="KM" draft="unconfirmed">دوورگەکانی قەمەر</territory>
			<territory type="KN" draft="unconfirmed">سەینت کیتس و نیڤیس</territory>
			<territory type="KP" draft="unconfirmed">کۆریای باکوور</territory>
			<territory type="KR" draft="unconfirmed">کۆریای باشوور</territory>
			<territory type="KW" draft="unconfirmed">کوەیت</territory>
			<territory type="KZ" draft="unconfirmed">کازاخستان</territory>
			<territory type="LA" draft="unconfirmed">لاوس</territory>
			<territory type="LB" draft="unconfirmed">لوبنان</territory>
			<territory type="LC" draft="unconfirmed">سەینت لووسیا</territory>
			<territory type="LI" draft="unconfirmed">لیختنشتاین</territory>
			<territory type="LK" draft="unconfirmed">سریلانکا</territory>
			<territory type="LR" draft="unconfirmed">لیبەریا</territory>
			<territory type="LS" draft="unconfirmed">لەسۆتۆ</territory>
			<territory type="LT" draft="unconfirmed">لیتوانایا</territory>
			<territory type="LU" draft="unconfirmed">لوکسەمبورگ</territory>
			<territory type="LV" draft="unconfirmed">لاتڤیا</territory>
			<territory type="LY" draft="unconfirmed">لیبیا</territory>
			<territory type="MA" draft="unconfirmed">مەغریب</territory>
			<territory type="MC" draft="unconfirmed">مۆناکۆ</territory>
			<territory type="MD" draft="unconfirmed">مۆلدۆڤا</territory>
			<territory type="ME" draft="unconfirmed">مۆنتینیگرۆ</territory>
			<territory type="MG" draft="unconfirmed">ماداگاسکار</territory>
			<territory type="MH" draft="unconfirmed">دوورگەکانی مارشاڵ</territory>
			<territory type="ML" draft="unconfirmed">مالی</territory>
			<territory type="MM" draft="unconfirmed">میانمار</territory>
			<territory type="MN" draft="unconfirmed">مەنگۆلیا</territory>
			<territory type="MO" alt="short" draft="unconfirmed">ماکاو</territory>
			<territory type="MR" draft="unconfirmed">مۆریتانیا</territory>
			<territory type="MT" draft="unconfirmed">ماڵتا</territory>
			<territory type="MV" draft="unconfirmed">مالدیڤ</territory>
			<territory type="MW" draft="unconfirmed">مالاوی</territory>
			<territory type="MX" draft="unconfirmed">مەکسیک</territory>
			<territory type="MY" draft="unconfirmed">مالیزیا</territory>
			<territory type="MZ" draft="unconfirmed">مۆزامبیک</territory>
			<territory type="NA" draft="unconfirmed">نامیبیا</territory>
			<territory type="NE" draft="unconfirmed">نیجەر</territory>
			<territory type="NI" draft="unconfirmed">نیکاراگوا</territory>
			<territory type="NL" draft="unconfirmed">ھۆڵەندا</territory>
			<territory type="NO" draft="unconfirmed">نۆرویژ</territory>
			<territory type="NP" draft="unconfirmed">نیپال</territory>
			<territory type="NR" draft="unconfirmed">نائوروو</territory>
			<territory type="NZ" draft="unconfirmed">نیوزیلاند</territory>
			<territory type="OM" draft="unconfirmed">عومان</territory>
			<territory type="PA" draft="unconfirmed">پاناما</territory>
			<territory type="PE" draft="unconfirmed">پیروو</territory>
			<territory type="PG" draft="unconfirmed">پاپوا گینێی نوێ</territory>
			<territory type="PH" draft="unconfirmed">فلیپین</territory>
			<territory type="PK" draft="unconfirmed">پاکستان</territory>
			<territory type="PL" draft="unconfirmed">پۆڵەندا</territory>
			<territory type="PS" draft="unconfirmed">فەلەستین</territory>
			<territory type="PT" draft="unconfirmed">پورتوگال</territory>
			<territory type="PW" draft="unconfirmed">پالاو</territory>
			<territory type="PY" draft="unconfirmed">پاراگوای</territory>
			<territory type="QA" draft="unconfirmed">قەتەر</territory>
			<territory type="RO" draft="unconfirmed">ڕۆمانیا</territory>
			<territory type="RS" draft="unconfirmed">سربیا</territory>
			<territory type="RU" draft="unconfirmed">ڕووسیا</territory>
			<territory type="RW" draft="unconfirmed">ڕواندا</territory>
			<territory type="SA" draft="unconfirmed">عەرەبستانی سەعوودی</territory>
			<territory type="SB" draft="unconfirmed">دوورگەکانی سلێمان</territory>
			<territory type="SC" draft="unconfirmed">سیشێل</territory>
			<territory type="SD" draft="unconfirmed">سوودان</territory>
			<territory type="SE" draft="unconfirmed">سوید</territory>
			<territory type="SG" draft="unconfirmed">سینگاپور</territory>
			<territory type="SI" draft="unconfirmed">سلۆڤێنیا</territory>
			<territory type="SK" draft="unconfirmed">سلۆڤاکیا</territory>
			<territory type="SL" draft="unconfirmed">سیەرالیۆن</territory>
			<territory type="SM" draft="unconfirmed">سان مارینۆ</territory>
			<territory type="SN" draft="unconfirmed">سینیگال</territory>
			<territory type="SO" draft="unconfirmed">سۆمالیا</territory>
			<territory type="SR" draft="unconfirmed">سورینام</territory>
			<territory type="ST" draft="unconfirmed">ساوتۆمێ و پرینسیپی</territory>
			<territory type="SV" draft="unconfirmed">ئێلسالڤادۆر</territory>
			<territory type="SY" draft="unconfirmed">سووریا</territory>
			<territory type="SZ" draft="unconfirmed">سوازیلاند</territory>
			<territory type="TD" draft="unconfirmed">چاد</territory>
			<territory type="TG" draft="unconfirmed">تۆگۆ</territory>
			<territory type="TH" draft="unconfirmed">تایلەند</territory>
			<territory type="TJ" draft="unconfirmed">تاجیکستان</territory>
			<territory type="TL" alt="variant" draft="unconfirmed">تیمۆری ڕۆژھەڵات</territory>
			<territory type="TM" draft="unconfirmed">تورکمانستان</territory>
			<territory type="TN" draft="unconfirmed">توونس</territory>
			<territory type="TO" draft="unconfirmed">تۆنگا</territory>
			<territory type="TR" draft="unconfirmed">تورکیا</territory>
			<territory type="TT" draft="unconfirmed">ترینیداد و تۆباگو</territory>
			<territory type="TV" draft="unconfirmed">تووڤالوو</territory>
			<territory type="TW" draft="unconfirmed">تایوان</territory>
			<territory type="TZ" draft="unconfirmed">تانزانیا</territory>
			<territory type="UA" draft="unconfirmed">ئۆکرانیا</territory>
			<territory type="UG" draft="unconfirmed">ئوگاندا</territory>
			<territory type="US" draft="unconfirmed">وڵاتە یەکگرتووەکان</territory>
			<territory type="UY" draft="unconfirmed">ئوروگوای</territory>
			<territory type="UZ" draft="unconfirmed">ئوزبەکستان</territory>
			<territory type="VA" draft="unconfirmed">ڤاتیکان</territory>
			<territory type="VC" draft="unconfirmed">سەینت ڤینسەنت و گرینادینز</territory>
			<territory type="VN" draft="unconfirmed">ڤیەتنام</territory>
			<territory type="VU" draft="unconfirmed">ڤانوواتوو</territory>
			<territory type="WS" draft="unconfirmed">ساموا</territory>
			<territory type="YE" draft="unconfirmed">یەمەن</territory>
			<territory type="ZA" draft="unconfirmed">ئەفریقای باشوور</territory>
			<territory type="ZM" draft="unconfirmed">زامبیا</territory>
			<territory type="ZW" draft="unconfirmed">زیمبابوی</territory>
			<territory type="ZZ" draft="unconfirmed">نەناسراو</territory>
		</territories>
		<keys>
			<key type="calendar" draft="unconfirmed">ڕۆژژمێر</key>
			<key type="collation" draft="unconfirmed">ڕیزبەندی</key>
			<key type="currency" draft="unconfirmed">دراو</key>
			<key type="numbers" draft="unconfirmed">ژمارەکان</key>
		</keys>
		<types>
			<type type="arab" key="numbers" draft="unconfirmed">ژمارە عەربی-ھیندییەکان</type>
			<type type="chinese" key="calendar" draft="unconfirmed">ڕۆژژمێری چینی</type>
			<type type="gregorian" key="calendar" draft="unconfirmed">ڕۆژژمێری گورجی</type>
			<type type="gujr" key="numbers" draft="unconfirmed">ژمارە گوجەراتییەکان</type>
			<type type="hebrew" key="calendar" draft="unconfirmed">ڕۆژژمێری عیبری</type>
			<type type="indian" key="calendar" draft="unconfirmed">ڕۆژژمێری نەتەوەیی ھیندی</type>
			<type type="islamic" key="calendar" draft="unconfirmed">ڕۆژژمێری کۆچیی مانگی</type>
			<type type="khmr" key="numbers" draft="unconfirmed">ژمارە خمێرییەکان</type>
			<type type="latn" key="numbers" draft="unconfirmed">ژمارە ڕۆژاوایییەکان</type>
			<type type="mymr" key="numbers" draft="unconfirmed">ژمارە میانمارییەکان</type>
			<type type="persian" key="calendar" draft="unconfirmed">ڕۆژژمێری کۆچیی ھەتاوی</type>
		</types>
		<measurementSystemNames>
			<measurementSystemName type="metric" draft="unconfirmed">مەتریک</measurementSystemName>
			<measurementSystemName type="UK" draft="unconfirmed">بریتانی</measurementSystemName>
			<measurementSystemName type="US" draft="unconfirmed">ئەمەریکی</measurementSystemName>
		</measurementSystemNames>
		<codePatterns>
			<codePattern type="language" draft="unconfirmed">زمان: {0}</codePattern>
			<codePattern type="script" draft="unconfirmed">خەت: {0}</codePattern>
			<codePattern type="territory" draft="unconfirmed">ناوچە: {0}</codePattern>
		</codePatterns>
	</localeDisplayNames>
	<layout>
		<orientation characters="right-to-left"/>
	</layout>
	<characters>
		<exemplarCharacters>[ئ ا ب پ ت ج چ ح خ د ر ز ڕ ژ س ش ع غ ف ڤ ق ک گ ل ڵ م ن ه ھ و ۆ ی ێ]</exemplarCharacters>
		<exemplarCharacters type="auxiliary">[\u064B \u064C \u064D \u064E \u064F \u0650 \u0651 \u0652 ء آ أ ؤ إ ئ ا ب ة ث ذ ص ض ط ظ ك ى ي]</exemplarCharacters>
		<exemplarCharacters type="index" draft="unconfirmed">[ئ ا ب پ ت ج چ ح خ د ر ز ڕ ژ س ش ع غ ف ڤ ق ک گ ل ڵ م ن ه ھ و ۆ ی ێ]</exemplarCharacters>
	</characters>
	<dates>
		<calendars>
			<calendar type="gregorian">
				<months>
					<monthContext type="format">
						<monthWidth type="abbreviated">
							<month type="1" draft="unconfirmed">کانوونی دووەم</month>
							<month type="2" draft="unconfirmed">شوبات</month>
							<month type="3" draft="unconfirmed">ئازار</month>
							<month type="4" draft="unconfirmed">نیسان</month>
							<month type="5" draft="unconfirmed">ئایار</month>
							<month type="6" draft="unconfirmed">حوزەیران</month>
							<month type="7" draft="unconfirmed">تەمووز</month>
							<month type="8" draft="unconfirmed">ئاب</month>
							<month type="9" draft="unconfirmed">ئەیلوول</month>
							<month type="10" draft="unconfirmed">تشرینی یەکەم</month>
							<month type="11" draft="unconfirmed">تشرینی دووەم</month>
							<month type="12" draft="unconfirmed">کانونی یەکەم</month>
						</monthWidth>
						<monthWidth type="narrow">
							<month type="12" draft="unconfirmed">D</month>
						</monthWidth>
						<monthWidth type="wide">
							<month type="1" draft="unconfirmed">کانوونی دووەم</month>
							<month type="2" draft="unconfirmed">شوبات</month>
							<month type="3" draft="unconfirmed">ئازار</month>
							<month type="4" draft="unconfirmed">نیسان</month>
							<month type="5" draft="unconfirmed">ئایار</month>
							<month type="6" draft="unconfirmed">حوزەیران</month>
							<month type="7" draft="unconfirmed">تەمووز</month>
							<month type="8" draft="unconfirmed">ئاب</month>
							<month type="9" draft="unconfirmed">ئەیلوول</month>
							<month type="10" draft="unconfirmed">تشرینی یەکەم</month>
							<month type="11" draft="unconfirmed">تشرینی دووەم</month>
							<month type="12" draft="unconfirmed">کانونی یەکەم</month>
						</monthWidth>
					</monthContext>
					<monthContext type="stand-alone">
						<monthWidth type="abbreviated">
							<month type="1" draft="unconfirmed">کانوونی دووەم</month>
							<month type="2" draft="unconfirmed">شوبات</month>
							<month type="3" draft="unconfirmed">ئازار</month>
							<month type="4" draft="unconfirmed">نیسان</month>
							<month type="5" draft="unconfirmed">ئایار</month>
							<month type="6" draft="unconfirmed">حوزەیران</month>
							<month type="7" draft="unconfirmed">تەمووز</month>
							<month type="8" draft="unconfirmed">ئاب</month>
							<month type="9" draft="unconfirmed">ئەیلوول</month>
							<month type="10" draft="unconfirmed">تشرینی یەکەم</month>
							<month type="11" draft="unconfirmed">تشرینی دووەم</month>
							<month type="12" draft="unconfirmed">کانونی یەکەم</month>
						</monthWidth>
						<monthWidth type="narrow">
							<month type="12" draft="unconfirmed">D</month>
						</monthWidth>
						<monthWidth type="wide">
							<month type="1" draft="unconfirmed">کانوونی دووەم</month>
							<month type="2" draft="unconfirmed">شوبات</month>
							<month type="3" draft="unconfirmed">ئازار</month>
							<month type="4" draft="unconfirmed">نیسان</month>
							<month type="5" draft="unconfirmed">ئایار</month>
							<month type="6" draft="unconfirmed">حوزەیران</month>
							<month type="7" draft="unconfirmed">تەمووز</month>
							<month type="8" draft="unconfirmed">ئاب</month>
							<month type="9" draft="unconfirmed">ئەیلوول</month>
							<month type="10" draft="unconfirmed">تشرینی یەکەم</month>
							<month type="11" draft="unconfirmed">تشرینی دووەم</month>
							<month type="12" draft="unconfirmed">کانونی یەکەم</month>
						</monthWidth>
					</monthContext>
				</months>
				<days>
					<dayContext type="format">
						<dayWidth type="abbreviated">
							<day type="sun" draft="unconfirmed">یەکشەممە</day>
							<day type="mon" draft="unconfirmed">دووشەممە</day>
							<day type="tue" draft="unconfirmed">سێشەممە</day>
							<day type="wed" draft="unconfirmed">چوارشەممە</day>
							<day type="thu" draft="unconfirmed">پێنجشەممە</day>
							<day type="fri" draft="unconfirmed">ھەینی</day>
							<day type="sat" draft="unconfirmed">شەممە</day>
						</dayWidth>
						<dayWidth type="narrow">
							<day type="sun" draft="unconfirmed">ی</day>
							<day type="mon" draft="unconfirmed">د</day>
							<day type="tue" draft="unconfirmed">س</day>
							<day type="wed" draft="unconfirmed">چ</day>
							<day type="thu" draft="unconfirmed">پ</day>
							<day type="fri" draft="unconfirmed">ھ</day>
							<day type="sat" draft="unconfirmed">ش</day>
						</dayWidth>
						<dayWidth type="wide">
							<day type="sun" draft="unconfirmed">یەکشەممە</day>
							<day type="mon" draft="unconfirmed">دووشەممە</day>
							<day type="tue" draft="unconfirmed">سێشەممە</day>
							<day type="wed" draft="unconfirmed">چوارشەممە</day>
							<day type="thu" draft="unconfirmed">پێنجشەممە</day>
							<day type="fri" draft="unconfirmed">ھەینی</day>
							<day type="sat" draft="unconfirmed">شەممە</day>
						</dayWidth>
					</dayContext>
					<dayContext type="stand-alone">
						<dayWidth type="abbreviated">
							<day type="sun" draft="unconfirmed">یەکشەممە</day>
							<day type="mon" draft="unconfirmed">دووشەممە</day>
							<day type="tue" draft="unconfirmed">سێشەممە</day>
							<day type="wed" draft="unconfirmed">چوارشەممە</day>
							<day type="thu" draft="unconfirmed">پێنجشەممە</day>
							<day type="fri" draft="unconfirmed">ھەینی</day>
							<day type="sat" draft="unconfirmed">شەممە</day>
						</dayWidth>
						<dayWidth type="narrow">
							<day type="sun" draft="unconfirmed">ی</day>
							<day type="mon" draft="unconfirmed">د</day>
							<day type="tue" draft="unconfirmed">س</day>
							<day type="wed" draft="unconfirmed">چ</day>
							<day type="thu" draft="unconfirmed">پ</day>
							<day type="fri" draft="unconfirmed">ھ</day>
							<day type="sat" draft="unconfirmed">ش</day>
						</dayWidth>
						<dayWidth type="wide">
							<day type="sun" draft="unconfirmed">یەکشەممە</day>
							<day type="mon" draft="unconfirmed">دووشەممە</day>
							<day type="tue" draft="unconfirmed">سێشەممە</day>
							<day type="wed" draft="unconfirmed">چوارشەممە</day>
							<day type="thu" draft="unconfirmed">پێنجشەممە</day>
							<day type="fri" draft="unconfirmed">ھەینی</day>
							<day type="sat" draft="unconfirmed">شەممە</day>
						</dayWidth>
					</dayContext>
				</days>
				<quarters>
					<quarterContext type="format">
						<quarterWidth type="wide">
							<quarter type="1" draft="unconfirmed">چارەکی یەکەم</quarter>
							<quarter type="2" draft="unconfirmed">چارەکی دووەم</quarter>
							<quarter type="3" draft="unconfirmed">چارەکی سێەم</quarter>
							<quarter type="4" draft="unconfirmed">چارەکی چوارەم</quarter>
						</quarterWidth>
					</quarterContext>
					<quarterContext type="stand-alone">
						<quarterWidth type="wide">
							<quarter type="1" draft="unconfirmed">چارەکی یەکەم</quarter>
							<quarter type="2" draft="unconfirmed">چارەکی دووەم</quarter>
							<quarter type="3" draft="unconfirmed">چارەکی سێەم</quarter>
							<quarter type="4" draft="unconfirmed">چارەکی چوارەم</quarter>
						</quarterWidth>
					</quarterContext>
				</quarters>
				<dayPeriods>
					<dayPeriodContext type="format">
						<dayPeriodWidth type="wide">
							<dayPeriod type="am" draft="unconfirmed">ب.ن</dayPeriod>
							<dayPeriod type="pm" draft="unconfirmed">د.ن</dayPeriod>
						</dayPeriodWidth>
					</dayPeriodContext>
				</dayPeriods>
				<eras>
					<eraNames>
						<era type="0" draft="unconfirmed">پێش زایین</era>
						<era type="1" draft="unconfirmed">زایینی</era>
					</eraNames>
					<eraAbbr>
						<era type="0" draft="unconfirmed">پێش زاییین</era>
						<era type="1" draft="unconfirmed">ز</era>
					</eraAbbr>
					<eraNarrow>
						<era type="0" draft="unconfirmed">پ.ن</era>
						<era type="1" draft="unconfirmed">ز</era>
					</eraNarrow>
				</eras>
				<dateFormats>
					<dateFormatLength type="long">
						<dateFormat>
							<pattern draft="unconfirmed">dی MMMMی y</pattern>
						</dateFormat>
					</dateFormatLength>
				</dateFormats>
				<dateTimeFormats>
					<availableFormats>
						<dateFormatItem id="EEEd" draft="unconfirmed">EEE dەھەم</dateFormatItem>
						<dateFormatItem id="h" draft="unconfirmed">hی a</dateFormatItem>
						<dateFormatItem id="MEd" draft="unconfirmed">E، M/d</dateFormatItem>
						<dateFormatItem id="MMMd" draft="unconfirmed">dی MMM</dateFormatItem>
						<dateFormatItem id="MMMEd" draft="unconfirmed">E، dی MMM</dateFormatItem>
						<dateFormatItem id="yM" draft="unconfirmed">M/y</dateFormatItem>
						<dateFormatItem id="yMd" draft="unconfirmed">d/M/y</dateFormatItem>
						<dateFormatItem id="yMEd" draft="unconfirmed">EEE، d/M/y</dateFormatItem>
						<dateFormatItem id="yMMM" draft="unconfirmed">MMMی y</dateFormatItem>
						<dateFormatItem id="yMMMd" draft="unconfirmed">dی MMMی y</dateFormatItem>
						<dateFormatItem id="yMMMEd" draft="unconfirmed">EEE، dی MMMی y</dateFormatItem>
					</availableFormats>
					<intervalFormats>
						<intervalFormatItem id="MEd">
							<greatestDifference id="d" draft="unconfirmed">E، M/d – E، M/d</greatestDifference>
							<greatestDifference id="M" draft="unconfirmed">E، M/d – E، M/d</greatestDifference>
						</intervalFormatItem>
						<intervalFormatItem id="MMM">
							<greatestDifference id="M" draft="unconfirmed">MMM–MMM</greatestDifference>
						</intervalFormatItem>
						<intervalFormatItem id="MMMd">
							<greatestDifference id="d" draft="unconfirmed">d–dی MMM</greatestDifference>
						</intervalFormatItem>
						<intervalFormatItem id="MMMEd">
							<greatestDifference id="d" draft="unconfirmed">E، dی MMM – E، dی MMM</greatestDifference>
						</intervalFormatItem>
						<intervalFormatItem id="yMd">
							<greatestDifference id="y" draft="unconfirmed">d/M/yy – d/M/yy</greatestDifference>
						</intervalFormatItem>
						<intervalFormatItem id="yMEd">
							<greatestDifference id="d" draft="unconfirmed">E، d/M/yy – E، d/M/yy</greatestDifference>
							<greatestDifference id="M" draft="unconfirmed">E، d/M/yy – E، d/M/yy</greatestDifference>
							<greatestDifference id="y" draft="unconfirmed">E، d/M/yy – E، d/M/yy</greatestDifference>
						</intervalFormatItem>
						<intervalFormatItem id="yMMM">
							<greatestDifference id="M" draft="unconfirmed">MMM–MMMی y</greatestDifference>
							<greatestDifference id="y" draft="unconfirmed">MMMی y – MMMی y</greatestDifference>
						</intervalFormatItem>
						<intervalFormatItem id="yMMMd">
							<greatestDifference id="d" draft="unconfirmed">d–dی MMMی y</greatestDifference>
							<greatestDifference id="M" draft="unconfirmed">dی MMM – dی MMMی y</greatestDifference>
							<greatestDifference id="y" draft="unconfirmed">dی MMMMی y – dی MMMMی y</greatestDifference>
						</intervalFormatItem>
					</intervalFormats>
				</dateTimeFormats>
				<fields>
					<field type="year">
						<displayName draft="unconfirmed">ساڵ</displayName>
					</field>
					<field type="month">
						<displayName draft="unconfirmed">مانگ</displayName>
					</field>
					<field type="week">
						<displayName draft="unconfirmed">ھەفتە</displayName>
					</field>
					<field type="day">
						<displayName draft="unconfirmed">ڕۆژ</displayName>
						<relative type="0" draft="unconfirmed">ئەمڕۆ</relative>
						<relative type="1" draft="unconfirmed">سبەی</relative>
					</field>
					<field type="weekday">
						<displayName draft="unconfirmed">ڕۆژی ھەفتە</displayName>
					</field>
					<field type="hour">
						<displayName draft="unconfirmed">کاتژمێر</displayName>
					</field>
					<field type="minute">
						<displayName draft="unconfirmed">خولەک</displayName>
					</field>
					<field type="second">
						<displayName draft="unconfirmed">چرکە</displayName>
					</field>
				</fields>
			</calendar>
			<calendar type="persian">
				<months>
					<monthContext type="format">
						<monthWidth type="abbreviated">
							<month type="1" draft="unconfirmed">خاکەلێوە</month>
							<month type="2" draft="unconfirmed">بانەمەڕ</month>
							<month type="3" draft="unconfirmed">جۆزەردان</month>
							<month type="4" draft="unconfirmed">پووشپەڕ</month>
							<month type="5" draft="unconfirmed">گەلاوێژ</month>
							<month type="6" draft="unconfirmed">خەرمانان</month>
							<month type="7" draft="unconfirmed">ڕەزبەر</month>
							<month type="8" draft="unconfirmed">خەزەڵوەر</month>
							<month type="9" draft="unconfirmed">سەرماوەز</month>
							<month type="10" draft="unconfirmed">بەفرانبار</month>
							<month type="11" draft="unconfirmed">ڕێبەندان</month>
							<month type="12" draft="unconfirmed">رەشەمێ</month>
						</monthWidth>
						<monthWidth type="wide">
							<month type="1" draft="unconfirmed">خاکەلێوە</month>
							<month type="2" draft="unconfirmed">بانەمەڕ</month>
							<month type="3" draft="unconfirmed">جۆزەردان</month>
							<month type="4" draft="unconfirmed">پووشپەڕ</month>
							<month type="5" draft="unconfirmed">گەلاوێژ</month>
							<month type="6" draft="unconfirmed">خەرمانان</month>
							<month type="7" draft="unconfirmed">ڕەزبەر</month>
							<month type="8" draft="unconfirmed">خەزەڵوەر</month>
							<month type="9" draft="unconfirmed">سەرماوەز</month>
							<month type="10" draft="unconfirmed">بەفرانبار</month>
							<month type="11" draft="unconfirmed">ڕێبەندان</month>
							<month type="12" draft="unconfirmed">رەشەمێ</month>
						</monthWidth>
					</monthContext>
					<monthContext type="stand-alone">
						<monthWidth type="abbreviated">
							<month type="1" draft="unconfirmed">خاکەلێوە</month>
							<month type="2" draft="unconfirmed">بانەمەڕ</month>
							<month type="3" draft="unconfirmed">جۆزەردان</month>
							<month type="4" draft="unconfirmed">پووشپەڕ</month>
							<month type="5" draft="unconfirmed">گەلاوێژ</month>
							<month type="6" draft="unconfirmed">خەرمانان</month>
							<month type="7" draft="unconfirmed">ڕەزبەر</month>
							<month type="8" draft="unconfirmed">خەزەڵوەر</month>
							<month type="9" draft="unconfirmed">سەرماوەز</month>
							<month type="10" draft="unconfirmed">بەفرانبار</month>
							<month type="11" draft="unconfirmed">ڕێبەندان</month>
							<month type="12" draft="unconfirmed">رەشەمێ</month>
						</monthWidth>
						<monthWidth type="wide">
							<month type="1" draft="unconfirmed">خاکەلێوە</month>
							<month type="2" draft="unconfirmed">بانەمەڕ</month>
							<month type="3" draft="unconfirmed">جۆزەردان</month>
							<month type="4" draft="unconfirmed">پووشپەڕ</month>
							<month type="5" draft="unconfirmed">گەلاوێژ</month>
							<month type="6" draft="unconfirmed">خەرمانان</month>
							<month type="7" draft="unconfirmed">ڕەزبەر</month>
							<month type="8" draft="unconfirmed">خەزەڵوەر</month>
							<month type="9" draft="unconfirmed">سەرماوەز</month>
							<month type="10" draft="unconfirmed">بەفرانبار</month>
							<month type="11" draft="unconfirmed">ڕێبەندان</month>
							<month type="12" draft="unconfirmed">رەشەمێ</month>
						</monthWidth>
					</monthContext>
				</months>
			</calendar>
		</calendars>
	</dates>
	<numbers>
		<defaultNumberingSystem draft="unconfirmed">arab</defaultNumberingSystem>
		<symbols numberSystem="latn">
			<percentSign draft="unconfirmed">٪</percentSign>
		</symbols>
		<currencyFormats>
			<unitPattern count="one" draft="unconfirmed">{0} {1}</unitPattern>
		</currencyFormats>
		<currencies>
			<currency type="AFN">
				<displayName draft="unconfirmed">ئەفغانیی ئەفغانستان</displayName>
			</currency>
			<currency type="BHD">
				<displayName draft="unconfirmed">دیناری بەحرەینی</displayName>
			</currency>
			<currency type="BZD">
				<displayName draft="unconfirmed">دۆلاری بەلیزی</displayName>
			</currency>
			<currency type="DZD">
				<displayName draft="unconfirmed">دیناری جەزائیری</displayName>
			</currency>
			<currency type="EUR">
				<displayName draft="unconfirmed">یورۆ</displayName>
			</currency>
			<currency type="IQD">
				<displayName draft="unconfirmed">دیناری عێراقی</displayName>
			</currency>
			<currency type="IRR">
				<displayName draft="unconfirmed">ڕیاڵی ئێرانی</displayName>
			</currency>
			<currency type="JOD">
				<displayName draft="unconfirmed">دیناری ئوردنی</displayName>
			</currency>
			<currency type="KWD">
				<displayName draft="unconfirmed">دیناری کووەیتی</displayName>
			</currency>
			<currency type="OMR">
				<displayName draft="unconfirmed">ڕیاڵی عومانی</displayName>
			</currency>
			<currency type="QAR">
				<displayName draft="unconfirmed">ڕیاڵی قەتەری</displayName>
			</currency>
			<currency type="SAR">
				<displayName draft="unconfirmed">ڕیاڵی سەعوودی</displayName>
			</currency>
			<currency type="TND">
				<displayName draft="unconfirmed">دیناری توونس</displayName>
			</currency>
			<currency type="TRY">
				<displayName draft="unconfirmed">لیرەی تورکیا</displayName>
			</currency>
			<currency type="TTD">
				<displayName draft="unconfirmed">دۆلاری ترینیداد و تۆباگۆ</displayName>
			</currency>
			<currency type="XAU">
				<displayName draft="unconfirmed">زێڕ</displayName>
			</currency>
		</currencies>
	</numbers>
	<units>
		<unit type="day">
			<unitPattern count="one" draft="unconfirmed">{0} ڕۆژ</unitPattern>
		</unit>
	</units>
</ldml>

