<?xml version="1.0" encoding="UTF-8" ?>
<!DOCTYPE ldml SYSTEM "../../common/dtd/ldml.dtd">
<ldml>
	<identity>
		<version number="$Revision: 5798 $"/>
		<generation date="$Date: 2011-05-02 01:05:34 -0500 (Mon, 02 May 2011) $"/>
		<language type="ky"/>
	</identity>
	<localeDisplayNames>
		<languages>
			<language type="af" draft="unconfirmed">африкаанча</language>
			<language type="ar" draft="unconfirmed">арабча</language>
			<language type="az" draft="unconfirmed">азербайжанча</language>
			<language type="be" draft="unconfirmed">беларусча</language>
			<language type="bg" draft="unconfirmed">болгарияча</language>
			<language type="bh" draft="unconfirmed">бихариче</language>
			<language type="bn" draft="unconfirmed">бангладешче</language>
			<language type="br" draft="unconfirmed">бретон</language>
			<language type="bs" draft="unconfirmed">боснияча</language>
			<language type="ca" draft="unconfirmed">каталанча</language>
			<language type="cs" draft="unconfirmed">чех тили</language>
			<language type="da" draft="unconfirmed">датча</language>
			<language type="de">немисче</language>
			<language type="el" draft="unconfirmed">грекче</language>
			<language type="en">англисче</language>
			<language type="es">испанча</language>
			<language type="et" draft="unconfirmed">эстончо</language>
			<language type="fa" draft="unconfirmed">фарзча</language>
			<language type="fi" draft="unconfirmed">финче</language>
			<language type="fil" draft="unconfirmed">тагалча</language>
			<language type="fr">французча</language>
			<language type="ga" draft="unconfirmed">ирландча</language>
			<language type="gn" draft="unconfirmed">гуараш</language>
			<language type="gu" draft="unconfirmed">гужаратча</language>
			<language type="he" draft="unconfirmed">еврейче</language>
			<language type="hi" draft="unconfirmed">индусча</language>
			<language type="hr" draft="unconfirmed">хорватча</language>
			<language type="hu" draft="unconfirmed">венгрияча</language>
			<language type="id" draft="unconfirmed">индонезияча</language>
			<language type="is" draft="unconfirmed">исландча</language>
			<language type="it">италиянча</language>
			<language type="ja">япончо</language>
			<language type="jv" draft="unconfirmed">жаванизче</language>
			<language type="ka" draft="unconfirmed">грузинче</language>
			<language type="kn" draft="unconfirmed">каннадача</language>
			<language type="ko" draft="unconfirmed">корейче</language>
			<language type="ku" draft="unconfirmed">курт</language>
			<language type="ky" draft="unconfirmed">Кыргыз</language>
			<language type="la" draft="unconfirmed">латынча</language>
			<language type="lt" draft="unconfirmed">литвача</language>
			<language type="lv" draft="unconfirmed">латвияча</language>
			<language type="mk" draft="unconfirmed">македонияча</language>
			<language type="ml" draft="unconfirmed">малайаламча</language>
			<language type="mr" draft="unconfirmed">маратиче</language>
			<language type="ms" draft="unconfirmed">малайча</language>
			<language type="mt" draft="unconfirmed">малтизче</language>
			<language type="ne" draft="unconfirmed">непалча</language>
			<language type="nl" draft="unconfirmed">голландча</language>
			<language type="nn" draft="unconfirmed">норвегияча</language>
			<language type="no" draft="unconfirmed">норвежче</language>
			<language type="or" draft="unconfirmed">ория</language>
			<language type="pa" draft="unconfirmed">пунжабиче</language>
			<language type="pl" draft="unconfirmed">полякча</language>
			<language type="ps" draft="unconfirmed">пашто</language>
			<language type="pt">португалча</language>
			<language type="ro" draft="unconfirmed">румынияча</language>
			<language type="ru">орусча</language>
			<language type="sh" draft="unconfirmed">серб-хорват</language>
			<language type="si" draft="unconfirmed">сингалача</language>
			<language type="sk" draft="unconfirmed">словакча</language>
			<language type="sl" draft="unconfirmed">словенче</language>
			<language type="sq" draft="unconfirmed">албанча</language>
			<language type="sr" draft="unconfirmed">сербче</language>
			<language type="st" draft="unconfirmed">сесото</language>
			<language type="su" draft="unconfirmed">сунданча</language>
			<language type="sv" draft="unconfirmed">шведче</language>
			<language type="sw" draft="unconfirmed">суахиличе</language>
			<language type="ta" draft="unconfirmed">тамилче</language>
			<language type="te" draft="unconfirmed">телугуча</language>
			<language type="th" draft="unconfirmed">тайча</language>
			<language type="tk" draft="unconfirmed">түркмөн</language>
			<language type="tlh" draft="unconfirmed">клингончо</language>
			<language type="tr" draft="unconfirmed">туркчо</language>
			<language type="tw" draft="unconfirmed">тви</language>
			<language type="uk" draft="unconfirmed">украинче</language>
			<language type="ur" draft="unconfirmed">урдуча</language>
			<language type="uz" draft="unconfirmed">озбекче</language>
			<language type="vi" draft="unconfirmed">вьетнамча</language>
			<language type="yi" draft="unconfirmed">еврей</language>
			<language type="zh">кытайча</language>
		</languages>
		<territories>
			<territory type="KG" draft="unconfirmed">Кыргызстан</territory>
		</territories>
	</localeDisplayNames>
	<characters>
		<exemplarCharacters>[а б г д е ё ж з и й к л м н ӊ о ө п р с т у ү х ч ш ъ ы э ю я]</exemplarCharacters>
		<exemplarCharacters type="auxiliary">[в ф ц щ ь]</exemplarCharacters>
		<exemplarCharacters type="index" draft="unconfirmed">[А Б Г Д Е Ж З И Й К Л М Н Ӊ О Ө П Р С Т У Ү Х Ч Ш Ъ Ы Э Ю Я]</exemplarCharacters>
	</characters>
	<numbers>
		<symbols numberSystem="latn">
			<decimal draft="unconfirmed">,</decimal>
			<group draft="unconfirmed"> </group>
		</symbols>
		<currencies>
			<currency type="KGS">
				<symbol>сом</symbol>
			</currency>
		</currencies>
	</numbers>
</ldml>
