<?xml version="1.0" encoding="UTF-8" ?>
<!DOCTYPE ldml SYSTEM "../../common/dtd/ldml.dtd">
<ldml>
	<identity>
		<version number="$Revision: 5812 $"/>
		<generation date="$Date: 2011-05-02 20:48:46 -0500 (Mon, 02 May 2011) $"/>
		<language type="mn"/>
		<script type="Mong"/>
	</identity>
	<layout>
		<orientation lines="left-to-right" characters="top-to-bottom"/>
	</layout>
	<characters>
		<exemplarCharacters>[᠐ ᠑ ᠒ ᠓ ᠔ ᠕ ᠖ ᠗ ᠘ ᠙ ᠠ ᠡ ᠢ ᠣ ᠤ ᠥ ᠦ ᠧ ᠨ ᠩ ᠪ ᠫ ᠬ ᠭ ᠮ ᠯ ᠰ ᠱ ᠲ ᠳ ᠴ ᠵ ᠶ ᠷ ᠸ ᠹ ᠺ ᠻ ᠼ ᠽ ᠾ ᠿ ᡀ ᡁ ᡂ]</exemplarCharacters>
		<exemplarCharacters type="auxiliary">[]</exemplarCharacters>
		<exemplarCharacters type="index" draft="unconfirmed">[ᠠ ᠡ ᠢ ᠣ ᠤ ᠥ ᠦ ᠧ ᠨ ᠩ ᠪ ᠫ ᠬ ᠭ ᠮ ᠯ ᠰ ᠱ ᠲ ᠳ ᠴ ᠵ ᠶ ᠷ ᠸ ᠹ ᠺ ᠻ ᠼ ᠽ ᠾ ᠿ ᡀ ᡁ ᡂ]</exemplarCharacters>
	</characters>
</ldml>

