<?xml version="1.0" encoding="UTF-8" ?>
<!DOCTYPE ldml SYSTEM "../../common/dtd/ldml.dtd">
<ldml>
	<identity>
		<version number="$Revision: 5953 $"/>
		<generation date="$Date: 2011-07-04 18:22:55 -0500 (Mon, 04 Jul 2011) $"/>
		<language type="ms"/>
	</identity>
	<localeDisplayNames>
		<localeDisplayPattern>
			<localeSeparator>,</localeSeparator>
		</localeDisplayPattern>
		<languages>
			<language type="ab">Abkhazia</language>
			<language type="af" draft="contributed">Afrikaans</language>
			<language type="am" draft="contributed">Amharic</language>
			<language type="ar" draft="contributed">Arab</language>
			<language type="as" draft="contributed">Assam</language>
			<language type="ay">Aymara</language>
			<language type="az">Azerbaijan</language>
			<language type="az" alt="short">Azeri</language>
			<language type="be" draft="contributed">Belarus</language>
			<language type="bg">Bulgaria</language>
			<language type="bh" draft="unconfirmed">Bihari</language>
			<language type="bn" draft="contributed">Benggala</language>
			<language type="bo">Tibet</language>
			<language type="br" draft="unconfirmed">Brittany</language>
			<language type="bs" draft="contributed">Bosnia</language>
			<language type="ca" draft="contributed">Catalonia</language>
			<language type="cs">Czech</language>
			<language type="cy" draft="contributed">Wales</language>
			<language type="da">Denmark</language>
			<language type="de">Jerman</language>
			<language type="de_AT">Jerman Austria</language>
			<language type="de_CH">Jerman Halus Switzerland</language>
			<language type="dv">Divehi</language>
			<language type="dz">Dzongkha</language>
			<language type="efi">Efik</language>
			<language type="el">Greek</language>
			<language type="en">Inggeris</language>
			<language type="en_AU">Inggeris Australia</language>
			<language type="en_CA">Inggeris Kanada</language>
			<language type="en_GB">Inggeris British</language>
			<language type="en_US">Bahasa Inggeris AS</language>
			<language type="eo" draft="contributed">Esperanto</language>
			<language type="es">Sepanyol</language>
			<language type="es_419">Sepanyol Amerika Latin</language>
			<language type="es_ES">Sepanyol Iberia</language>
			<language type="et">Estonia</language>
			<language type="eu" draft="contributed">Basque</language>
			<language type="fa" draft="contributed">Parsi</language>
			<language type="fi">Finland</language>
			<language type="fil">Filipina</language>
			<language type="fj">Fiji</language>
			<language type="fo">Faroe</language>
			<language type="fr">Perancis</language>
			<language type="fr_CA">Perancis Kanada</language>
			<language type="fr_CH">Perancis Switzerland</language>
			<language type="fy" draft="contributed">Frisian</language>
			<language type="ga">Ireland</language>
			<language type="gd" draft="contributed">Scots Gaelic</language>
			<language type="gl" draft="contributed">Galicia</language>
			<language type="gn">Guarani</language>
			<language type="gsw">Jerman Switzerland</language>
			<language type="gu" draft="contributed">Gujerat</language>
			<language type="ha">Hausa</language>
			<language type="haw">Hawaii</language>
			<language type="he">Ibrani</language>
			<language type="hi">Hindi</language>
			<language type="hr" draft="contributed">Croat</language>
			<language type="ht">Haiti</language>
			<language type="hu" draft="contributed">Hungary</language>
			<language type="hy" draft="contributed">Armenia</language>
			<language type="ia" draft="unconfirmed">Interlingua</language>
			<language type="id" draft="contributed">Indonesia</language>
			<language type="ie" draft="unconfirmed">Interlingue</language>
			<language type="ig">Igbo</language>
			<language type="is">Iceland</language>
			<language type="it">Itali</language>
			<language type="ja">Jepun</language>
			<language type="jv">Jawa</language>
			<language type="ka" draft="contributed">Georgia</language>
			<language type="kk">Kazakhstan</language>
			<language type="km" draft="contributed">Khmer</language>
			<language type="kn" draft="contributed">Kannada</language>
			<language type="ko">Korea</language>
			<language type="ks">Kashmiri</language>
			<language type="ku">Kurdish</language>
			<language type="ky">Kirghiz</language>
			<language type="la" draft="contributed">Latin</language>
			<language type="lb">Luxembourg</language>
			<language type="ln" draft="contributed">Lingala</language>
			<language type="lo" draft="contributed">Laos</language>
			<language type="lt">Lithuania</language>
			<language type="lv">Latvia</language>
			<language type="mg">Malagasy</language>
			<language type="mi">Maori</language>
			<language type="mk">Macedonia</language>
			<language type="ml" draft="contributed">Malayalam</language>
			<language type="mn" draft="contributed">Mongolia</language>
			<language type="mr" draft="contributed">Marathi</language>
			<language type="ms">Bahasa Melayu</language>
			<language type="mt" draft="contributed">Malta</language>
			<language type="my">Burma</language>
			<language type="nb">Bokmål Norway</language>
			<language type="nd">Ndebele Utara</language>
			<language type="ne" draft="contributed">Nepal</language>
			<language type="nl">Belanda</language>
			<language type="nl_BE">Flemish</language>
			<language type="nn" draft="contributed">Nynorsk Norway</language>
			<language type="no" draft="unconfirmed">Norway</language>
			<language type="nso">Sotho Utara</language>
			<language type="ny">Nyanja</language>
			<language type="oc" draft="unconfirmed">Occitan</language>
			<language type="or">Oriya</language>
			<language type="os">Ossete</language>
			<language type="pa" draft="contributed">Punjabi</language>
			<language type="pl">Poland</language>
			<language type="ps">Pashto</language>
			<language type="ps" alt="variant">Pushto</language>
			<language type="pt">Portugis</language>
			<language type="pt_BR">Portugis Brazil</language>
			<language type="pt_PT">Portugis Iberia</language>
			<language type="qu">Quechua</language>
			<language type="rm">Romansh</language>
			<language type="rn">Rundi</language>
			<language type="ro">Romania</language>
			<language type="ru">Rusia</language>
			<language type="rw">Kinyarwanda</language>
			<language type="sa" draft="contributed">Sanskrit</language>
			<language type="sd" draft="contributed">Sindhi</language>
			<language type="se">Sami Utara</language>
			<language type="sg">Sango</language>
			<language type="sh" draft="contributed">SerboCroatia</language>
			<language type="si" draft="contributed">Sinhala</language>
			<language type="sk" draft="contributed">Slovak</language>
			<language type="sl" draft="contributed">Slovenia</language>
			<language type="sm">Samoa</language>
			<language type="sn">Shona</language>
			<language type="so" draft="contributed">Somali</language>
			<language type="sq" draft="contributed">Albania</language>
			<language type="sr" draft="contributed">Serbia</language>
			<language type="ss">Swati</language>
			<language type="st">Sotho Selatan</language>
			<language type="su" draft="contributed">Sunda</language>
			<language type="sv">Sweden</language>
			<language type="sw" draft="contributed">Swahili</language>
			<language type="ta" draft="contributed">Tamil</language>
			<language type="te" draft="contributed">Telugu</language>
			<language type="tet">Tetum</language>
			<language type="tg">Tajik</language>
			<language type="th" draft="contributed">Thai</language>
			<language type="ti" draft="contributed">Tigrinya</language>
			<language type="tk">Turkmen</language>
			<language type="tlh" draft="unconfirmed">Klingon</language>
			<language type="tn">Tswana</language>
			<language type="to">Tonga</language>
			<language type="tpi">Tok Pisin</language>
			<language type="tr">Turki</language>
			<language type="ts">Tsonga</language>
			<language type="tt">Tatar</language>
			<language type="tw" draft="unconfirmed">Twi</language>
			<language type="ty">Tahiti</language>
			<language type="ug" draft="contributed">Uighur</language>
			<language type="ug" alt="variant">Uyghur</language>
			<language type="uk">Ukraine</language>
			<language type="und">Bahasa Tidak Diketahui</language>
			<language type="ur">Urdu</language>
			<language type="uz">Uzbekistan</language>
			<language type="ve">Venda</language>
			<language type="vi" draft="contributed">Vietnam</language>
			<language type="wo">Wolof</language>
			<language type="xh">Xhosa</language>
			<language type="yi" draft="unconfirmed">Yahudi</language>
			<language type="yo">Yoruba</language>
			<language type="zh">Cina</language>
			<language type="zh_Hans">Cina Ringkas</language>
			<language type="zh_Hant">Cina Tradisional</language>
			<language type="zu">Zulu</language>
			<language type="zxx">Tidak kandungan linguistik</language>
		</languages>
		<scripts>
			<script type="Arab">Arab</script>
			<script type="Arab" alt="variant">Perso-Arab</script>
			<script type="Armn">Armenia</script>
			<script type="Beng">Bengali</script>
			<script type="Bopo">Bopomofo</script>
			<script type="Brai">Braille</script>
			<script type="Cyrl">Cyril</script>
			<script type="Deva">Devanagari</script>
			<script type="Ethi">Ethiopia</script>
			<script type="Geor">Georgia</script>
			<script type="Grek">Greek</script>
			<script type="Gujr">Gujarat</script>
			<script type="Guru">Gurmukhi</script>
			<script type="Hang">Hangul</script>
			<script type="Hani">Han</script>
			<script type="Hans">Ringkas</script>
			<script type="Hans" alt="stand-alone">Han Ringkas</script>
			<script type="Hant">Tradisional</script>
			<script type="Hant" alt="stand-alone">Han Tradisional</script>
			<script type="Hebr">Ibrani</script>
			<script type="Hira">Hiragana</script>
			<script type="Jpan">Jepun</script>
			<script type="Kana">Katakana</script>
			<script type="Khmr">Khmer</script>
			<script type="Knda">Kannada</script>
			<script type="Kore">Korea</script>
			<script type="Laoo">Lao</script>
			<script type="Latn">Latin</script>
			<script type="Mlym">Malayalam</script>
			<script type="Mong">Mongolia</script>
			<script type="Mymr">Myammar</script>
			<script type="Orya">Oriya</script>
			<script type="Sinh">Sinhala</script>
			<script type="Taml">Tamil</script>
			<script type="Telu">Telugu</script>
			<script type="Thaa">Thaana</script>
			<script type="Thai">Thai</script>
			<script type="Tibt">Tibet</script>
			<script type="Zsym">Simbol</script>
			<script type="Zxxx">Tidak ditulis</script>
			<script type="Zyyy">Biasa</script>
			<script type="Zzzz">Skrip Tidak Diketahui</script>
		</scripts>
		<territories>
			<territory type="001">Dunia</territory>
			<territory type="002">Afrika</territory>
			<territory type="003">Amerika Utara</territory>
			<territory type="005">Amerika Selatan</territory>
			<territory type="009">Oceania</territory>
			<territory type="011">Afrika Barat</territory>
			<territory type="013">Amerika Tengah</territory>
			<territory type="014">Afrika Timur</territory>
			<territory type="015">Afrika Utara</territory>
			<territory type="017">Afrika Tengah</territory>
			<territory type="018">Selatan Afrika</territory>
			<territory type="019">Amerika</territory>
			<territory type="021">Utara Amerika</territory>
			<territory type="029">Caribbean</territory>
			<territory type="030">Asia Timur</territory>
			<territory type="034">Asia Selatan</territory>
			<territory type="035">Asia Tenggara</territory>
			<territory type="039">Eropah Selatan</territory>
			<territory type="053">Australia dan New Zealand</territory>
			<territory type="054">Melanesia</territory>
			<territory type="057">Wilayah Mikronesia</territory>
			<territory type="061">Polinesia</territory>
			<territory type="142">Asia</territory>
			<territory type="143">Asia Tengah</territory>
			<territory type="145">Asia Barat</territory>
			<territory type="150">Eropah</territory>
			<territory type="151">Eropah Timur</territory>
			<territory type="154">Eropah Utara</territory>
			<territory type="155">Eropah Barat</territory>
			<territory type="419">Amerika Latin</territory>
			<territory type="AC">Pulau Ascension</territory>
			<territory type="AD">Andorra</territory>
			<territory type="AE">Emiriah Arab Bersatu</territory>
			<territory type="AF">Afghanistan</territory>
			<territory type="AG">Antigua dan Barbuda</territory>
			<territory type="AI">Anguilla</territory>
			<territory type="AL">Albania</territory>
			<territory type="AM">Armenia</territory>
			<territory type="AN">Netherlands Antilles</territory>
			<territory type="AO">Angola</territory>
			<territory type="AQ">Antarctica</territory>
			<territory type="AR">Argentina</territory>
			<territory type="AS">American Samoa</territory>
			<territory type="AT">Austria</territory>
			<territory type="AU">Australia</territory>
			<territory type="AW">Aruba</territory>
			<territory type="AX">Kepulauan Åland</territory>
			<territory type="AZ">Azerbaijan</territory>
			<territory type="BA">Bosnia dan Herzegovina</territory>
			<territory type="BB">Barbados</territory>
			<territory type="BD">Bangladesh</territory>
			<territory type="BE">Belgium</territory>
			<territory type="BF">Burkina Faso</territory>
			<territory type="BG">Bulgaria</territory>
			<territory type="BH">Bahrain</territory>
			<territory type="BI">Burundi</territory>
			<territory type="BJ">Benin</territory>
			<territory type="BL">Saint Barthélemy</territory>
			<territory type="BM">Bermuda</territory>
			<territory type="BN">Brunei</territory>
			<territory type="BO">Bolivia</territory>
			<territory type="BR">Brazil</territory>
			<territory type="BS">Bahamas</territory>
			<territory type="BT">Bhutan</territory>
			<territory type="BV">Bouvet Island</territory>
			<territory type="BW">Botswana</territory>
			<territory type="BY">Belarus</territory>
			<territory type="BZ">Belize</territory>
			<territory type="CA">Kanada</territory>
			<territory type="CC">Cocos [Keeling] Islands</territory>
			<territory type="CD">Congo - Kinshasa</territory>
			<territory type="CD" alt="variant">Congo [DRC]</territory>
			<territory type="CF">Republik Afrika Tengah</territory>
			<territory type="CG">Congo</territory>
			<territory type="CG" alt="variant">Congo [Republik]</territory>
			<territory type="CH">Switzerland</territory>
			<territory type="CI">Côte d’Ivoire</territory>
			<territory type="CI" alt="variant">Ivory Coast</territory>
			<territory type="CK">Cook Islands</territory>
			<territory type="CL">Cile</territory>
			<territory type="CM">Kamerun</territory>
			<territory type="CN">China</territory>
			<territory type="CO">Colombia</territory>
			<territory type="CP">Pulau Clipperton</territory>
			<territory type="CR">Kosta Rika</territory>
			<territory type="CS" draft="contributed">Serbia dan Montenegro</territory>
			<territory type="CU">Cuba</territory>
			<territory type="CV">Cape Verde</territory>
			<territory type="CX">Christmas Island</territory>
			<territory type="CY">Kibris</territory>
			<territory type="CZ">Republik Czech</territory>
			<territory type="DE">Jerman</territory>
			<territory type="DG">Diego Garcia</territory>
			<territory type="DJ">Jibouti</territory>
			<territory type="DK">Denmark</territory>
			<territory type="DM">Dominica</territory>
			<territory type="DO">Republik Dominican</territory>
			<territory type="DZ">Aljazair</territory>
			<territory type="EA">Ceuta dan Melilla</territory>
			<territory type="EC">Ecuador</territory>
			<territory type="EE">Estonia</territory>
			<territory type="EG">Mesir</territory>
			<territory type="EH">Sahara Barat</territory>
			<territory type="ER">Eritrea</territory>
			<territory type="ES">Sepanyol</territory>
			<territory type="ET">Ethiopia</territory>
			<territory type="EU">Kesatuan Eropah</territory>
			<territory type="FI">Finland</territory>
			<territory type="FJ">Fiji</territory>
			<territory type="FK">Falkland Islands</territory>
			<territory type="FK" alt="variant">Kepulauan Falkland [Islas Malvinas]</territory>
			<territory type="FM">Micronesia</territory>
			<territory type="FO">Faroe Islands</territory>
			<territory type="FR">Perancis</territory>
			<territory type="GA">Gabon</territory>
			<territory type="GB">United Kingdom</territory>
			<territory type="GD">Grenada</territory>
			<territory type="GE">Georgia</territory>
			<territory type="GF">French Guiana</territory>
			<territory type="GG">Guernsey</territory>
			<territory type="GH">Ghana</territory>
			<territory type="GI">Gibraltar</territory>
			<territory type="GL">Greenland</territory>
			<territory type="GM">Gambia</territory>
			<territory type="GN">Guinea</territory>
			<territory type="GP">Guadeloupe</territory>
			<territory type="GQ">Equatorial Guinea</territory>
			<territory type="GR">Yunani</territory>
			<territory type="GS">South Georgia and the South Sandwich Islands</territory>
			<territory type="GT">Guatemala</territory>
			<territory type="GU">Guam</territory>
			<territory type="GW">Guinea Bissau</territory>
			<territory type="GY">Guyana</territory>
			<territory type="HK">Hong Kong S.A.R., China</territory>
			<territory type="HK" alt="short">Hong Kong</territory>
			<territory type="HM">Heard Island and McDonald Islands</territory>
			<territory type="HN">Honduras</territory>
			<territory type="HR">Croatia</territory>
			<territory type="HT">Haiti</territory>
			<territory type="HU">Hungari</territory>
			<territory type="IC">Kepulauan Canary</territory>
			<territory type="ID">Indonesia</territory>
			<territory type="IE">Ireland</territory>
			<territory type="IL">Israel</territory>
			<territory type="IM">Isle of Man</territory>
			<territory type="IN">India</territory>
			<territory type="IO">British Indian Ocean Territory</territory>
			<territory type="IQ">Iraq</territory>
			<territory type="IR">Iran</territory>
			<territory type="IS">Iceland</territory>
			<territory type="IT">Itali</territory>
			<territory type="JE">Jersey</territory>
			<territory type="JM">Jamaika</territory>
			<territory type="JO">Jordan</territory>
			<territory type="JP">Jepun</territory>
			<territory type="KE">Kenya</territory>
			<territory type="KG">Kyrgyzstan</territory>
			<territory type="KH">Kemboja</territory>
			<territory type="KI">Kiribati</territory>
			<territory type="KM">Comoros</territory>
			<territory type="KN">Saint Kitts dan Nevis</territory>
			<territory type="KP">Utara Korea</territory>
			<territory type="KR">Selatan Korea</territory>
			<territory type="KW">Kuwait</territory>
			<territory type="KY">Cayman Islands</territory>
			<territory type="KZ">Kazakhstan</territory>
			<territory type="LA">Laos</territory>
			<territory type="LB">Lubnan</territory>
			<territory type="LC">Saint Lucia</territory>
			<territory type="LI">Liechtenstein</territory>
			<territory type="LK">Sri Lanka</territory>
			<territory type="LR">Liberia</territory>
			<territory type="LS">Lesotho</territory>
			<territory type="LT">Lithuania</territory>
			<territory type="LU">Luksembourg</territory>
			<territory type="LV">Latvia</territory>
			<territory type="LY">Libya</territory>
			<territory type="MA">Maghribi</territory>
			<territory type="MC">Monaco</territory>
			<territory type="MD">Moldova</territory>
			<territory type="ME">Montenegro</territory>
			<territory type="MF">Saint Martin</territory>
			<territory type="MG">Madagaskar</territory>
			<territory type="MH">Kepulauan Marshall</territory>
			<territory type="MK">Macedonia</territory>
			<territory type="MK" alt="variant">Macedonia [FYROM]</territory>
			<territory type="ML">Mali</territory>
			<territory type="MM">Myanmar</territory>
			<territory type="MN">Mongolia</territory>
			<territory type="MO">Macau SAR China</territory>
			<territory type="MO" alt="short">Macau</territory>
			<territory type="MP">Northern Mariana Islands</territory>
			<territory type="MQ">Martinique</territory>
			<territory type="MR">Mauritania</territory>
			<territory type="MS">Montserrat</territory>
			<territory type="MT">Malta</territory>
			<territory type="MU">Mauritius</territory>
			<territory type="MV">Maldiv</territory>
			<territory type="MW">Malawi</territory>
			<territory type="MX">Meksiko</territory>
			<territory type="MY">Malaysia</territory>
			<territory type="MZ">Mozambik</territory>
			<territory type="NA">Namibia</territory>
			<territory type="NC">New Caledonia</territory>
			<territory type="NE">Niger</territory>
			<territory type="NF">Norfolk Island</territory>
			<territory type="NG">Nigeria</territory>
			<territory type="NI">Nicaragua</territory>
			<territory type="NL">Belanda</territory>
			<territory type="NO">Norway</territory>
			<territory type="NP">Nepal</territory>
			<territory type="NR">Nauru</territory>
			<territory type="NU">Niue</territory>
			<territory type="NZ">New Zealand</territory>
			<territory type="OM">Oman</territory>
			<territory type="PA">Panama</territory>
			<territory type="PE">Peru</territory>
			<territory type="PF">French Polynesia</territory>
			<territory type="PG">Papua New Guinea</territory>
			<territory type="PH">Filipina</territory>
			<territory type="PK">Pakistan</territory>
			<territory type="PL">Poland</territory>
			<territory type="PM">Saint Pierre and Miquelon</territory>
			<territory type="PN">Pitcairn</territory>
			<territory type="PR">Puerto Rico</territory>
			<territory type="PS">Palestinian Territory</territory>
			<territory type="PT">Feringgi</territory>
			<territory type="PW">Palau</territory>
			<territory type="PY">Paraguay</territory>
			<territory type="QA">Qatar</territory>
			<territory type="QO">Oceania Terpencil</territory>
			<territory type="RE">Réunion</territory>
			<territory type="RO">Romania</territory>
			<territory type="RS">Serbia</territory>
			<territory type="RU">Rusia</territory>
			<territory type="RW">Rwanda</territory>
			<territory type="SA">Arab Saudi</territory>
			<territory type="SB">Kepulauan Solomon</territory>
			<territory type="SC">Seychelles</territory>
			<territory type="SD">Sudan</territory>
			<territory type="SE">Sweden</territory>
			<territory type="SG">Singapura</territory>
			<territory type="SH">Saint Helena</territory>
			<territory type="SI">Slovenia</territory>
			<territory type="SJ">Svalbard and Jan Mayen</territory>
			<territory type="SK">Slovakia</territory>
			<territory type="SL">Siera Leon</territory>
			<territory type="SM">San Marino</territory>
			<territory type="SN">Senegal</territory>
			<territory type="SO">Somalia</territory>
			<territory type="SR">Surinam</territory>
			<territory type="ST">Sao Tome dan Principe</territory>
			<territory type="SV">El Salvador</territory>
			<territory type="SY">Syria</territory>
			<territory type="SZ">Swaziland</territory>
			<territory type="TA">Tristan da Cunha</territory>
			<territory type="TC">Turks and Caicos Islands</territory>
			<territory type="TD">Cad</territory>
			<territory type="TF">French Southern Territories</territory>
			<territory type="TG">Togo</territory>
			<territory type="TH">Thailand</territory>
			<territory type="TJ">Tadjikistan</territory>
			<territory type="TK">Tokelau</territory>
			<territory type="TL">Timor-Leste</territory>
			<territory type="TL" alt="variant">Timor Timur</territory>
			<territory type="TM">Turkmenistan</territory>
			<territory type="TN">Tunisia</territory>
			<territory type="TO">Tonga</territory>
			<territory type="TR">Turki</territory>
			<territory type="TT">Trinidad dan Tobago</territory>
			<territory type="TV">Tuvalu</territory>
			<territory type="TW">Taiwan</territory>
			<territory type="TZ">Tanzania</territory>
			<territory type="UA">Ukraine</territory>
			<territory type="UG">Uganda</territory>
			<territory type="UM">United States Minor Outlying Islands</territory>
			<territory type="US">Amerika Syarikat</territory>
			<territory type="UY">Uruguay</territory>
			<territory type="UZ">Uzbekistan</territory>
			<territory type="VA">Vatican</territory>
			<territory type="VC">Saint Vincent dan Grenadines</territory>
			<territory type="VE">Venezuela</territory>
			<territory type="VG">British Virgin Islands</territory>
			<territory type="VI">U.S. Virgin Islands</territory>
			<territory type="VN">Vietnam</territory>
			<territory type="VU">Vanuatu</territory>
			<territory type="WF">Wallis and Futuna</territory>
			<territory type="WS">Samoa</territory>
			<territory type="YE">Yaman</territory>
			<territory type="YT">Mayotte</territory>
			<territory type="ZA">Afrika Selatan</territory>
			<territory type="ZM">Zambia</territory>
			<territory type="ZW">Zimbabwe</territory>
			<territory type="ZZ">Wilayah Tidak Diketahui</territory>
		</territories>
		<keys>
			<key type="calendar">Kalendar</key>
			<key type="collation">Kolasi</key>
			<key type="currency">Mata wang</key>
			<key type="numbers">Nombor</key>
			<key type="x">Penggunaan Peribadi</key>
		</keys>
		<types>
			<type type="arab" key="numbers">Digit Indi-Arab</type>
			<type type="arabext" key="numbers">Digit Indi Arab Lanjutan</type>
			<type type="armn" key="numbers">Angka Armenia</type>
			<type type="armnlow" key="numbers">Angka Kecil Armenia</type>
			<type type="beng" key="numbers">Digit Bengali</type>
			<type type="big5han" key="collation">Aturan Isih Cina Tradisional - Big5</type>
			<type type="buddhist" key="calendar">Kalendar Buddha</type>
			<type type="chinese" key="calendar">Kalendar Cina</type>
			<type type="coptic" key="calendar">Kalendar Qibti</type>
			<type type="deva" key="numbers">Digit Devanagari</type>
			<type type="dictionary" key="collation">Aturan Isih Kamus</type>
			<type type="direct" key="collation">Aturan Isih Langsung</type>
			<type type="ducet" key="collation">Aturan Isih Unikod Lalai</type>
			<type type="ethi" key="numbers">Angka Ethiopia</type>
			<type type="ethiopic" key="calendar">Kalendar Ethiopia</type>
			<type type="ethiopic-amete-alem" key="calendar">Kalendar Amete Alem Ethiopia</type>
			<type type="fullwide" key="numbers">Digit Lebar Penuh</type>
			<type type="gb2312han" key="collation">Aturan Isih Bahasa Cina Ringkas - GB2312</type>
			<type type="geor" key="numbers">Angka Georgia</type>
			<type type="gregorian" key="calendar">Kalendar Gregory</type>
			<type type="grek" key="numbers">Angka Greek</type>
			<type type="greklow" key="numbers">Angka Huruf Kecil Greek</type>
			<type type="gujr" key="numbers">Digit Gujarat</type>
			<type type="guru" key="numbers">Digit Gurmukhi</type>
			<type type="hanidec" key="numbers">Angka Perpuluhan Cina</type>
			<type type="hans" key="numbers">Angka Cina Ringkas</type>
			<type type="hansfin" key="numbers">Angka Kewangan Cina Ringkas</type>
			<type type="hant" key="numbers">Angka Cina Tradisional</type>
			<type type="hantfin" key="numbers">Angka Kewangan Cina Tradisional</type>
			<type type="hebr" key="numbers">Angka Ibrani</type>
			<type type="hebrew" key="calendar">Kalendar Ibrani</type>
			<type type="indian" key="calendar">Kalendar Kebangsaan India</type>
			<type type="islamic" key="calendar">Kalendar Islam</type>
			<type type="islamic-civil" key="calendar">Kalendar Sivil Islam</type>
			<type type="japanese" key="calendar">Kalendar Jepun</type>
			<type type="jpan" key="numbers">Angka Jepun</type>
			<type type="jpanfin" key="numbers">Angka Kewangan Jepun</type>
			<type type="khmr" key="numbers">Digit Khmer</type>
			<type type="knda" key="numbers">Digit Kannada</type>
			<type type="laoo" key="numbers">Digit Lao</type>
			<type type="latn" key="numbers">Digit Barat</type>
			<type type="mlym" key="numbers">Digit Malayalam</type>
			<type type="mong" key="numbers">Digit Mongolia</type>
			<type type="mymr" key="numbers">Digit Myammar</type>
			<type type="orya" key="numbers">Digit Oriya</type>
			<type type="persian" key="calendar">Kalendar Parsi</type>
			<type type="phonebook" key="collation">Aturan Isih Buku Telefon</type>
			<type type="pinyin" key="collation">Aturan Isih Pinyin</type>
			<type type="reformed" key="collation">Aturan Isih Pembaharuan</type>
			<type type="roc" key="calendar">Kalendar Minguo</type>
			<type type="roman" key="numbers">Angka Roman</type>
			<type type="romanlow" key="numbers">Angka Huruf Kecil Roman</type>
			<type type="search" key="collation">Carian Tujuan Umum</type>
			<type type="stroke" key="collation">Aturan Isih Coretan</type>
			<type type="taml" key="numbers">Angka Tamil</type>
			<type type="telu" key="numbers">Digit Telugu</type>
			<type type="thai" key="numbers">Digit Thai</type>
			<type type="tibt" key="numbers">Digit Tibet</type>
			<type type="traditional" key="collation">Aturan Isih Tradisional</type>
			<type type="unihan" key="collation">Aturan Isih Coretan Radikal</type>
		</types>
		<transformNames>
			<transformName type="Numeric">Bernombor</transformName>
			<transformName type="Tone">Nada</transformName>
			<transformName type="x-Accents">Aksen</transformName>
			<transformName type="x-Fullwidth">Kelebaran penuh</transformName>
			<transformName type="x-Halfwidth">Kelebaran separa</transformName>
			<transformName type="x-Jamo">Jamo</transformName>
			<transformName type="x-Pinyin">Pinyin</transformName>
			<transformName type="x-Publishing">Penerbitan</transformName>
		</transformNames>
		<measurementSystemNames>
			<measurementSystemName type="metric">Metrik</measurementSystemName>
			<measurementSystemName type="US">AS</measurementSystemName>
		</measurementSystemNames>
	</localeDisplayNames>
	<characters>
		<exemplarCharacters>[a {ai} {au} b c d {dz} e f g h i j k {kh} l m n {ng} {ngg} {ny} o p q r s {sy} t {ts} u {ua} v w x y z]</exemplarCharacters>
		<exemplarCharacters type="auxiliary">[á à ă â å ä ã ā æ ç é è ĕ ê ë ē í ì ĭ î ï ī ñ ó ò ŏ ô ö ø ō œ ú ù ŭ û ü ū ÿ]</exemplarCharacters>
		<exemplarCharacters type="index">[A B C D E F G H I J K L M N O P Q R S T U V W X Y Z]</exemplarCharacters>
	</characters>
	<delimiters>
		<quotationStart>“</quotationStart>
		<quotationEnd>”</quotationEnd>
		<alternateQuotationStart>‘</alternateQuotationStart>
		<alternateQuotationEnd>’</alternateQuotationEnd>
	</delimiters>
	<dates>
		<calendars>
			<calendar type="buddhist">
				<dateFormats>
					<dateFormatLength type="full">
						<dateFormat>
							<pattern>EEEE, d MMMM y G</pattern>
						</dateFormat>
					</dateFormatLength>
					<dateFormatLength type="long">
						<dateFormat>
							<pattern>d MMMM y G</pattern>
						</dateFormat>
					</dateFormatLength>
					<dateFormatLength type="medium">
						<dateFormat>
							<pattern>dd/MM/y G</pattern>
						</dateFormat>
					</dateFormatLength>
					<dateFormatLength type="short">
						<dateFormat>
							<pattern>d/MM/y G</pattern>
						</dateFormat>
					</dateFormatLength>
				</dateFormats>
				<dateTimeFormats>
					<availableFormats>
						<dateFormatItem id="Ed">E, d</dateFormatItem>
						<dateFormatItem id="Md">d/M</dateFormatItem>
						<dateFormatItem id="MEd">E, d/M</dateFormatItem>
						<dateFormatItem id="MMMEd">E, d MMM</dateFormatItem>
						<dateFormatItem id="MMMMd">d MMMM</dateFormatItem>
						<dateFormatItem id="yM">M/y G</dateFormatItem>
						<dateFormatItem id="yMEd">EEE, d/M/y G</dateFormatItem>
						<dateFormatItem id="yMMM">MMM y G</dateFormatItem>
						<dateFormatItem id="yMMMd">d MMM y G</dateFormatItem>
						<dateFormatItem id="yMMMEd">EEE, d MMM y G</dateFormatItem>
					</availableFormats>
				</dateTimeFormats>
			</calendar>
			<calendar type="gregorian">
				<months>
					<monthContext type="format">
						<monthWidth type="abbreviated">
							<month type="1">Jan</month>
							<month type="2">Feb</month>
							<month type="3">Mac</month>
							<month type="4">Apr</month>
							<month type="5">Mei</month>
							<month type="6">Jun</month>
							<month type="7">Jul</month>
							<month type="8">Ogos</month>
							<month type="9">Sep</month>
							<month type="10">Okt</month>
							<month type="11">Nov</month>
							<month type="12">Dis</month>
						</monthWidth>
						<monthWidth type="narrow">
							<month type="1">J</month>
							<month type="2">F</month>
							<month type="3">M</month>
							<month type="4">A</month>
							<month type="5">M</month>
							<month type="6">J</month>
							<month type="7">J</month>
							<month type="8">O</month>
							<month type="9">S</month>
							<month type="10">O</month>
							<month type="11">N</month>
							<month type="12">D</month>
						</monthWidth>
						<monthWidth type="wide">
							<month type="1">Januari</month>
							<month type="2">Februari</month>
							<month type="3">Mac</month>
							<month type="4">April</month>
							<month type="5">Mei</month>
							<month type="6">Jun</month>
							<month type="7">Julai</month>
							<month type="8">Ogos</month>
							<month type="9">September</month>
							<month type="10">Oktober</month>
							<month type="11">November</month>
							<month type="12">Disember</month>
						</monthWidth>
					</monthContext>
					<monthContext type="stand-alone">
						<monthWidth type="narrow">
							<month type="1">J</month>
							<month type="2">F</month>
							<month type="3">M</month>
							<month type="4">A</month>
							<month type="5">M</month>
							<month type="6">J</month>
							<month type="7">J</month>
							<month type="8">O</month>
							<month type="9">S</month>
							<month type="10">O</month>
							<month type="11">N</month>
							<month type="12">D</month>
						</monthWidth>
					</monthContext>
				</months>
				<days>
					<dayContext type="format">
						<dayWidth type="abbreviated">
							<day type="sun">Ahd</day>
							<day type="mon">Isn</day>
							<day type="tue">Sel</day>
							<day type="wed">Rab</day>
							<day type="thu">Kha</day>
							<day type="fri">Jum</day>
							<day type="sat">Sab</day>
						</dayWidth>
						<dayWidth type="narrow">
							<day type="sun">A</day>
							<day type="mon">I</day>
							<day type="tue">S</day>
							<day type="wed">R</day>
							<day type="thu">K</day>
							<day type="fri">J</day>
							<day type="sat">S</day>
						</dayWidth>
						<dayWidth type="wide">
							<day type="sun">Ahad</day>
							<day type="mon">Isnin</day>
							<day type="tue">Selasa</day>
							<day type="wed">Rabu</day>
							<day type="thu">Khamis</day>
							<day type="fri">Jumaat</day>
							<day type="sat">Sabtu</day>
						</dayWidth>
					</dayContext>
					<dayContext type="stand-alone">
						<dayWidth type="narrow">
							<day type="sun">A</day>
							<day type="mon">I</day>
							<day type="tue">S</day>
							<day type="wed">R</day>
							<day type="thu">K</day>
							<day type="fri">J</day>
							<day type="sat">S</day>
						</dayWidth>
					</dayContext>
				</days>
				<quarters>
					<quarterContext type="format">
						<quarterWidth type="abbreviated">
							<quarter type="1">Suku 1</quarter>
							<quarter type="2">Suku Ke-2</quarter>
							<quarter type="3">Suku Ke-3</quarter>
							<quarter type="4">Suku Ke-4</quarter>
						</quarterWidth>
						<quarterWidth type="narrow">
							<quarter type="1">1</quarter>
							<quarter type="2">2</quarter>
							<quarter type="3">3</quarter>
							<quarter type="4">4</quarter>
						</quarterWidth>
						<quarterWidth type="wide">
							<quarter type="1">Suku pertama</quarter>
							<quarter type="2">Suku Ke-2</quarter>
							<quarter type="3">Suku Ke-3</quarter>
							<quarter type="4">Suku Ke-4</quarter>
						</quarterWidth>
					</quarterContext>
					<quarterContext type="stand-alone">
						<quarterWidth type="abbreviated">
							<quarter type="1">Suku 1</quarter>
							<quarter type="2">Suku Ke-2</quarter>
							<quarter type="3">Suku Ke-3</quarter>
							<quarter type="4">Suku Ke-4</quarter>
						</quarterWidth>
						<quarterWidth type="wide">
							<quarter type="1">Suku pertama</quarter>
							<quarter type="2">Suku Ke-2</quarter>
							<quarter type="3">Suku Ke-3</quarter>
							<quarter type="4">Suku Ke-4</quarter>
						</quarterWidth>
					</quarterContext>
				</quarters>
				<dayPeriods>
					<dayPeriodContext type="format">
						<dayPeriodWidth type="abbreviated">
							<dayPeriod type="am">pg</dayPeriod>
							<dayPeriod type="pm">ptg</dayPeriod>
						</dayPeriodWidth>
						<dayPeriodWidth type="wide">
							<dayPeriod type="am">PG</dayPeriod>
							<dayPeriod type="pm">PTG</dayPeriod>
						</dayPeriodWidth>
					</dayPeriodContext>
				</dayPeriods>
				<eras>
					<eraAbbr>
						<era type="0">S.M.</era>
						<era type="1">TM</era>
					</eraAbbr>
				</eras>
				<dateFormats>
					<dateFormatLength type="full">
						<dateFormat>
							<pattern>EEEE, d MMMM y</pattern>
						</dateFormat>
					</dateFormatLength>
					<dateFormatLength type="long">
						<dateFormat>
							<pattern>d MMMM y</pattern>
						</dateFormat>
					</dateFormatLength>
					<dateFormatLength type="medium">
						<dateFormat>
							<pattern>dd/MM/yyyy</pattern>
						</dateFormat>
					</dateFormatLength>
					<dateFormatLength type="short">
						<dateFormat>
							<pattern>d/MM/yy</pattern>
						</dateFormat>
					</dateFormatLength>
				</dateFormats>
				<timeFormats>
					<timeFormatLength type="full">
						<timeFormat>
							<pattern>h:mm:ss a zzzz</pattern>
						</timeFormat>
					</timeFormatLength>
					<timeFormatLength type="long">
						<timeFormat>
							<pattern>h:mm:ss a z</pattern>
						</timeFormat>
					</timeFormatLength>
					<timeFormatLength type="medium">
						<timeFormat>
							<pattern>h:mm:ss a</pattern>
						</timeFormat>
					</timeFormatLength>
					<timeFormatLength type="short">
						<timeFormat>
							<pattern>h:mm a</pattern>
						</timeFormat>
					</timeFormatLength>
				</timeFormats>
				<dateTimeFormats>
					<availableFormats>
						<dateFormatItem id="Ed">E, d</dateFormatItem>
						<dateFormatItem id="Hmm" draft="unconfirmed">H:mm</dateFormatItem>
						<dateFormatItem id="Md">d-M</dateFormatItem>
						<dateFormatItem id="MEd">E, d-M</dateFormatItem>
						<dateFormatItem id="MMdd" draft="unconfirmed">dd/MM</dateFormatItem>
						<dateFormatItem id="MMMd">d MMM</dateFormatItem>
						<dateFormatItem id="MMMEd">EEE, d MMM</dateFormatItem>
						<dateFormatItem id="yM">M-y</dateFormatItem>
						<dateFormatItem id="yMd">d/M/y</dateFormatItem>
						<dateFormatItem id="yMEd">EEE, d-M-yyyy</dateFormatItem>
						<dateFormatItem id="yMMM">MMM y</dateFormatItem>
						<dateFormatItem id="yMMMd">d MMM y</dateFormatItem>
						<dateFormatItem id="yMMMEd">EEE, d MMM y</dateFormatItem>
						<dateFormatItem id="yQ">Q y</dateFormatItem>
						<dateFormatItem id="yQQQ">QQQ y</dateFormatItem>
					</availableFormats>
					<intervalFormats>
						<intervalFormatItem id="h">
							<greatestDifference id="a">h a – h a</greatestDifference>
							<greatestDifference id="h">h–h a</greatestDifference>
						</intervalFormatItem>
						<intervalFormatItem id="Hm">
							<greatestDifference id="a" draft="unconfirmed">HH:mm–HH:mm</greatestDifference>
							<greatestDifference id="m" draft="unconfirmed">HH:mm–HH:mm</greatestDifference>
						</intervalFormatItem>
						<intervalFormatItem id="Hmv">
							<greatestDifference id="a" draft="unconfirmed">HH:mm–HH:mm v</greatestDifference>
							<greatestDifference id="m" draft="unconfirmed">HH:mm–HH:mm v</greatestDifference>
						</intervalFormatItem>
						<intervalFormatItem id="Hv">
							<greatestDifference id="a" draft="unconfirmed">HH–HH v</greatestDifference>
							<greatestDifference id="H" draft="unconfirmed">HH–HH v</greatestDifference>
						</intervalFormatItem>
						<intervalFormatItem id="Md">
							<greatestDifference id="d">d/M – d/M</greatestDifference>
							<greatestDifference id="M">d/M – d/M</greatestDifference>
						</intervalFormatItem>
						<intervalFormatItem id="MEd">
							<greatestDifference id="d">E, d/M – E, d/M</greatestDifference>
							<greatestDifference id="M">E, d/M – E, d/M</greatestDifference>
						</intervalFormatItem>
						<intervalFormatItem id="MMM">
							<greatestDifference id="M">MMM–MMM</greatestDifference>
						</intervalFormatItem>
						<intervalFormatItem id="MMMd">
							<greatestDifference id="d">d–d MMM</greatestDifference>
							<greatestDifference id="M">d MMM – d MMM</greatestDifference>
						</intervalFormatItem>
						<intervalFormatItem id="MMMEd">
							<greatestDifference id="d">E, d MMM – E, d MMM</greatestDifference>
							<greatestDifference id="M">E, d MMM – E, d MMM</greatestDifference>
						</intervalFormatItem>
						<intervalFormatItem id="yM">
							<greatestDifference id="M">M/yy – M/yy</greatestDifference>
							<greatestDifference id="y">M/yy – M/yy</greatestDifference>
						</intervalFormatItem>
						<intervalFormatItem id="yMd">
							<greatestDifference id="d">d/M/yy – d/M/yy</greatestDifference>
							<greatestDifference id="M">d/M/yy – d/M/yy</greatestDifference>
							<greatestDifference id="y">d/M/yy – d/M/yy</greatestDifference>
						</intervalFormatItem>
						<intervalFormatItem id="yMEd">
							<greatestDifference id="d">E, d/M/yy – E, d/M/yy</greatestDifference>
							<greatestDifference id="M">E, d/M/yy – E, d/M/yy</greatestDifference>
							<greatestDifference id="y">E, d/M/yy – E, d/M/yy</greatestDifference>
						</intervalFormatItem>
						<intervalFormatItem id="yMMM">
							<greatestDifference id="M">MMM–MMM y</greatestDifference>
							<greatestDifference id="y">MMM y – MMM y</greatestDifference>
						</intervalFormatItem>
						<intervalFormatItem id="yMMMd">
							<greatestDifference id="d">d–d MMM y</greatestDifference>
							<greatestDifference id="M">d MMM – d MMM, y</greatestDifference>
							<greatestDifference id="y">d MMM y – d MMM y</greatestDifference>
						</intervalFormatItem>
						<intervalFormatItem id="yMMMEd">
							<greatestDifference id="d">E, d MMM – E, d MMM, y</greatestDifference>
							<greatestDifference id="M">E, d MMM – E, d MMM, y</greatestDifference>
							<greatestDifference id="y">E, d MMM y – E, d MMM y</greatestDifference>
						</intervalFormatItem>
						<intervalFormatItem id="yMMMM">
							<greatestDifference id="M">MMMM–MMMM y</greatestDifference>
							<greatestDifference id="y">MMMM y – MMMM y</greatestDifference>
						</intervalFormatItem>
					</intervalFormats>
				</dateTimeFormats>
				<fields>
					<field type="year">
						<displayName>Tahun</displayName>
						<relative type="-1">Tahun lepas</relative>
						<relative type="0">Tahun ini</relative>
						<relative type="1">Tahun depan</relative>
					</field>
					<field type="month">
						<displayName>Bulan</displayName>
						<relative type="-1">Bulan lalu</relative>
						<relative type="0">Bulan ini</relative>
						<relative type="1">Bulan seterusnya</relative>
					</field>
					<field type="week">
						<displayName>Minggu</displayName>
						<relative type="-1">Minggu lepas</relative>
						<relative type="0">Minggu ini</relative>
						<relative type="1">Minggu seterusnya</relative>
					</field>
					<field type="day">
						<displayName>Hari</displayName>
						<relative type="-2">Hari sebelum semalam</relative>
						<relative type="-1">Semalam</relative>
						<relative type="0">Hari ini</relative>
						<relative type="1">Esok</relative>
						<relative type="2">Hari selepas esok</relative>
					</field>
					<field type="weekday">
						<displayName>Hari dalam Minggu</displayName>
					</field>
					<field type="dayperiod">
						<displayName>PG/PTG</displayName>
					</field>
					<field type="hour">
						<displayName>Jam</displayName>
					</field>
					<field type="minute">
						<displayName>Minit</displayName>
					</field>
					<field type="second">
						<displayName>Kedua</displayName>
					</field>
					<field type="zone">
						<displayName>Zon Waktu</displayName>
					</field>
				</fields>
			</calendar>
			<calendar type="islamic">
				<dateFormats>
					<dateFormatLength type="full">
						<dateFormat>
							<pattern>EEEE, d MMMM y G</pattern>
						</dateFormat>
					</dateFormatLength>
					<dateFormatLength type="long">
						<dateFormat>
							<pattern>d MMMM y G</pattern>
						</dateFormat>
					</dateFormatLength>
					<dateFormatLength type="medium">
						<dateFormat>
							<pattern>dd/MM/y G</pattern>
						</dateFormat>
					</dateFormatLength>
					<dateFormatLength type="short">
						<dateFormat>
							<pattern>d/MM/y G</pattern>
						</dateFormat>
					</dateFormatLength>
				</dateFormats>
				<dateTimeFormats>
					<availableFormats>
						<dateFormatItem id="Ed">E, d</dateFormatItem>
						<dateFormatItem id="Md">d/M</dateFormatItem>
						<dateFormatItem id="MEd">E, d/M</dateFormatItem>
						<dateFormatItem id="MMMEd">E, d MMM</dateFormatItem>
						<dateFormatItem id="MMMMd">d MMMM</dateFormatItem>
						<dateFormatItem id="yyyyM">M/y G</dateFormatItem>
						<dateFormatItem id="yyyyMEd">EEE, d/M/y G</dateFormatItem>
						<dateFormatItem id="yyyyMMM">MMM y G</dateFormatItem>
						<dateFormatItem id="yyyyMMMd">d MMM y G</dateFormatItem>
						<dateFormatItem id="yyyyMMMEd">EEE, d MMM y G</dateFormatItem>
					</availableFormats>
				</dateTimeFormats>
			</calendar>
			<calendar type="japanese">
				<dateFormats>
					<dateFormatLength type="full">
						<dateFormat>
							<pattern>EEEE, d MMMM y G</pattern>
						</dateFormat>
					</dateFormatLength>
					<dateFormatLength type="long">
						<dateFormat>
							<pattern>d MMMM y G</pattern>
						</dateFormat>
					</dateFormatLength>
					<dateFormatLength type="medium">
						<dateFormat>
							<pattern>dd/MM/y G</pattern>
						</dateFormat>
					</dateFormatLength>
					<dateFormatLength type="short">
						<dateFormat>
							<pattern>d/MM/y G</pattern>
						</dateFormat>
					</dateFormatLength>
				</dateFormats>
				<dateTimeFormats>
					<availableFormats>
						<dateFormatItem id="Ed">E, d</dateFormatItem>
						<dateFormatItem id="Md">d/M</dateFormatItem>
						<dateFormatItem id="MEd">E, d/M</dateFormatItem>
						<dateFormatItem id="MMMEd">E, d MMM</dateFormatItem>
						<dateFormatItem id="MMMMd">d MMMM</dateFormatItem>
						<dateFormatItem id="yyyyM">M/y G</dateFormatItem>
						<dateFormatItem id="yyyyMEd">EEE, d/M/y G</dateFormatItem>
						<dateFormatItem id="yyyyMMM">MMM y G</dateFormatItem>
						<dateFormatItem id="yyyyMMMd">d MMM y G</dateFormatItem>
						<dateFormatItem id="yyyyMMMEd">EEE, d MMM y G</dateFormatItem>
					</availableFormats>
				</dateTimeFormats>
			</calendar>
			<calendar type="roc">
				<dateFormats>
					<dateFormatLength type="full">
						<dateFormat>
							<pattern>EEEE, d MMMM y G</pattern>
						</dateFormat>
					</dateFormatLength>
					<dateFormatLength type="long">
						<dateFormat>
							<pattern>d MMMM y G</pattern>
						</dateFormat>
					</dateFormatLength>
					<dateFormatLength type="medium">
						<dateFormat>
							<pattern>dd/MM/y G</pattern>
						</dateFormat>
					</dateFormatLength>
					<dateFormatLength type="short">
						<dateFormat>
							<pattern>d/MM/y G</pattern>
						</dateFormat>
					</dateFormatLength>
				</dateFormats>
				<dateTimeFormats>
					<availableFormats>
						<dateFormatItem id="Ed">E, d</dateFormatItem>
						<dateFormatItem id="Md">d/M</dateFormatItem>
						<dateFormatItem id="MEd">E, d/M</dateFormatItem>
						<dateFormatItem id="MMMEd">EEE, d MMM</dateFormatItem>
						<dateFormatItem id="MMMMd">d MMMM</dateFormatItem>
						<dateFormatItem id="yyyyM">M/y G</dateFormatItem>
						<dateFormatItem id="yyyyMEd">EEE, d/M/y G</dateFormatItem>
						<dateFormatItem id="yyyyMMM">MMM y G</dateFormatItem>
						<dateFormatItem id="yyyyMMMd">d MMM y G</dateFormatItem>
						<dateFormatItem id="yyyyMMMEd">EEE, d MMM y G</dateFormatItem>
					</availableFormats>
				</dateTimeFormats>
			</calendar>
		</calendars>
		<timeZoneNames>
			<regionFormat>Waktu {0}</regionFormat>
			<fallbackRegionFormat>{1} Waktu ({0})</fallbackRegionFormat>
			<zone type="Etc/Unknown">
				<exemplarCity>Bandar Tidak Diketahui</exemplarCity>
			</zone>
			<zone type="Asia/Brunei">
				<exemplarCity>Brunei</exemplarCity>
			</zone>
			<zone type="Asia/Kuching">
				<exemplarCity>Kuching</exemplarCity>
			</zone>
			<zone type="Asia/Singapore">
				<exemplarCity>Singapura</exemplarCity>
			</zone>
			<metazone type="Alaska">
				<long>
					<generic>Waktu Alaska</generic>
					<standard>Waktu Piawai Alaska</standard>
					<daylight>Waktu Siang Alaska</daylight>
				</long>
			</metazone>
			<metazone type="Amazon">
				<long>
					<generic>Waktu Amazon</generic>
				</long>
			</metazone>
			<metazone type="America_Central">
				<long>
					<generic>Waktu Pusat</generic>
					<standard>Waktu Piawai Pusat</standard>
					<daylight>Waktu Siang Tengah</daylight>
				</long>
			</metazone>
			<metazone type="America_Eastern">
				<long>
					<generic>Waktu Timur</generic>
					<standard>Waktu Piawai Timur</standard>
					<daylight>Waktu Siang Timur</daylight>
				</long>
			</metazone>
			<metazone type="America_Mountain">
				<long>
					<generic>Waktu Gunung</generic>
					<standard>Waktu Piawai Pergunungan</standard>
					<daylight>Waktu Hari Siang Pergunungan</daylight>
				</long>
			</metazone>
			<metazone type="America_Pacific">
				<long>
					<generic>Waktu Pasifik</generic>
					<standard>Waktu Piawai Pasifik</standard>
					<daylight>Waktu Siang Pasifik</daylight>
				</long>
			</metazone>
			<metazone type="Anadyr">
				<long>
					<generic>Waktu Anadyr</generic>
					<standard>Waktu Anadyr</standard>
					<daylight>Waktu Musim Panas Anadyr</daylight>
				</long>
			</metazone>
			<metazone type="Argentina">
				<long>
					<generic>Waktu Argentina</generic>
					<standard>Waktu Argentina</standard>
					<daylight>Waktu Musim Panas Argentina</daylight>
				</long>
			</metazone>
			<metazone type="Argentina_Western">
				<long>
					<generic>Waktu Barat Argentina</generic>
					<standard>Waktu Argentina Barat</standard>
					<daylight>Waktu Musim Panas Barat Argentina</daylight>
				</long>
			</metazone>
			<metazone type="Atlantic">
				<long>
					<generic>Waktu Atlantik</generic>
					<standard>Waktu Piawai Atlantik</standard>
					<daylight>Waktu Siang Atlantik</daylight>
				</long>
			</metazone>
			<metazone type="Australia_Central">
				<long>
					<generic>Waktu Australia Tengah</generic>
					<standard>Waktu Piawai Pusat Australia</standard>
					<daylight>Waktu Siang Australia Tengah</daylight>
				</long>
			</metazone>
			<metazone type="Australia_CentralWestern">
				<long>
					<generic>Waktu Barat Pusat Australia</generic>
					<standard>Waktu Piawai Barat Pusat Australia</standard>
					<daylight>Waktu Siang Barat Australia Tengah</daylight>
				</long>
			</metazone>
			<metazone type="Australia_Eastern">
				<long>
					<generic>Waktu Australia Timur</generic>
					<standard>Waktu Piawai Timur Australia</standard>
					<daylight>Waktu Siang Australia Timur</daylight>
				</long>
			</metazone>
			<metazone type="Australia_Western">
				<long>
					<generic>Waktu Australia Barat</generic>
					<standard>Waktu Piawai Barat Australia</standard>
					<daylight>Waktu Siang Australia Barat</daylight>
				</long>
			</metazone>
			<metazone type="Brasilia">
				<long>
					<generic>Waktu Brasil</generic>
					<standard>Waktu Brasil</standard>
					<daylight>Waktu Musim Panas Brasil</daylight>
				</long>
			</metazone>
			<metazone type="Choibalsan">
				<long>
					<generic>Waktu Choibalsan</generic>
					<standard>Waktu Choibalsan</standard>
					<daylight>Waktu Musim Panas Choibalsan</daylight>
				</long>
			</metazone>
			<metazone type="Hawaii_Aleutian">
				<long>
					<generic>Waktu Aleutian Hawaii</generic>
				</long>
			</metazone>
			<metazone type="Hovd">
				<long>
					<generic>Waktu Hovd</generic>
					<standard>Waktu Hovd</standard>
					<daylight>Waktu Musim Panas Hovd</daylight>
				</long>
			</metazone>
			<metazone type="Indonesia_Central">
				<long>
					<generic>Waktu Pusat Indonesia</generic>
				</long>
			</metazone>
			<metazone type="Indonesia_Eastern">
				<long>
					<generic>Waktu Timur Indonesia</generic>
				</long>
			</metazone>
			<metazone type="Indonesia_Western">
				<long>
					<generic>Waktu Barat Indonesia</generic>
				</long>
			</metazone>
			<metazone type="Irkutsk">
				<long>
					<generic>Waktu Irkutsk</generic>
					<standard>Waktu Irkutsk</standard>
					<daylight>Waktu Musim Panas Irkutsk</daylight>
				</long>
			</metazone>
			<metazone type="Kamchatka">
				<long>
					<generic>Waktu Kamchatka</generic>
					<standard>Waktu Petropavlovsk-Kamchatski</standard>
					<daylight>Waktu Musim Panas Petropavlovsk-Kamchatski</daylight>
				</long>
			</metazone>
			<metazone type="Kazakhstan_Eastern">
				<long>
					<generic>Waktu Kazakhstan Timur</generic>
					<standard>Waktu Piawai Kazakhstan Timur</standard>
					<daylight>Waktu Musim Panas Timur Kazakhtan</daylight>
				</long>
			</metazone>
			<metazone type="Kazakhstan_Western">
				<long>
					<generic>Waktu Kazakhstan Barat</generic>
					<standard>Waktu Piawai Kazakhstan Barat</standard>
					<daylight>Waktu Musim Panas Barat Kazakhtan</daylight>
				</long>
			</metazone>
			<metazone type="Krasnoyarsk">
				<long>
					<generic>Waktu Krasnoyarsk</generic>
					<standard>Waktu Krasnoyarsk</standard>
					<daylight>Waktu Musim Panas Krasnoyarsk</daylight>
				</long>
			</metazone>
			<metazone type="Lord_Howe">
				<long>
					<generic>Waktu Lord Howe</generic>
					<standard>Waktu Piawai Lord Howe</standard>
					<daylight>Waktu Siang Lord Howe</daylight>
				</long>
			</metazone>
			<metazone type="Macquarie">
				<long>
					<generic>Waktu Macquarie</generic>
				</long>
			</metazone>
			<metazone type="Magadan">
				<long>
					<generic>Waktu Magadan</generic>
					<standard>Waktu Magadan</standard>
					<daylight>Waktu Musim Panas Magadan</daylight>
				</long>
			</metazone>
			<metazone type="Mongolia">
				<long>
					<generic>Waktu Mongolia</generic>
					<standard>Waktu Ulan Bator</standard>
					<daylight>Waktu Musim Panas Ulan Bator</daylight>
				</long>
			</metazone>
			<metazone type="Moscow">
				<long>
					<generic>Waktu Moscow</generic>
					<standard>Waktu Piawai Moscow</standard>
					<daylight>Waktu Musim Panas Moscow</daylight>
				</long>
			</metazone>
			<metazone type="Newfoundland">
				<long>
					<generic>Waktu Newfoundland</generic>
					<standard>Waktu Piawai Newfoundland</standard>
					<daylight>Waktu Siang Newfoundland</daylight>
				</long>
			</metazone>
			<metazone type="Noronha">
				<long>
					<generic>Waktu Noronha</generic>
					<standard>Waktu Fernando de Noronha</standard>
					<daylight>Waktu Musim Panas Fernando de Noronha</daylight>
				</long>
			</metazone>
			<metazone type="Novosibirsk">
				<long>
					<generic>Waktu Novosibirsk</generic>
					<standard>Waktu Novosibirsk</standard>
					<daylight>Waktu Musim Panas Novosibirsk</daylight>
				</long>
			</metazone>
			<metazone type="Omsk">
				<long>
					<generic>Waktu Omsk</generic>
					<standard>Waktu Omsk</standard>
					<daylight>Waktu Musim Panas Omsk</daylight>
				</long>
			</metazone>
			<metazone type="Sakhalin">
				<long>
					<generic>Waktu Skhalin</generic>
					<standard>Waktu Skhalin</standard>
					<daylight>Waktu Musim Panas Sakhalin</daylight>
				</long>
			</metazone>
			<metazone type="Samara">
				<long>
					<generic>Waktu Samara</generic>
					<standard>Waktu Samara</standard>
					<daylight>Waktu Musim Panas Samara</daylight>
				</long>
			</metazone>
			<metazone type="Vladivostok">
				<long>
					<generic>Waktu Vladivostok</generic>
					<standard>Waktu Vladivostok</standard>
					<daylight>Waktu Musim Panas Vladivostok</daylight>
				</long>
			</metazone>
			<metazone type="Volgograd">
				<long>
					<generic>Waktu Volgograd</generic>
					<standard>Waktu Volgograd</standard>
					<daylight>Waktu Musim Panas Volgogra</daylight>
				</long>
			</metazone>
			<metazone type="Yakutsk">
				<long>
					<generic>Waktu Yakutsk</generic>
					<standard>Waktu Yakutsk</standard>
					<daylight>Waktu Musim Panas Yakutsk</daylight>
				</long>
			</metazone>
			<metazone type="Yekaterinburg">
				<long>
					<generic>Waktu Yekaterinburg</generic>
					<standard>Waktu Yekaterinburg</standard>
					<daylight>Waktu Musim Panas Yekaterinburg</daylight>
				</long>
			</metazone>
		</timeZoneNames>
	</dates>
	<numbers>
		<decimalFormats>
			<decimalFormatLength type="short">
				<decimalFormat>
					<pattern type="1000000000">0.0B</pattern>
					<pattern type="10000000000">00B</pattern>
					<pattern type="100000000000">000B</pattern>
				</decimalFormat>
			</decimalFormatLength>
		</decimalFormats>
		<currencyFormats>
			<currencyFormatLength>
				<currencyFormat>
					<pattern>¤#,##0.00;(¤#,##0.00)</pattern>
				</currencyFormat>
			</currencyFormatLength>
		</currencyFormats>
		<currencies>
			<currency type="AED">
				<displayName>Dirham Emiriah Arab Bersatu</displayName>
			</currency>
			<currency type="AFN">
				<displayName>Afghani Afghanistan</displayName>
			</currency>
			<currency type="ALL">
				<displayName>Lek Albania</displayName>
			</currency>
			<currency type="AMD">
				<displayName>Dram Armenia</displayName>
			</currency>
			<currency type="ANG">
				<displayName>Guilder Antillean Netherland</displayName>
			</currency>
			<currency type="AOA">
				<displayName>Kwanza Angola</displayName>
			</currency>
			<currency type="ARS">
				<displayName>Peso Argentina</displayName>
			</currency>
			<currency type="AUD">
				<displayName>Dolar Australia</displayName>
			</currency>
			<currency type="AWG">
				<displayName>Florin Aruba</displayName>
			</currency>
			<currency type="AZN">
				<displayName>Manat Azerbaijan</displayName>
			</currency>
			<currency type="BAM">
				<displayName>Mark Boleh Tukar Bosnia-Herzegovina</displayName>
			</currency>
			<currency type="BBD">
				<displayName>Dolar Barbados</displayName>
			</currency>
			<currency type="BDT">
				<displayName>Taka Bangladesh</displayName>
			</currency>
			<currency type="BGN">
				<displayName>Lev Bulgaria</displayName>
			</currency>
			<currency type="BHD">
				<displayName>Dinar Bahrain</displayName>
			</currency>
			<currency type="BIF">
				<displayName>Franc Burundia</displayName>
			</currency>
			<currency type="BMD">
				<displayName>Dolar Bermuda</displayName>
			</currency>
			<currency type="BND">
				<displayName>Dolar Brunei</displayName>
			</currency>
			<currency type="BOB">
				<displayName>Boliviano Bolivia</displayName>
			</currency>
			<currency type="BRL">
				<displayName>Real Brazil</displayName>
			</currency>
			<currency type="BSD">
				<displayName>Dolar Bahamas</displayName>
			</currency>
			<currency type="BTN">
				<displayName>Ngultrum Bhutan</displayName>
			</currency>
			<currency type="BWP">
				<displayName>Pula Botswana</displayName>
			</currency>
			<currency type="BYR">
				<displayName>Ruble Belarus</displayName>
			</currency>
			<currency type="BZD">
				<displayName>Dolar Belize</displayName>
			</currency>
			<currency type="CAD">
				<displayName>Dolar Kanada</displayName>
			</currency>
			<currency type="CDF">
				<displayName>Franc Congo</displayName>
			</currency>
			<currency type="CHF">
				<displayName>Franc Switzerland</displayName>
			</currency>
			<currency type="CLP">
				<displayName>Peso Chile</displayName>
			</currency>
			<currency type="CNY">
				<displayName>Yuan Cina</displayName>
			</currency>
			<currency type="COP">
				<displayName>Peso Colombia</displayName>
			</currency>
			<currency type="CRC">
				<displayName>Colón Costa Rica</displayName>
			</currency>
			<currency type="CUC">
				<displayName>Peso Boleh Tukar Cuba</displayName>
			</currency>
			<currency type="CUP">
				<displayName>Peso Cuba</displayName>
			</currency>
			<currency type="CVE">
				<displayName>Escudo Tanjung Verde</displayName>
			</currency>
			<currency type="CZK">
				<displayName>Koruna Republik Czech</displayName>
			</currency>
			<currency type="DJF">
				<displayName>Franc Djibouti</displayName>
			</currency>
			<currency type="DKK">
				<displayName>Krone Denmark</displayName>
			</currency>
			<currency type="DOP">
				<displayName>Peso Dominican</displayName>
			</currency>
			<currency type="DZD">
				<displayName>Dinar Algeria</displayName>
			</currency>
			<currency type="EGP">
				<displayName>Paun Mesir</displayName>
			</currency>
			<currency type="ERN">
				<displayName>Nakfa Eritrea</displayName>
			</currency>
			<currency type="ETB">
				<displayName>Birr Ethiopia</displayName>
			</currency>
			<currency type="EUR">
				<displayName>Euro</displayName>
			</currency>
			<currency type="FJD">
				<displayName>Dolar Fiji</displayName>
			</currency>
			<currency type="FKP">
				<displayName>Paun Kepulauan Falkland</displayName>
			</currency>
			<currency type="GBP">
				<displayName>Paun Sterling British</displayName>
			</currency>
			<currency type="GEL">
				<displayName>Lari Georgia</displayName>
			</currency>
			<currency type="GHS">
				<displayName>Cedi Ghana</displayName>
			</currency>
			<currency type="GIP">
				<displayName>Paun Gibraltar</displayName>
			</currency>
			<currency type="GMD">
				<displayName>Dalasi Gambia</displayName>
			</currency>
			<currency type="GNF">
				<displayName>Franc Guinea</displayName>
			</currency>
			<currency type="GTQ">
				<displayName>Quetzal Guatemala</displayName>
			</currency>
			<currency type="GYD">
				<displayName>Dolar Guyana</displayName>
			</currency>
			<currency type="HKD">
				<displayName>Dolar Hong Kong</displayName>
			</currency>
			<currency type="HNL">
				<displayName>Lempira Honduras</displayName>
			</currency>
			<currency type="HRK">
				<displayName>Kuna Croatia</displayName>
			</currency>
			<currency type="HTG">
				<displayName>Gourde Haiti</displayName>
			</currency>
			<currency type="HUF">
				<displayName>Forint Hungary</displayName>
			</currency>
			<currency type="IDR">
				<displayName>Rupiah Indonesia</displayName>
			</currency>
			<currency type="ILS">
				<displayName>Sheqel Baru Israel</displayName>
			</currency>
			<currency type="INR">
				<displayName>Rupee India</displayName>
			</currency>
			<currency type="IQD">
				<displayName>Dinar Iraq</displayName>
			</currency>
			<currency type="IRR">
				<displayName>Rial Iran</displayName>
			</currency>
			<currency type="ISK">
				<displayName>Króna Iceland</displayName>
			</currency>
			<currency type="JMD">
				<displayName>Dolar Jamaica</displayName>
			</currency>
			<currency type="JOD">
				<displayName>Dinar Jordan</displayName>
			</currency>
			<currency type="JPY">
				<displayName>Yen Jepun</displayName>
			</currency>
			<currency type="KES">
				<displayName>Syiling Kenya</displayName>
			</currency>
			<currency type="KGS">
				<displayName>Som Kyrgystani</displayName>
			</currency>
			<currency type="KHR">
				<displayName>Riel Kemboja</displayName>
			</currency>
			<currency type="KMF">
				<displayName>Franc Comoria</displayName>
			</currency>
			<currency type="KPW">
				<displayName>Won Korea Utara</displayName>
			</currency>
			<currency type="KRW">
				<displayName>Won Korea Selatan</displayName>
			</currency>
			<currency type="KWD">
				<displayName>Dinar Kuwait</displayName>
			</currency>
			<currency type="KYD">
				<displayName>Dolar Kepulauan Cayman</displayName>
			</currency>
			<currency type="KZT">
				<displayName>Tenge Kazakhstan</displayName>
			</currency>
			<currency type="LAK">
				<displayName>Kip Laos</displayName>
			</currency>
			<currency type="LBP">
				<displayName>Paun Lubnan</displayName>
			</currency>
			<currency type="LKR">
				<displayName>Rupee Sri Lanka</displayName>
			</currency>
			<currency type="LRD">
				<displayName>Dolar Liberia</displayName>
			</currency>
			<currency type="LSL">
				<displayName>Loti Lesotho</displayName>
			</currency>
			<currency type="LTL">
				<displayName>Litas Lithuania</displayName>
			</currency>
			<currency type="LVL">
				<displayName>Lats Latvia</displayName>
			</currency>
			<currency type="LYD">
				<displayName>Dinar Libya</displayName>
			</currency>
			<currency type="MAD">
				<displayName>Dirham Maghribi</displayName>
			</currency>
			<currency type="MDL">
				<displayName>Leu Moldova</displayName>
			</currency>
			<currency type="MGA">
				<displayName>Ariary Malagasy</displayName>
			</currency>
			<currency type="MKD">
				<displayName>Denar Macedonia</displayName>
			</currency>
			<currency type="MMK">
				<displayName>Kyat Myanma</displayName>
			</currency>
			<currency type="MNT">
				<displayName>Tugrik Mongolia</displayName>
			</currency>
			<currency type="MOP">
				<displayName>Pataca Macau</displayName>
			</currency>
			<currency type="MRO">
				<displayName>Ouguiya Mauritania</displayName>
			</currency>
			<currency type="MUR">
				<displayName>Rupee Mauritia</displayName>
			</currency>
			<currency type="MVR">
				<displayName>Rufiyaa Maldives</displayName>
			</currency>
			<currency type="MWK">
				<displayName>Kwacha Malawi</displayName>
			</currency>
			<currency type="MXN">
				<displayName>Peso Mexico</displayName>
			</currency>
			<currency type="MYR">
				<displayName>Ringgit Malaysia</displayName>
				<symbol>RM</symbol>
			</currency>
			<currency type="NAD">
				<displayName>Dolar Namibia</displayName>
			</currency>
			<currency type="NGN">
				<displayName>Naira Nigeria</displayName>
			</currency>
			<currency type="NIO">
				<displayName>Córdoba Nicaragua</displayName>
			</currency>
			<currency type="NOK">
				<displayName>Krone Norway</displayName>
			</currency>
			<currency type="NPR">
				<displayName>Rupee Nepal</displayName>
			</currency>
			<currency type="NZD">
				<displayName>Dolar New Zealand</displayName>
			</currency>
			<currency type="OMR">
				<displayName>Rial Oman</displayName>
			</currency>
			<currency type="PAB">
				<displayName>Balboa Panama</displayName>
			</currency>
			<currency type="PEN">
				<displayName>Nuevo Sol Peru</displayName>
			</currency>
			<currency type="PGK">
				<displayName>Kina Papua New Guinea</displayName>
			</currency>
			<currency type="PHP">
				<displayName>Peso Filipina</displayName>
			</currency>
			<currency type="PKR">
				<displayName>Rupee Pakistan</displayName>
			</currency>
			<currency type="PLN">
				<displayName>Zloty Poland</displayName>
			</currency>
			<currency type="PYG">
				<displayName>Guarani Paraguay</displayName>
			</currency>
			<currency type="QAR">
				<displayName>Rial Qatar</displayName>
			</currency>
			<currency type="RSD">
				<displayName>Dinar Serbia</displayName>
			</currency>
			<currency type="RUB">
				<displayName>Ruble Rusia</displayName>
			</currency>
			<currency type="RWF">
				<displayName>Franc Rwanda</displayName>
			</currency>
			<currency type="SAR">
				<displayName>Riyal Saudi</displayName>
			</currency>
			<currency type="SBD">
				<displayName>Dolar Kepulauan Solomon</displayName>
			</currency>
			<currency type="SCR">
				<displayName>Rupee Seychelles</displayName>
			</currency>
			<currency type="SDG">
				<displayName>Paun Sudan</displayName>
			</currency>
			<currency type="SEK">
				<displayName>Krona Sweden</displayName>
			</currency>
			<currency type="SGD">
				<displayName>Dolar Singapura</displayName>
			</currency>
			<currency type="SHP">
				<displayName>Paun Saint Helena</displayName>
			</currency>
			<currency type="SLL">
				<displayName>Leone Sierra Leone</displayName>
			</currency>
			<currency type="SOS">
				<displayName>Syiling Somali</displayName>
			</currency>
			<currency type="SRD">
				<displayName>Dolar Surinam</displayName>
			</currency>
			<currency type="STD">
				<displayName>São Tomé dan Príncipe Dobra</displayName>
			</currency>
			<currency type="SYP">
				<displayName>Paun Syria</displayName>
			</currency>
			<currency type="SZL">
				<displayName>Lilangeni Swazi</displayName>
			</currency>
			<currency type="THB">
				<displayName>Baht Thai</displayName>
			</currency>
			<currency type="TJS">
				<displayName>Somoni Tajikistan</displayName>
			</currency>
			<currency type="TMT">
				<displayName>Manat Turkmenistan</displayName>
			</currency>
			<currency type="TND">
				<displayName>Dinar Tunisia</displayName>
			</currency>
			<currency type="TOP">
				<displayName>Tongan Paʻanga</displayName>
			</currency>
			<currency type="TRY">
				<displayName>Lira Turki</displayName>
			</currency>
			<currency type="TTD">
				<displayName>Dolar Trinidad dan Tobago</displayName>
			</currency>
			<currency type="TWD">
				<displayName>Dolar Taiwan Baru</displayName>
			</currency>
			<currency type="TZS">
				<displayName>Syiling Tanzania</displayName>
			</currency>
			<currency type="UAH">
				<displayName>Hryvnia Ukraine</displayName>
			</currency>
			<currency type="UGX">
				<displayName>Syiling Uganda</displayName>
			</currency>
			<currency type="USD">
				<displayName>Dolar AS</displayName>
			</currency>
			<currency type="UYU">
				<displayName>Peso Uruguay</displayName>
			</currency>
			<currency type="UZS">
				<displayName>Som Uzbekistan</displayName>
			</currency>
			<currency type="VEF">
				<displayName>Bolívar Venezuela</displayName>
			</currency>
			<currency type="VND">
				<displayName>Dong Vietnam</displayName>
			</currency>
			<currency type="VUV">
				<displayName>Vatu Vanuatu</displayName>
			</currency>
			<currency type="WST">
				<displayName>Tala Samoa</displayName>
			</currency>
			<currency type="XAF">
				<displayName>Franc CFA BEAC</displayName>
			</currency>
			<currency type="XCD">
				<displayName>Dolar Caribbean Timur</displayName>
			</currency>
			<currency type="XOF">
				<displayName>Franc CFA BCEAO</displayName>
			</currency>
			<currency type="XPF">
				<displayName>Franc CFP</displayName>
			</currency>
			<currency type="XXX">
				<displayName>Mata Wang Tidak Diketahui</displayName>
			</currency>
			<currency type="YER">
				<displayName>Rial Yaman</displayName>
			</currency>
			<currency type="ZAR">
				<displayName>Rand Afrika Selatan</displayName>
			</currency>
			<currency type="ZMK">
				<displayName>Kwacha Zambia</displayName>
			</currency>
		</currencies>
	</numbers>
	<units>
		<unit type="day">
			<unitPattern count="0">0 hari</unitPattern>
			<unitPattern count="0" alt="short">0 hari</unitPattern>
			<unitPattern count="1">1 hari</unitPattern>
			<unitPattern count="1" alt="short">1 hari</unitPattern>
			<unitPattern count="other">{0} hari</unitPattern>
			<unitPattern count="other" alt="short">{0} hari</unitPattern>
		</unit>
		<unit type="day-future">
			<unitPattern count="0">Dalam 0 hari</unitPattern>
			<unitPattern count="1">Dalam 1 hari</unitPattern>
			<unitPattern count="other">Dalam {0} hari</unitPattern>
		</unit>
		<unit type="day-past">
			<unitPattern count="0">0 hari lalu</unitPattern>
			<unitPattern count="1">1 hari lalu</unitPattern>
			<unitPattern count="other">{0} hari lalu</unitPattern>
		</unit>
		<unit type="hour">
			<unitPattern count="0">0 jam</unitPattern>
			<unitPattern count="0" alt="short">0 jam</unitPattern>
			<unitPattern count="1">1 jam</unitPattern>
			<unitPattern count="1" alt="short">1 jam</unitPattern>
			<unitPattern count="other">{0} jam</unitPattern>
			<unitPattern count="other" alt="short">{0} jam</unitPattern>
		</unit>
		<unit type="hour-future">
			<unitPattern count="0">Dalam 0 jam</unitPattern>
			<unitPattern count="1">Dalam 1 jam</unitPattern>
			<unitPattern count="other">Dalam {0} jam</unitPattern>
		</unit>
		<unit type="hour-past">
			<unitPattern count="0">0 jam lalu</unitPattern>
			<unitPattern count="1">1 jam lalu</unitPattern>
			<unitPattern count="other">{0} jam lalu</unitPattern>
		</unit>
		<unit type="minute">
			<unitPattern count="0">0 minit</unitPattern>
			<unitPattern count="0" alt="short">0 min</unitPattern>
			<unitPattern count="1">1 minit</unitPattern>
			<unitPattern count="1" alt="short">1 min</unitPattern>
			<unitPattern count="other">{0} minit</unitPattern>
			<unitPattern count="other" alt="short">{0} min</unitPattern>
		</unit>
		<unit type="minute-future">
			<unitPattern count="0">Dalam 0 minit</unitPattern>
			<unitPattern count="1">Dalam 1 minit</unitPattern>
			<unitPattern count="other">Dalam {0} minit</unitPattern>
		</unit>
		<unit type="minute-past">
			<unitPattern count="0">0 minit lalu</unitPattern>
			<unitPattern count="1">1 minit lalu</unitPattern>
			<unitPattern count="other">{0} minit lalu</unitPattern>
		</unit>
		<unit type="month">
			<unitPattern count="0">0 bulan</unitPattern>
			<unitPattern count="0" alt="short">0 bulan</unitPattern>
			<unitPattern count="1">1 bulan</unitPattern>
			<unitPattern count="1" alt="short">1 bulan</unitPattern>
			<unitPattern count="other">{0} bulan</unitPattern>
			<unitPattern count="other" alt="short">{0} bulan</unitPattern>
		</unit>
		<unit type="month-future">
			<unitPattern count="0">Dalam 0 bulan</unitPattern>
			<unitPattern count="1">Dalam 1 Bulan</unitPattern>
			<unitPattern count="other">Dalam {0} bulan</unitPattern>
		</unit>
		<unit type="month-past">
			<unitPattern count="0">0 bulan lalu</unitPattern>
			<unitPattern count="1">1 bulan lalu</unitPattern>
			<unitPattern count="other">{0} bulan lalu</unitPattern>
		</unit>
		<unit type="second">
			<unitPattern count="0">0 saat</unitPattern>
			<unitPattern count="0" alt="short">0 saat</unitPattern>
			<unitPattern count="1">1 saat</unitPattern>
			<unitPattern count="1" alt="short">1 saat</unitPattern>
			<unitPattern count="other">{0} saat</unitPattern>
			<unitPattern count="other" alt="short">{0} saat</unitPattern>
		</unit>
		<unit type="second-future">
			<unitPattern count="0">Dalam 0 saat</unitPattern>
			<unitPattern count="1">Dalam 1 saat</unitPattern>
			<unitPattern count="other">Dalam {0} saat</unitPattern>
		</unit>
		<unit type="second-past">
			<unitPattern count="0">0 saat lalu</unitPattern>
			<unitPattern count="1">1 saat lalu</unitPattern>
			<unitPattern count="other">{0} saat lalu</unitPattern>
		</unit>
		<unit type="week">
			<unitPattern count="0">0 minggu</unitPattern>
			<unitPattern count="0" alt="short">0 minggu</unitPattern>
			<unitPattern count="1">1 minggu</unitPattern>
			<unitPattern count="1" alt="short">1 minggu</unitPattern>
			<unitPattern count="other">{0} minggu</unitPattern>
			<unitPattern count="other" alt="short">{0} minggu</unitPattern>
		</unit>
		<unit type="week-future">
			<unitPattern count="0">Dalam 0 minggu</unitPattern>
			<unitPattern count="1">Dalam 1 minggu</unitPattern>
			<unitPattern count="other">Dalam {0} minggu</unitPattern>
		</unit>
		<unit type="week-past">
			<unitPattern count="0">0 minggu lalu</unitPattern>
			<unitPattern count="1">1 minggu lalu</unitPattern>
			<unitPattern count="other">{0} minggu lalu</unitPattern>
		</unit>
		<unit type="year">
			<unitPattern count="0">0 tahun</unitPattern>
			<unitPattern count="0" alt="short">0 thn</unitPattern>
			<unitPattern count="1">1 tahun</unitPattern>
			<unitPattern count="1" alt="short">1 thn</unitPattern>
			<unitPattern count="other">{0} tahun</unitPattern>
			<unitPattern count="other" alt="short">{0} thn</unitPattern>
		</unit>
		<unit type="year-future">
			<unitPattern count="0">Dalam 0 tahun</unitPattern>
			<unitPattern count="1">Dalam 1 tahun</unitPattern>
			<unitPattern count="other">Dalam {0} tahun</unitPattern>
		</unit>
		<unit type="year-past">
			<unitPattern count="0">0 tahun lalu</unitPattern>
			<unitPattern count="1">1 tahun lalu</unitPattern>
			<unitPattern count="other">{0} tahun lalu</unitPattern>
		</unit>
	</units>
	<listPatterns>
		<listPattern>
			<listPatternPart type="2">{0} dan {1}</listPatternPart>
			<listPatternPart type="end">{0}, dan {1}</listPatternPart>
		</listPattern>
	</listPatterns>
	<posix>
		<messages>
			<yesstr>ya:y</yesstr>
			<nostr>tidak:t</nostr>
		</messages>
	</posix>
</ldml>

