<?xml version="1.0" encoding="UTF-8" ?>
<!DOCTYPE ldml SYSTEM "../../common/dtd/ldml.dtd">
<ldml>
	<identity>
		<version number="$Revision: 5905 $"/>
		<generation date="$Date: 2011-06-15 23:14:13 -0500 (Wed, 15 Jun 2011) $"/>
		<language type="my"/>
	</identity>
	<localeDisplayNames>
		<localeDisplayPattern>
			<localeSeparator>၊</localeSeparator>
		</localeDisplayPattern>
		<languages>
			<language type="ang">အင်္ဂလိပ်စာဟောင်း</language>
			<language type="ar">အာရေဗီ</language>
			<language type="art">အယောင်ဆောင် ဘာသာစကား</language>
			<language type="ban">ဘာလီ</language>
			<language type="bas">ဘာဆာ</language>
			<language type="bat">ဘော်လတစ် ဘာသာစကား</language>
			<language type="be">ဘီလာရု</language>
			<language type="bg">ဘူဂေးရီးယား</language>
			<language type="bn">ဘင်္ဂါလီ</language>
			<language type="bo">တိဘက်</language>
			<language type="bs">ဘော့စ်နီးယား</language>
			<language type="cai" draft="unconfirmed">အလယ်ပိုင်း အမေရိကန် အိန္ဒြိယ ဘာသာစကား</language>
			<language type="cau">ကောက်ကေးရှပ် ဘာသာစကား</language>
			<language type="ce">ချေချင်း</language>
			<language type="chr">ချာရိုကီ</language>
			<language type="cpp">ပေါ်တူဂီ အခြေခံ အနောက်အိန္ဒြိယ ကျွန်းစုသား သို့မဟုတ် ဗန်းစကား</language>
			<language type="cr">ခရီး</language>
			<language type="crp" draft="unconfirmed">အနောက်အိန္ဒြိယ ကျွန်းစုသား သို့မဟုတ် ဗန်းစကား</language>
			<language type="cs">ချက်</language>
			<language type="cy">ဝေလ</language>
			<language type="da">ဒိန်းမတ်</language>
			<language type="dak">ဒါကိုတာ</language>
			<language type="de">ဂျာမန်</language>
			<language type="de_AT">ဩစတြီးယ ဂျာမန်</language>
			<language type="de_CH">ဆွစ် အမြင့် ဂျာမန်</language>
			<language type="del">ဒီလာဝဲ</language>
			<language type="dum">အလယ်ပိုင်း ဒတ်ချ်</language>
			<language type="dz">ဒွန်ကာ</language>
			<language type="egy">ရှေးဟောင်း အီဂျစ်</language>
			<language type="el">ဂရိ</language>
			<language type="en">အင်္ဂလိပ်</language>
			<language type="en_AU">ဩစတြေးလျှ အင်္ဂလိပ်</language>
			<language type="en_CA">ကနေဒါ အင်္ဂလိပ်</language>
			<language type="en_GB">ဗြိတိသျှ အင်္ဂလိပ်</language>
			<language type="en_US">အမေရိကန် အင်္ဂလိပ်</language>
			<language type="enm">အလယ်ပိုင်း အင်္ဂလိပ်</language>
			<language type="es">စပိန်</language>
			<language type="es_419">လက်တင်အမေရိက စပိန်</language>
			<language type="et">အက်စ်တိုးနီးရန်း</language>
			<language type="fa">ပါရှန်</language>
			<language type="fi">ဖင်နစ်ရှ်</language>
			<language type="fil">ဖိလစ်ပီနို</language>
			<language type="fj">ဖီဂျီ</language>
			<language type="fr">ပြင်သစ်</language>
			<language type="fr_CA">ကနေဒါ ပြင်သစ်</language>
			<language type="fr_CH">ဆွစ် ပြင်သစ်</language>
			<language type="frm">အလယ်ပိုင်းပြင်သစ်</language>
			<language type="fro">ပြင်သစ်ဟောင်း</language>
			<language type="frr">မြောက်ပိုင်း ဖရီစီရန်</language>
			<language type="frs">အရှေ့ပိုင်း ဖရီစီရန်</language>
			<language type="fy">အနောက်ပိုင်း ဖရီစီရန်</language>
			<language type="ga">အိုင်းရစ်</language>
			<language type="gem">ဂျာမန် အခြေခံဘာသာစကား</language>
			<language type="gmh">အလယ်ပိုင်းအမြင့်ဂျာမန်</language>
			<language type="grc">ရှေးဟောင်း ဂရိ</language>
			<language type="gsw">ဆွစ် ဂျာမန်</language>
			<language type="gu">ဂူဂျာရသီ</language>
			<language type="haw">ဟာဝေယံ</language>
			<language type="he">ဟီးဘရူး</language>
			<language type="hi">ဟိန္ဒီ</language>
			<language type="hr">ခရိုအေရှန်</language>
			<language type="hu">ဟန်ဂေရီ</language>
			<language type="id">အင်ဒိုနီးရှား</language>
			<language type="ii">စီချွမ် ရီ</language>
			<language type="ine">အင်ဒို ဥရောပ ဘာသာစကား</language>
			<language type="ira">အီရန် အခြေခံ ဘာသာစကား</language>
			<language type="it">အီတလီ</language>
			<language type="ja">ဂျပန်</language>
			<language type="jpr">ဂျူဒီယို-ပါရှန်</language>
			<language type="jrb">ဂျူဒီယို-အာရေဗျ</language>
			<language type="jv">ဂျာဗားနီးစ်</language>
			<language type="ka">ဂျော်ဂျီယန်</language>
			<language type="kac">ကချင်</language>
			<language type="kar">ကရင်</language>
			<language type="kg">ကွန်ဂို</language>
			<language type="kha">ခါစီ</language>
			<language type="km">ခမာ</language>
			<language type="kn">ကန်နာဒါ</language>
			<language type="ko">ကိုးရီးယား</language>
			<language type="ku">ကဒ်</language>
			<language type="la">လက်တင်</language>
			<language type="lo">လာအို</language>
			<language type="mga">အလယ်ပိုင်း အိုင်းရစ်</language>
			<language type="mis">အမျိုးမျိုးသော ဘာသာစကား</language>
			<language type="mkh">မွန်-ခမာ ဘာသာစကား</language>
			<language type="ml">မလေးရာလမ်</language>
			<language type="mn">မွန်ဂိုလီးယန်း</language>
			<language type="mnc">မန်ချူး</language>
			<language type="mni" draft="unconfirmed">မနိပူရီ</language>
			<language type="mno">မနိုဘို ဘာသာစကား</language>
			<language type="mr">မာရသီ</language>
			<language type="ms">မလေး</language>
			<language type="mul">အကြိမ်များစွာ ဘာသာစကားများ</language>
			<language type="my">ဗမာ</language>
			<language type="nds">အနိမ့် ဂျာမန်</language>
			<language type="ne">နီပေါလ်</language>
			<language type="nl">ဒတ်ချ်</language>
			<language type="no">နော်ဝေး</language>
			<language type="pa">ပန်ဂျာပီ</language>
			<language type="paa">ပါပူရန် ဘာသာစကား</language>
			<language type="peo">ပါရှန် အဟောင်း</language>
			<language type="phi">ဖိလစ်ပိုင် ဘာသာစကား</language>
			<language type="pi">ပါဠိ</language>
			<language type="pl">ပိုလန်</language>
			<language type="pt">ပေါ်တူဂီ</language>
			<language type="pt_BR">ဘရာဇီး ပေါ်တူဂီ</language>
			<language type="ro">ရိုမေနီယား</language>
			<language type="root">မူလရင်းမြစ်</language>
			<language type="ru">ရုရှ</language>
			<language type="sa">သင်္သကရိုက်</language>
			<language type="sai">တောင် အမေရိကန် အိန္ဒြိယ ဘာသာစကား</language>
			<language type="sco">စကော့</language>
			<language type="sd">စင်ဒီ</language>
			<language type="sga">အိုင်းရစ် ဟောင်း</language>
			<language type="sgn">အချက်ပြ ဘာသာစကား</language>
			<language type="shn">ရှမ်း</language>
			<language type="si">ဆင်ဟာလ</language>
			<language type="sit">တရုတ်-တိဘက် ဘာသာစကား</language>
			<language type="sk">စလိုဗက်</language>
			<language type="sl">စလိုဗေးနီးယမ်း</language>
			<language type="sla">စလိုဗစ် ဘာသာစကား</language>
			<language type="sma">တောင်ပိုင်း ဆာမိ</language>
			<language type="smi">ဆာမိ ဘာသာစကား</language>
			<language type="so">ဆိုမာလီ</language>
			<language type="sq">အယ်လ်ဘေးနီးယန်း</language>
			<language type="sr">ဆားဗီးယန်း</language>
			<language type="su">ဆူဒန်</language>
			<language type="sv">ဆွီဒင်</language>
			<language type="ta">တမီးလ်</language>
			<language type="tai">တိုင် ဘာသာစကား</language>
			<language type="th">ထိုင်း</language>
			<language type="tup">တူပီ ဘာသာစကား</language>
			<language type="uk">ယူကရိန်း</language>
			<language type="und">မသိ သို့မဟုတ် မရှိ သော ဘာသာစကား</language>
			<language type="vi">ဗီယက်နမ်</language>
			<language type="zh">တရုတ်</language>
			<language type="zh_Hans">ရိုးရှင်းသော တရုတ်</language>
			<language type="zh_Hant">ရှေးရိုးစဉ်လာ တရုတ်</language>
			<language type="zu">ဇူလူ</language>
			<language type="zxx">ဘာသာစကား နှင့် ပတ်သက် သောအရာမရှိ</language>
		</languages>
		<scripts>
			<script type="Arab">အာရေဗျ</script>
			<script type="Armn">အာမေးနီးယား</script>
			<script type="Beng">ဘင်္ဂါလီ</script>
			<script type="Brah">ဗြဟ္မမီ</script>
			<script type="Cyrl">စစ်ရိလစ်</script>
			<script type="Deva">ဒီဗနာဂရီ</script>
			<script type="Ethi">အီသီယိုးပီးယား</script>
			<script type="Geor">ဂျော်ဂျီယန်</script>
			<script type="Grek">ဂရိ</script>
			<script type="Gujr">ဂုဂျာရသီ</script>
			<script type="Hang">ဟန်ဂူးလ်</script>
			<script type="Hani">ဟန်</script>
			<script type="Hans">ရိုးရှင်းသော တရုတ်</script>
			<script type="Hant">ရှေးရိုးစဉ်လာ တရုတ်</script>
			<script type="Hebr">ဟီဗရူး</script>
			<script type="Hira">ဟိရဂဏ</script>
			<script type="Hrkt">ခတခဏ သို့မဟုတ် ဟိရဂဏ</script>
			<script type="Java">ဂျာဗားနီးစ်</script>
			<script type="Jpan">ဂျပန်</script>
			<script type="Kali">ကယားလီ</script>
			<script type="Kana">ခတခဏ</script>
			<script type="Khmr">ခမာ</script>
			<script type="Kore">ကိုးရီးယား</script>
			<script type="Laoo">လာအို</script>
			<script type="Latn">လက်တင်</script>
			<script type="Mong">မွန်ဂိုလီးယား</script>
			<script type="Mymr">မြန်မာ</script>
			<script type="Sinh">ဆင်ဟာလ</script>
			<script type="Sund">ဆူဒန်</script>
			<script type="Tale">တိုင်လီ</script>
			<script type="Taml">တမီးလ်</script>
			<script type="Tglg">တဂလော့ဂ်</script>
			<script type="Thai">ထိုင်း</script>
			<script type="Tibt">တိဘက်</script>
			<script type="Visp">မြင်နိုင်သော စကား</script>
			<script type="Xpeo">ပါရှန် အဟောင်း</script>
			<script type="Yiii">ရီ</script>
			<script type="Zxxx">မရေးထားသော</script>
			<script type="Zzzz">မသိ သို့မဟုတ် မရှိသော စကားလုံး</script>
		</scripts>
		<territories>
			<territory type="001">ကမ္ဘာ</territory>
			<territory type="002">အာဖရိက</territory>
			<territory type="003">မြောက် အမေရိက</territory>
			<territory type="005">တောင် အမေရိက</territory>
			<territory type="009">သမုဒ္ဒရာဒေသ</territory>
			<territory type="011">အနောက် အာဖရိက</territory>
			<territory type="013">အလယ်ပိုင်း အမေရိက</territory>
			<territory type="014">အရှေ့ပိုင်း အာဖရိက</territory>
			<territory type="015">မြောက်ပိုင်း အာဖရိက</territory>
			<territory type="017">အလယ်ပိုင်း အာဖရိက</territory>
			<territory type="018">တောင်ပိုင်း အာဖရိက</territory>
			<territory type="019">အမေရိကများ</territory>
			<territory type="021">မြောက်ပိုင်း အမေရိက</territory>
			<territory type="029">ကာရီဘီယံ</territory>
			<territory type="030">အရှေ့ပိုင်း အာရှ</territory>
			<territory type="034">တောင်ပိုင်း အာရှ</territory>
			<territory type="035">အ‌ရှေ့တောင်ပိုင်း အာရှ</territory>
			<territory type="039">တောင်ပိုင်း ဥရောပ</territory>
			<territory type="053">ဩစတြေးလျှ နှင့် နယူးဇီလန်</territory>
			<territory type="062">တောင်-အလယ် အာရှ</territory>
			<territory type="142">အာရှ</territory>
			<territory type="143">အလယ် အာရှ</territory>
			<territory type="145">အနောက် အာရှ</territory>
			<territory type="150">ဥရောပ</territory>
			<territory type="151">အရှေ့ပိုင်း ဥရောပ</territory>
			<territory type="154">မြောက်ပိုင်း ဥရောပ</territory>
			<territory type="155">အနောက်ပိုင်း ဥရောပ</territory>
			<territory type="172">လွတ်လပ်သော ပြည်ထောင်စုများ၏ ဓနသဟာယအဖွဲ့</territory>
			<territory type="419">လက်တင် အမေရိက နှင့် ကာရီဘီယန်</territory>
			<territory type="AE">ယူအေအီး</territory>
			<territory type="AF">အာဖဂန်နစ္စတန်</territory>
			<territory type="AI">အန်ကွီလာ</territory>
			<territory type="AM">အာမေနီးယား</territory>
			<territory type="AO">အင်ဂိုလာ</territory>
			<territory type="AQ">အန္တာတိက</territory>
			<territory type="AR">အာဂျင်တီးနား</territory>
			<territory type="AS">အမေရိကန် စမိုအ</territory>
			<territory type="AT">ဩစတြီးယား</territory>
			<territory type="AU">ဩစတြေးလျှား</territory>
			<territory type="AZ">အဇာဘိုင်ဂျန်</territory>
			<territory type="BA">ဘော့စနီးယား နှင့် ဟာဇီဂိုဘီးနား</territory>
			<territory type="BD">ဘင်္ဂလားဒေ့ရှ်</territory>
			<territory type="BE">ဘယ်လ်ဂျီယမ်</territory>
			<territory type="BG">ဘူဂေးရီးယား</territory>
			<territory type="BH">ဘာရိန်း</territory>
			<territory type="BM">ဘာမူဒါ</territory>
			<territory type="BN">ဘရူနိုင်း</territory>
			<territory type="BO">ဘိုလီးဘီးယား</territory>
			<territory type="BR">ဘရာဇီး</territory>
			<territory type="BS">ဘဟားမား</territory>
			<territory type="BT">ဘူတန်</territory>
			<territory type="BW">ဘော့စ်ဝါနာ</territory>
			<territory type="BY">ဘီလာရုစ်</territory>
			<territory type="BZ">ဘေလီဇ်</territory>
			<territory type="CA">ကနေဒါ</territory>
			<territory type="CC">ကိုကိုး ကျွန်းစု</territory>
			<territory type="CF">အလယ်ပိုင်း အာဖရိက ပြည်ထောင်စု</territory>
			<territory type="CH">ဆွစ်ဇလန်</territory>
			<territory type="CI">အိုင်ဗရီကိုစ့်</territory>
			<territory type="CK">ကွတ် ကျွန်းစု</territory>
			<territory type="CL">ချီလီ</territory>
			<territory type="CM">ကင်မရွန်း</territory>
			<territory type="CN">တရုတ်</territory>
			<territory type="CO">ကိုလံဘီယာ</territory>
			<territory type="CR">ကော့စ်တာရီကာ</territory>
			<territory type="CU">ကျူးဘား</territory>
			<territory type="CX">ခရစ်စမတ် ကျွန်း</territory>
			<territory type="CY">ဆိုက်ပရက်စ်</territory>
			<territory type="CZ">ချက် ပြည်ထောင်စု</territory>
			<territory type="DE">ဂျာမဏီ</territory>
			<territory type="DK">ဒိန်းမတ်</territory>
			<territory type="DM">ဒိုမီနီကာ</territory>
			<territory type="DO">ဒိုမီနီကန်</territory>
			<territory type="DZ">အယ်လ်ဂျီးရီးယား</territory>
			<territory type="EC">အီကွေဒေါ</territory>
			<territory type="EE">အက်စတိုးနီးယား</territory>
			<territory type="EG">အီဂျစ်</territory>
			<territory type="EH">အနောက်ပိုင်း ဆာဟာရ</territory>
			<territory type="ES">စပိန်</territory>
			<territory type="ET">အီသီယိုးပီးယား</territory>
			<territory type="EU">ဥရောပသမဂ္ဂ</territory>
			<territory type="FI">ဖင်လန်</territory>
			<territory type="FJ">ဖီဂျီ</territory>
			<territory type="FK">ဖောက်ကလန် ကျွန်းစု</territory>
			<territory type="FO">ဖာရိုး ကျွန်းစုများ</territory>
			<territory type="FR">ပြင်သစ်</territory>
			<territory type="GB">ယူနိုက်တက်ကင်းဒမ်း</territory>
			<territory type="GE">ဂျော်ဂျီယာ</territory>
			<territory type="GF">ပြင်သစ် ဂီယာနာ</territory>
			<territory type="GH">ဂါနာ</territory>
			<territory type="GI">ဂျီဘရော်လ်တာ</territory>
			<territory type="GL">ဂရင်းလန်း</territory>
			<territory type="GM">ဂန်ဘီရာ</territory>
			<territory type="GN">ဂီရာနာ</territory>
			<territory type="GQ">အီကွေတာ ဂီရာနာ</territory>
			<territory type="GR">ဂရိ</territory>
			<territory type="GS" draft="unconfirmed">တောင် ဂျော်ဂျီယာ နှင့် တောင် ဆင်းဒဝစ်ဂျ် ကျွန်းစုများ</territory>
			<territory type="GT">ဂွာတီမာလာ</territory>
			<territory type="GU">ဂူအမ်</territory>
			<territory type="HK">တရုတ်၏ အထူးအုပ်ချုပ်ခွင့်ရ ဟောင်ကောင်</territory>
			<territory type="HK" alt="short">ဟောင်ကောင်</territory>
			<territory type="HN">ဟွန်ဒူးရပ်စ်</territory>
			<territory type="HR">ခရိုအေးရှား</territory>
			<territory type="HT">ဟေတီ</territory>
			<territory type="HU">ဟန်ဂေရီ</territory>
			<territory type="ID">အင်ဒိုနီးရှား</territory>
			<territory type="IE">အိုင်ယာလန်</territory>
			<territory type="IL">အစ္စရေး</territory>
			<territory type="IN">အိန္ဒိယ</territory>
			<territory type="IO">ဗြိတိသျှ အိန္ဒြိယ သမုဒ္ဒရာ ပိုင်နက်</territory>
			<territory type="IQ">အီရတ်</territory>
			<territory type="IR">အီရန်</territory>
			<territory type="IS">အိုက်စလန်</territory>
			<territory type="IT">အီတလီ</territory>
			<territory type="JE">ဂျာစီ</territory>
			<territory type="JM">ဂျမေနီကာ</territory>
			<territory type="JO">ဂျော်ဒန်</territory>
			<territory type="JP">ဂျပန်</territory>
			<territory type="KE">ကင်ညာ</territory>
			<territory type="KG" draft="unconfirmed">ခယ်ကစ်စတန်</territory>
			<territory type="KH">ကမ္ဘောဒီးယား</territory>
			<territory type="KP">မြောက်ကိုရီးယား</territory>
			<territory type="KR">တောင်ကိုရီးယား</territory>
			<territory type="KW">ကူဝိတ်</territory>
			<territory type="KY">ကေမန် ကျွန်းစု</territory>
			<territory type="KZ">ကာဇက်စတန်</territory>
			<territory type="LA">လာအို</territory>
			<territory type="LB">လက်ဘနွန်</territory>
			<territory type="LK">သီရိလင်္ကာ</territory>
			<territory type="LR">လိုင်ဘေးရီးယား</territory>
			<territory type="LT">လစ်သူယေးနီးယား</territory>
			<territory type="LU">လူဇင်ဘတ်</territory>
			<territory type="LV">လတ်ဗီးယား</territory>
			<territory type="MA">မော်ရိုကို</territory>
			<territory type="MC">မိုနကို</territory>
			<territory type="ME">မွန်တီနိဂရိုး</territory>
			<territory type="MF">စိန့်မာတင်</territory>
			<territory type="MG">မဒဂတ်စကာ</territory>
			<territory type="MH">မာရှယ် ကျွန်းစု</territory>
			<territory type="MK">မာစီဒိုးနီးယား</territory>
			<territory type="ML">မာလီ</territory>
			<territory type="MM">မြန်မာ</territory>
			<territory type="MN">မွန်ဂိုးလီးယား</territory>
			<territory type="MO">တရုတ်၏ အထူးအုပ်ချုပ်ခွင့်ရ မကာအို</territory>
			<territory type="MO" alt="short">မကာအို</territory>
			<territory type="MV">မော်လဒိုက်</territory>
			<territory type="MW">မာလာဝီ</territory>
			<territory type="MX">မက္ကဆီကို</territory>
			<territory type="MY">မလေးရှား</territory>
			<territory type="MZ">မိုဇန်ဘစ်</territory>
			<territory type="NA">နမ်မီးဘီးယား</territory>
			<territory type="NC">နယူး ကယ်လီဒိုနီးယား</territory>
			<territory type="NE">နိုင်ဂျာ</territory>
			<territory type="NG">နိုင်ဂျီးရီးယား</territory>
			<territory type="NI">နီကာရာဂွာ</territory>
			<territory type="NL">နယ်သာလန်</territory>
			<territory type="NO">နော်ဝေ</territory>
			<territory type="NP">နီပေါ</territory>
			<territory type="NZ">နယူးဇီလန်</territory>
			<territory type="OM">အိုမန်</territory>
			<territory type="PA">ပနားမား</territory>
			<territory type="PE">ပီရူး</territory>
			<territory type="PF">ပြင်သစ် ပေါ်လီနေးရှား</territory>
			<territory type="PG">ပါပူရာနယူးဂီနီ</territory>
			<territory type="PH">ဖိလစ်ပိုင်</territory>
			<territory type="PK">ပါကစ္စတန်</territory>
			<territory type="PL">ပိုလန်</territory>
			<territory type="PR">ပေါ်တူရီကို</territory>
			<territory type="PS">ပါလက်စတိုင်း ပိုင်နက်</territory>
			<territory type="PT">ပေါ်တူဂီ</territory>
			<territory type="PY">ပါရာဂွေး</territory>
			<territory type="QA">ကာတာ</territory>
			<territory type="RO">ရိုမေးနီးယား</territory>
			<territory type="RS">ဆားဘီးယား</territory>
			<territory type="RU">ရုရှ</territory>
			<territory type="RW">ရဝန်ဒါ</territory>
			<territory type="SA">ဆော်ဒီအာရေးဗီးယား</territory>
			<territory type="SB">ဆော်လမွန်ကျွန်းစု</territory>
			<territory type="SD">ဆူဒန်</territory>
			<territory type="SE">ဆွီဒင်</territory>
			<territory type="SG">စင်္ကာပူ</territory>
			<territory type="SI">စလိုဗေးနီးယား</territory>
			<territory type="SK">စလိုဗေးကီးယား</territory>
			<territory type="SN">ဆီနီဂေါ</territory>
			<territory type="SO">ဆိုမာလီယာ</territory>
			<territory type="SV">အယ်လ်ဆာဗေးဒိုး</territory>
			<territory type="SY">ဆီးရီးယား</territory>
			<territory type="TD">ချဒ်</territory>
			<territory type="TF">ပြင်သစ် တောင်ပိုင်း ပိုင်နက်များ</territory>
			<territory type="TH">ထိုင်း</territory>
			<territory type="TJ">တာဂျီကစ္စတန်</territory>
			<territory type="TL">အရှေ့တီမော</territory>
			<territory type="TN">တူနီးရှား</territory>
			<territory type="TO">တွန်ဂါ</territory>
			<territory type="TR">တူရကီ</territory>
			<territory type="TW">ထိုင်ဝမ်</territory>
			<territory type="TZ">တန်ဇန်နီးယား</territory>
			<territory type="UA">ယူကရိန်း</territory>
			<territory type="UG">ယူဂန္ဒာ</territory>
			<territory type="UM">ယူနိုက်တက်စတိတ် အပြင်ထွက် နေသည့် သေးငယ်သောကျွန်းများ</territory>
			<territory type="US">ယူနိုက်တက်စတိတ်</territory>
			<territory type="UY">ဥရုဂွေး</territory>
			<territory type="UZ">ဥဘက်ကစ္စတန်</territory>
			<territory type="VA">ဗာတီကန်</territory>
			<territory type="VE">ဗင်နီဇွဲလား</territory>
			<territory type="VG">ဗြိတိသျှ ဗာဂျင်း ကျွန်းစု</territory>
			<territory type="VI">ယူအက်စ် ဗာဂျင်း ကျွန်းစု</territory>
			<territory type="VN">ဗီယက်နမ်</territory>
			<territory type="YE">ယီမင်</territory>
			<territory type="ZA">တောင်အာဖရိက</territory>
			<territory type="ZM">ဇမ်ဘီယာ</territory>
			<territory type="ZW">ဇင်ဘာဘွေ</territory>
			<territory type="ZZ">မသိ သို့မဟုတ် မရှိ သော နေရာ</territory>
		</territories>
		<variants>
			<variant type="1901">ရှေးရိုးစဉ်လာ ဂျာမန် ရေးထုံး</variant>
			<variant type="1996">၁၉၉၆ ဂျာမန် ရေးထုံး</variant>
			<variant type="1606NICT">အလယ်ပိုင်းနောက်ကျသောပြင်သစ်မှ ၁၆၀၆</variant>
			<variant type="1694ACAD">၁၆၉၄ACAD</variant>
			<variant type="AREVELA">အရှေ့ပိုင်းအာမေးနီးယန်း</variant>
			<variant type="BAKU1926">ပေါင်းစပ်ထားသော တူရကီ လက်တင်စကားလုံး</variant>
			<variant type="FONIPA">IPA အသံထွက်</variant>
			<variant type="FONUPA">UPA အသံထွက်</variant>
			<variant type="POSIX">ကွန်ပျူတာ</variant>
			<variant type="REVISED">ပြန်လည်စီစစ်ထားသော ရေးထုံး</variant>
			<variant type="SCOTLAND">စကော့ စံ အင်္ဂလိပ်</variant>
		</variants>
		<keys>
			<key type="calendar">ပြက္ခဒိန်</key>
			<key type="collation">စနစ်တကျစီသော</key>
			<key type="currency">ငွေကြေး</key>
		</keys>
		<types>
			<type type="buddhist" key="calendar">ဗုဒ္ဓ ပြက္ခဒိန်</type>
			<type type="chinese" key="calendar">တရုတ် ပြက္ခဒိန်</type>
			<type type="direct" key="collation">တိုက်ရိုက်အစဉ်</type>
			<type type="gregorian" key="calendar">နိုင်ငံတကာသုံး ပြက္ခဒိန်</type>
			<type type="hebrew" key="calendar">ဟီဗရူး ပြက္ခဒိန်</type>
			<type type="indian" key="calendar">အိန္ဒြိယ အမျိုးသား ပြက္ခဒိန်</type>
			<type type="islamic" key="calendar">အစ္စလာမ် ပြက္ခဒိန်</type>
			<type type="japanese" key="calendar">ဂျပန် ပြက္ခဒိန်</type>
			<type type="phonebook" key="collation">ဖုန်းစာအုပ် အစီအစဉ်</type>
		</types>
		<measurementSystemNames>
			<measurementSystemName type="metric">မက်ထရစ်စနစ်</measurementSystemName>
			<measurementSystemName type="US">အမေရိကန်စနစ်</measurementSystemName>
		</measurementSystemNames>
		<codePatterns>
			<codePattern type="language">ဘာသာစကား - {0}</codePattern>
			<codePattern type="script">စာ - {0}</codePattern>
			<codePattern type="territory">နယ်ပယ်ဒေသ - {0}</codePattern>
		</codePatterns>
	</localeDisplayNames>
	<characters>
		<exemplarCharacters>[က ခ ဂ ဃ င စ ဆ ဇ ဈ ဉ ည ဋ ဌ ဍ ဎ ဏ တ ထ ဒ ဓ န ပ ဖ ဗ ဘ မ ယ ရ လ ဝ သ ဟ ဠ အ ဣ ဤ ဥ ဦ ဧ ဩ ဪ ာ ါ \u102D \u102E \u102F \u1030 ေ \u1032 \u1036 ဿ ျ ြ \u103D \u103E \u1039 \u103A \u1037 း]</exemplarCharacters>
		<exemplarCharacters type="auxiliary">[ၐ ၑ ဨ ဢ ၒ ၓ ၔ ၕ ၖ ၗ \u1058 \u1059]</exemplarCharacters>
		<exemplarCharacters type="currencySymbol">[a b c d e f g h i j k l m n o p q r s t u v w x y z]</exemplarCharacters>
		<exemplarCharacters type="index" draft="contributed">[က ခ ဂ ဃ င စ ဆ ဇ ဈ ဉ ည ဋ ဌ ဍ ဎ ဏ တ ထ ဒ ဓ န ပ ဖ ဗ ဘ မ ယ ရ လ ဝ သ ဟ ဠ အ]</exemplarCharacters>
	</characters>
	<delimiters>
		<quotationStart>“</quotationStart>
		<quotationEnd>”</quotationEnd>
		<alternateQuotationStart>‘</alternateQuotationStart>
		<alternateQuotationEnd>’</alternateQuotationEnd>
	</delimiters>
	<dates>
		<calendars>
			<calendar type="gregorian">
				<months>
					<monthContext type="format">
						<monthWidth type="abbreviated">
							<month type="1">ဇန်</month>
							<month type="2">ဖေ</month>
							<month type="3">မတ်</month>
							<month type="4">ဧ</month>
							<month type="5">မေ</month>
							<month type="6">ဇွန်</month>
							<month type="7">ဇူ</month>
							<month type="8">ဩ</month>
							<month type="9">စက်</month>
							<month type="10">အောက်</month>
							<month type="11">နို</month>
							<month type="12">ဒီ</month>
						</monthWidth>
						<monthWidth type="wide">
							<month type="1">ဇန်နဝါရီ</month>
							<month type="2">ဖေဖော်ဝါရီ</month>
							<month type="3">မတ်</month>
							<month type="4">ဧပြီ</month>
							<month type="5">မေ</month>
							<month type="6">ဇွန်</month>
							<month type="7">ဇူလိုင်</month>
							<month type="8">ဩဂုတ်</month>
							<month type="9">စက်တင်ဘာ</month>
							<month type="10">အောက်တိုဘာ</month>
							<month type="11">နိုဝင်ဘာ</month>
							<month type="12">ဒီဇင်ဘာ</month>
						</monthWidth>
					</monthContext>
					<monthContext type="stand-alone">
						<monthWidth type="narrow">
							<month type="1">ဇ</month>
							<month type="2">ဖ</month>
							<month type="3">မ</month>
							<month type="4">ဧ</month>
							<month type="5">မ</month>
							<month type="6">ဇ</month>
							<month type="7">ဇ</month>
							<month type="8">ဩ</month>
							<month type="9">စ</month>
							<month type="10">အ</month>
							<month type="11">န</month>
							<month type="12">ဒ</month>
						</monthWidth>
					</monthContext>
				</months>
				<days>
					<dayContext type="format">
						<dayWidth type="abbreviated">
							<day type="sun">နွေ</day>
							<day type="mon">လာ</day>
							<day type="tue">ဂါ</day>
							<day type="wed">ဟူး</day>
							<day type="thu">တေး</day>
							<day type="fri">ကြာ</day>
							<day type="sat">နေ</day>
						</dayWidth>
						<dayWidth type="wide">
							<day type="sun">တနင်္ဂနွေ</day>
							<day type="mon">တနင်္လာ</day>
							<day type="tue">အင်္ဂါ</day>
							<day type="wed">ဗုဒ္ဓဟူး</day>
							<day type="thu">ကြာသပတေး</day>
							<day type="fri">သောကြာ</day>
							<day type="sat">စနေ</day>
						</dayWidth>
					</dayContext>
					<dayContext type="stand-alone">
						<dayWidth type="narrow">
							<day type="sun">တ</day>
							<day type="mon">တ</day>
							<day type="tue">အ</day>
							<day type="wed">ဗ</day>
							<day type="thu">က</day>
							<day type="fri">သ</day>
							<day type="sat">စ</day>
						</dayWidth>
					</dayContext>
				</days>
				<quarters>
					<quarterContext type="format">
						<quarterWidth type="abbreviated">
							<quarter type="1">ပ-စိတ်</quarter>
							<quarter type="2">ဒု-စိတ်</quarter>
							<quarter type="3">တ-စိတ်</quarter>
							<quarter type="4">စ-စိတ်</quarter>
						</quarterWidth>
						<quarterWidth type="wide">
							<quarter type="1">ပထမ သုံးလပတ်</quarter>
							<quarter type="2">ဒုတိယ သုံးလပတ်</quarter>
							<quarter type="3">တတိယ သုံးလပတ်</quarter>
							<quarter type="4">စတုတ္ထ သုံးလပတ်</quarter>
						</quarterWidth>
					</quarterContext>
					<quarterContext type="stand-alone">
						<quarterWidth type="narrow">
							<quarter type="1">ပ</quarter>
							<quarter type="2">ဒု</quarter>
							<quarter type="3">တ</quarter>
							<quarter type="4">စ</quarter>
						</quarterWidth>
					</quarterContext>
				</quarters>
				<dayPeriods>
					<dayPeriodContext type="format">
						<dayPeriodWidth type="wide">
							<dayPeriod type="am">နံနက်</dayPeriod>
							<dayPeriod type="pm">ညနေ</dayPeriod>
						</dayPeriodWidth>
					</dayPeriodContext>
				</dayPeriods>
				<eras>
					<eraNames>
						<era type="0">ခရစ်တော် မပေါ်မီကာလ</era>
						<era type="1">ခရစ်တော် ပေါ်ထွန်းပြီးကာလ</era>
					</eraNames>
					<eraAbbr>
						<era type="0">ဘီစီ</era>
						<era type="1">အေဒီ</era>
					</eraAbbr>
				</eras>
				<dateFormats>
					<dateFormatLength type="full">
						<dateFormat>
							<pattern>EEEE, y MMMM dd</pattern>
						</dateFormat>
					</dateFormatLength>
					<dateFormatLength type="long">
						<dateFormat>
							<pattern>y MMMM d</pattern>
						</dateFormat>
					</dateFormatLength>
					<dateFormatLength type="medium">
						<dateFormat>
							<pattern>y MMM d</pattern>
						</dateFormat>
					</dateFormatLength>
					<dateFormatLength type="short">
						<dateFormat>
							<pattern>yy/MM/dd</pattern>
						</dateFormat>
					</dateFormatLength>
				</dateFormats>
				<timeFormats>
					<timeFormatLength type="full">
						<timeFormat>
							<pattern>HH:mm:ss zzzz</pattern>
						</timeFormat>
					</timeFormatLength>
					<timeFormatLength type="long">
						<timeFormat>
							<pattern>HH:mm:ss z</pattern>
						</timeFormat>
					</timeFormatLength>
					<timeFormatLength type="medium">
						<timeFormat>
							<pattern>HH:mm:ss</pattern>
						</timeFormat>
					</timeFormatLength>
					<timeFormatLength type="short">
						<timeFormat>
							<pattern>HH:mm</pattern>
						</timeFormat>
					</timeFormatLength>
				</timeFormats>
				<dateTimeFormats>
					<availableFormats>
						<dateFormatItem id="d">d</dateFormatItem>
						<dateFormatItem id="Ed">EEE, d</dateFormatItem>
						<dateFormatItem id="H">HH</dateFormatItem>
						<dateFormatItem id="Hm">HH:mm</dateFormatItem>
						<dateFormatItem id="Hms">HH:mm:ss</dateFormatItem>
						<dateFormatItem id="M">L</dateFormatItem>
						<dateFormatItem id="Md">M/d</dateFormatItem>
						<dateFormatItem id="MEd">EEE, M/d</dateFormatItem>
						<dateFormatItem id="MMM">LLL</dateFormatItem>
						<dateFormatItem id="MMMd">MMM d</dateFormatItem>
						<dateFormatItem id="MMMEd">EEE, MMM d</dateFormatItem>
						<dateFormatItem id="MMMMd">MMMM d</dateFormatItem>
						<dateFormatItem id="MMMMEd">EEE, MMMM d</dateFormatItem>
						<dateFormatItem id="ms">mm:ss</dateFormatItem>
						<dateFormatItem id="y">y</dateFormatItem>
						<dateFormatItem id="yM">yy/M</dateFormatItem>
						<dateFormatItem id="yMEd">EEE, yy/M/d</dateFormatItem>
						<dateFormatItem id="yMMM">y MMM</dateFormatItem>
						<dateFormatItem id="yMMMEd">EEE, y MMM d</dateFormatItem>
						<dateFormatItem id="yMMMM">y MMMM</dateFormatItem>
						<dateFormatItem id="yQ" draft="unconfirmed">yyyy Q</dateFormatItem>
						<dateFormatItem id="yQQQ">y QQQ</dateFormatItem>
						<dateFormatItem id="yyQ">Q yy</dateFormatItem>
					</availableFormats>
					<intervalFormats>
						<intervalFormatFallback>{0} – {1}</intervalFormatFallback>
						<intervalFormatItem id="d">
							<greatestDifference id="d">d-d</greatestDifference>
						</intervalFormatItem>
						<intervalFormatItem id="h">
							<greatestDifference id="a">h a - h a</greatestDifference>
							<greatestDifference id="h">h-h a</greatestDifference>
						</intervalFormatItem>
						<intervalFormatItem id="H">
							<greatestDifference id="a">HH-HH</greatestDifference>
							<greatestDifference id="H">HH-HH</greatestDifference>
						</intervalFormatItem>
						<intervalFormatItem id="hm">
							<greatestDifference id="a">h:mm a - h:mm a</greatestDifference>
							<greatestDifference id="h">h:mm-h:mm a</greatestDifference>
							<greatestDifference id="m">h:mm-h:mm a</greatestDifference>
						</intervalFormatItem>
						<intervalFormatItem id="Hm">
							<greatestDifference id="a">HH:mm-HH:mm</greatestDifference>
							<greatestDifference id="H">HH:mm-HH:mm</greatestDifference>
							<greatestDifference id="m">HH:mm-HH:mm</greatestDifference>
						</intervalFormatItem>
						<intervalFormatItem id="hmv">
							<greatestDifference id="a">h:mm a - h:mm a v</greatestDifference>
							<greatestDifference id="h">h:mm-h:mm a v</greatestDifference>
							<greatestDifference id="m">h:mm-h:mm a v</greatestDifference>
						</intervalFormatItem>
						<intervalFormatItem id="Hmv">
							<greatestDifference id="a">HH:mm-HH:mm v</greatestDifference>
							<greatestDifference id="H">HH:mm-HH:mm v</greatestDifference>
							<greatestDifference id="m">HH:mm-HH:mm v</greatestDifference>
						</intervalFormatItem>
						<intervalFormatItem id="hv">
							<greatestDifference id="a">h a - h a v</greatestDifference>
							<greatestDifference id="h">h-h a v</greatestDifference>
						</intervalFormatItem>
						<intervalFormatItem id="Hv">
							<greatestDifference id="a">HH-HH v</greatestDifference>
							<greatestDifference id="H">HH-HH v</greatestDifference>
						</intervalFormatItem>
						<intervalFormatItem id="M">
							<greatestDifference id="M">M-M</greatestDifference>
						</intervalFormatItem>
						<intervalFormatItem id="Md">
							<greatestDifference id="d">M/d – M/d</greatestDifference>
							<greatestDifference id="M">M/d – M/d</greatestDifference>
						</intervalFormatItem>
						<intervalFormatItem id="MEd">
							<greatestDifference id="d">EEEE၊ M/d – EEEE၊ M/d</greatestDifference>
							<greatestDifference id="M">EEEE၊ M/d – EEEE၊ M/d</greatestDifference>
						</intervalFormatItem>
						<intervalFormatItem id="MMM">
							<greatestDifference id="M">MMM – MMM</greatestDifference>
						</intervalFormatItem>
						<intervalFormatItem id="MMMd">
							<greatestDifference id="d">MMM d – MMM d</greatestDifference>
							<greatestDifference id="M">MMM d – MMM d</greatestDifference>
						</intervalFormatItem>
						<intervalFormatItem id="MMMEd">
							<greatestDifference id="d">MMM d၊ EEEE – MMM d၊ EEEE</greatestDifference>
							<greatestDifference id="M">MMM d၊ EEEE – MMM d၊ EEEE</greatestDifference>
						</intervalFormatItem>
						<intervalFormatItem id="y">
							<greatestDifference id="y">y-y</greatestDifference>
						</intervalFormatItem>
						<intervalFormatItem id="yM">
							<greatestDifference id="M">yy/M – yy/M</greatestDifference>
							<greatestDifference id="y">yy/M – yy/M</greatestDifference>
						</intervalFormatItem>
						<intervalFormatItem id="yMd">
							<greatestDifference id="d">yy/M/d – yy/M/d</greatestDifference>
							<greatestDifference id="M">yy/M/d – yy/M/d</greatestDifference>
							<greatestDifference id="y">yy/M/d – yy/M/d</greatestDifference>
						</intervalFormatItem>
						<intervalFormatItem id="yMEd">
							<greatestDifference id="d">EEEE၊ yy/M/d – EEEE၊ yy/M/d</greatestDifference>
							<greatestDifference id="M">EEEE၊ yy/M/d – EEEE၊ yy/M/d</greatestDifference>
							<greatestDifference id="y">EEEE၊ yy/M/d – EEEE၊ yy/M/d</greatestDifference>
						</intervalFormatItem>
						<intervalFormatItem id="yMMM">
							<greatestDifference id="M">y MMM – y MMM</greatestDifference>
							<greatestDifference id="y">y MMM – y MMM</greatestDifference>
						</intervalFormatItem>
						<intervalFormatItem id="yMMMd">
							<greatestDifference id="M">y၊ MMM d – MMM d</greatestDifference>
							<greatestDifference id="y">y MMM d – y MMM d</greatestDifference>
						</intervalFormatItem>
						<intervalFormatItem id="yMMMEd">
							<greatestDifference id="d">y၊ MMM d၊ EEEE – MMM d၊ EEEE</greatestDifference>
							<greatestDifference id="M">y၊ MMM d၊ EEEE – MMM d၊ EEEE</greatestDifference>
							<greatestDifference id="y">y၊ MMM d၊ EEEE – y၊ MMM d၊ EEEE</greatestDifference>
						</intervalFormatItem>
					</intervalFormats>
				</dateTimeFormats>
				<fields>
					<field type="era">
						<displayName>ခေတ်</displayName>
					</field>
					<field type="year">
						<displayName>နှစ်</displayName>
					</field>
					<field type="month">
						<displayName>လ</displayName>
					</field>
					<field type="week">
						<displayName>ပတ်</displayName>
					</field>
					<field type="day">
						<displayName>ရက်</displayName>
						<relative type="-2">တနေ့က</relative>
						<relative type="-1">မနေ့က</relative>
						<relative type="0">ယနေ့</relative>
						<relative type="1">မနက်ဖြန်</relative>
						<relative type="2">သဘက်ခါ</relative>
					</field>
					<field type="weekday">
						<displayName>နေ့</displayName>
					</field>
					<field type="dayperiod">
						<displayName draft="unconfirmed">နံနက်/ညနေ</displayName>
					</field>
					<field type="hour">
						<displayName>နာရီ</displayName>
					</field>
					<field type="minute">
						<displayName>မိနစ်</displayName>
					</field>
					<field type="second">
						<displayName>စက္ကန့်</displayName>
					</field>
					<field type="zone">
						<displayName draft="unconfirmed">ဇုန်</displayName>
					</field>
				</fields>
			</calendar>
		</calendars>
		<timeZoneNames>
			<hourFormat>+HH:mm;-HH:mm</hourFormat>
			<regionFormat>{0} အချိန်</regionFormat>
			<fallbackRegionFormat draft="contributed">{1} အချိန် ({0})</fallbackRegionFormat>
			<zone type="Etc/Unknown">
				<exemplarCity>မသိသော</exemplarCity>
			</zone>
			<zone type="America/Rio_Branco">
				<exemplarCity>ရီယို ဗြန်ကို</exemplarCity>
			</zone>
			<zone type="America/Campo_Grande">
				<exemplarCity>ကိမ်ပို ဂရန်ဒ</exemplarCity>
			</zone>
			<zone type="America/Sao_Paulo">
				<exemplarCity>ဆာပိုလို</exemplarCity>
			</zone>
			<zone type="Pacific/Honolulu">
				<exemplarCity>ဟိုနိုလူလူ</exemplarCity>
			</zone>
			<zone type="America/Anchorage">
				<exemplarCity>အန်ကာရေ့ဂျ်</exemplarCity>
			</zone>
			<zone type="America/Los_Angeles">
				<exemplarCity>လော့စ်အိန်ဂျယ်လိစ်</exemplarCity>
			</zone>
			<zone type="America/Phoenix">
				<exemplarCity>ဖီးနစ်</exemplarCity>
			</zone>
			<zone type="America/Denver">
				<exemplarCity>ဒင်ဗာ</exemplarCity>
			</zone>
			<zone type="America/Chicago">
				<exemplarCity>ချီကာကို</exemplarCity>
			</zone>
			<zone type="America/Indianapolis">
				<exemplarCity>အင်ဒီယားနားပိုလစ်</exemplarCity>
			</zone>
			<zone type="America/New_York">
				<exemplarCity>နယူးယောက်</exemplarCity>
			</zone>
			<metazone type="Afghanistan">
				<long>
					<standard>အာဖဂန်နစ္စတန် အချိန်</standard>
				</long>
			</metazone>
			<metazone type="Africa_Central">
				<long>
					<standard>အလယ်ပိုင်း အာဖရိက အချိန်</standard>
				</long>
			</metazone>
			<metazone type="Africa_Eastern">
				<long>
					<standard>အရှေ့ပိုင်း အာဖရိက အချိန်</standard>
				</long>
			</metazone>
			<metazone type="Africa_Southern">
				<long>
					<generic>တောင်အာဖရိက အချိန်</generic>
					<standard>တောင်အာဖရိက စံတော်ချိန်</standard>
				</long>
			</metazone>
			<metazone type="Africa_Western">
				<long>
					<standard>အနောက်ပိုင်း အာဖရိက အချိန်</standard>
					<daylight>အနောက်ပိုင်း အာဖရိက နွေရာသီ အချိန်</daylight>
				</long>
			</metazone>
			<metazone type="America_Central">
				<long>
					<generic>အလယ်ပိုင်း အမေရိက အချိန်</generic>
					<standard>အလယ်ပိုင်း အမေရိက စံတော်ချိန်</standard>
					<daylight>အလယ်ပိုင်း အမေရိက နွေရာသီ အချိန်</daylight>
				</long>
			</metazone>
			<metazone type="America_Eastern">
				<long>
					<generic>အရှေ့ပိုင်း အမေရိက အချိန်</generic>
					<standard>အရှေ့ပိုင်း အမေရိက စံတော်ချိန်</standard>
					<daylight>အရှေ့ပိုင်း အမေရိက အချိန်</daylight>
				</long>
			</metazone>
			<metazone type="America_Mountain">
				<long>
					<generic>အမေရိက တောင် အချိန်</generic>
					<standard>အမေရိက တောင် စံတော်ချိန်</standard>
					<daylight>အမေရိက တောင် နေ့ပိုင်း အချိန်</daylight>
				</long>
			</metazone>
			<metazone type="America_Pacific">
				<long>
					<generic>ပစိဖိတ် အချိန်</generic>
					<standard>ပစိဖိတ် စံတော်ချိန်</standard>
					<daylight>ပစိဖိတ် နေ့ပိုင်း အချိန်</daylight>
				</long>
			</metazone>
			<metazone type="Arabian">
				<long>
					<generic>အာရေဗျ အချိန်</generic>
					<standard>အာရေဗျ စံတော်ချိန်</standard>
					<daylight>အာရေဗျ နေ့ပိုင်း အချိန်</daylight>
				</long>
			</metazone>
			<metazone type="Argentina">
				<long>
					<standard>အာဂျင်တီးနား အချိန်</standard>
					<daylight>အာဂျင်တီးနား နွေရာသီ အချိန်</daylight>
				</long>
			</metazone>
			<metazone type="Argentina_Western">
				<long>
					<standard>အနောက် အာဂျင်တီးနား အချိန်</standard>
				</long>
			</metazone>
			<metazone type="Armenia">
				<long>
					<standard>အာမေနီးယား အချိန်</standard>
					<daylight>အာမေနီးယား နွေရာသီ အချိန်</daylight>
				</long>
			</metazone>
			<metazone type="Atlantic">
				<long>
					<generic>အတ္ထလန်တစ် အချိန်</generic>
					<standard>အတ္ထလန်တစ် စံတော်ချိန်</standard>
					<daylight>အတ္ထလန်တစ် နေ့ပိုင်း အချိန်</daylight>
				</long>
			</metazone>
			<metazone type="Australia_Central">
				<long>
					<generic>အလယ်ဩစတြေးလျှား အချိန်</generic>
					<standard>အလယ်ပိုင်း ဩစတြေးလျှား စံတော်ချိန်</standard>
					<daylight>အလယ်ပိုင်း ဩစတြေးလျှား နေ့ပိုင်း အချိန်</daylight>
				</long>
			</metazone>
			<metazone type="Australia_CentralWestern">
				<long>
					<generic>အလယ်အနောက်ပိုင်း ဩစတြေးလျှား အချိန်</generic>
					<standard>အလယ်အနောက်ပိုင်း ဩစတြေးလျှား စံတော်ချိန်</standard>
					<daylight>အလယ်အနောက်ပိုင်း ဩစတြေးလျှား နေ့ပိုင်း အချိန်</daylight>
				</long>
			</metazone>
			<metazone type="Australia_Eastern">
				<long>
					<generic>အရှေ့ဩစတြေးလျှား အချိန်</generic>
					<standard>အရှေ့ပိုင်း ဩစတြေးလျှား စံတော်ချိန်</standard>
					<daylight>အရှေ့ပိုင်း ဩစတြေးလျှား နေ့ပိုင်း အချိန်</daylight>
				</long>
			</metazone>
			<metazone type="Australia_Western">
				<long>
					<generic>အနောက် ဩစတြေးလျှား အချိန်</generic>
					<standard>အနောက်ပိုင်း ဩစတြေးလျှား စံတော်ချိန်</standard>
					<daylight>အနောက်ပိုင်း ဩစတြေးလျှား နေ့ပိုင်း အချိန်</daylight>
				</long>
			</metazone>
			<metazone type="Azerbaijan">
				<long>
					<standard>အဇာဘိုင်ဂျန် အချိန်</standard>
					<daylight>အဇာဘိုင်ဂျန် နွေရာသီ အချိန်</daylight>
				</long>
			</metazone>
			<metazone type="Bangladesh">
				<long>
					<standard>ဘင်္ဂလားဒေ့ရှ် အချိန်</standard>
				</long>
			</metazone>
			<metazone type="Bhutan">
				<long>
					<standard>ဘူတန် အချိန်</standard>
				</long>
			</metazone>
			<metazone type="Bolivia">
				<long>
					<standard>ဘိုလီးဘီးယား အချိန်</standard>
				</long>
			</metazone>
			<metazone type="Brasilia">
				<long>
					<standard>ဘရာဇီး အချိန်</standard>
					<daylight>ဘရာဇီး နွေရာသီ အချိန်</daylight>
				</long>
			</metazone>
			<metazone type="British">
				<long>
					<generic>ဗြိတိသျှ အချိန်</generic>
					<daylight>ဗြိတိသျှ နွေရာသီ အချိန်</daylight>
				</long>
			</metazone>
			<metazone type="Brunei">
				<long>
					<standard>ဘရူနိုင်း စံတော်ချိန်</standard>
				</long>
			</metazone>
			<metazone type="Chile">
				<long>
					<standard>ချီလီ အချိန်</standard>
					<daylight>ချီလီ နွေရာသီ အချိန်</daylight>
				</long>
			</metazone>
			<metazone type="China">
				<long>
					<generic>တရုတ် အချိန်</generic>
					<standard>တရုတ် စံတော်ချိန်</standard>
					<daylight>တရုတ် နေ့ပိုင်း အချိန်</daylight>
				</long>
			</metazone>
			<metazone type="Colombia">
				<long>
					<standard>ကိုလံဘီယာ အချိန်</standard>
					<daylight>ကိုလံဘီယာ နွေရာသီ အချိန်</daylight>
				</long>
			</metazone>
			<metazone type="Cuba">
				<long>
					<generic>ကျူးဘား အချိန်</generic>
					<standard>ကျူးဘား စံတော်ချိန်</standard>
					<daylight>ကျူးဘား နွေရာသီ အချိန်</daylight>
				</long>
			</metazone>
			<metazone type="Dutch_Guiana">
				<long>
					<standard>ဒတ်ချ် ဂီယာနာ အချိန်</standard>
				</long>
			</metazone>
			<metazone type="East_Timor">
				<long>
					<standard>အရှေ့တီမော အချိန်</standard>
				</long>
			</metazone>
			<metazone type="Ecuador">
				<long>
					<standard>အီကွေဒေါ အချိန်</standard>
				</long>
			</metazone>
			<metazone type="Europe_Central">
				<long>
					<generic>ပြင်သစ် အချိန်</generic>
					<standard>ဥရောပ အလယ်ပိုင်း အချိန်</standard>
					<daylight>ဥရောပ အလယ်ပိုင်း နွေရာသီ အချိန်</daylight>
				</long>
			</metazone>
			<metazone type="Europe_Eastern">
				<long>
					<generic>ရိုမေးနီးယား အချိန်</generic>
					<standard>အရှေ့ဥရောပ အချိန်</standard>
					<daylight>အရှေ့ဥရောပ နွေရာသီ အချိန်</daylight>
				</long>
			</metazone>
			<metazone type="Europe_Western">
				<long>
					<standard>အနောက်ပိုင်း ဥရောပ အချိန်</standard>
					<daylight>အနောက်ပိုင်း ဥရောပ နွေရာသီ အချိန်</daylight>
				</long>
			</metazone>
			<metazone type="Falkland">
				<long>
					<standard>ဖောင်ကလန်ကျွန်းစု အချိန်</standard>
					<daylight>ဖောင်ကလန်ကျွန်းစု နွေရာသီ အချိန်</daylight>
				</long>
			</metazone>
			<metazone type="French_Guiana">
				<long>
					<standard>ပြင်သစ် ဂီယာနာ အချိန်</standard>
				</long>
			</metazone>
			<metazone type="Georgia">
				<long>
					<standard>ဂျော်ဂျီယာ အချိန်</standard>
					<daylight>ဂျော်ဂျီယာ နွေရာသီ အချိန်</daylight>
				</long>
			</metazone>
			<metazone type="GMT">
				<long>
					<standard>ဂရင်းနစ် စံတော်ချိန်</standard>
				</long>
			</metazone>
			<metazone type="Greenland_Central">
				<long>
					<standard>အလယ်ဂရင်းလန်း အချိန်</standard>
					<daylight>အလယ်ဂရင်းလန်း နွေရာသီ အချိန်</daylight>
				</long>
			</metazone>
			<metazone type="Greenland_Eastern">
				<long>
					<standard>အရှေ့ဂရင်းလန်း အချိန်</standard>
					<daylight>အရှေ့ဂရင်းလန်း နွေရာသီ အချိန်</daylight>
				</long>
			</metazone>
			<metazone type="Greenland_Western">
				<long>
					<standard>အနောက် ဂရင်းလန်း အချိန်</standard>
					<daylight>အနောက် ဂရင်းလန်း နွေရာသီ အချိန်</daylight>
				</long>
			</metazone>
			<metazone type="Gulf">
				<long>
					<generic>ပင်လယ်ဂွေ့ အချိန်</generic>
					<standard>ပင်လယ်ဂွေ့ စံတော်ချိန်</standard>
				</long>
			</metazone>
			<metazone type="Hong_Kong">
				<long>
					<standard>ဟောင်ကောင် အချိန်</standard>
					<daylight>ဟောင်ကောင် နွေရာသီ အချိန်</daylight>
				</long>
			</metazone>
			<metazone type="India">
				<long>
					<standard>အိန္ဒြိယ စံတော်ချိန်</standard>
				</long>
			</metazone>
			<metazone type="Indian_Ocean">
				<long>
					<standard>အိန္ဒြိယ သမုဒ္ဒရာ အချိန်</standard>
				</long>
			</metazone>
			<metazone type="Indochina">
				<long>
					<standard>အင်ဒိုချိုင်းနား အချိန်</standard>
				</long>
			</metazone>
			<metazone type="Indonesia_Central">
				<long>
					<standard>အလယ်ပိုင်း အင်ဒိုနီးရှား အချိန်</standard>
				</long>
			</metazone>
			<metazone type="Indonesia_Eastern">
				<long>
					<standard>အရှေ့ပိုင်း အင်ဒိုနီးရှား အချိန်</standard>
				</long>
			</metazone>
			<metazone type="Indonesia_Western">
				<long>
					<standard>အနောက်ပိုင်း အင်ဒိုနီးရှား အချိန်</standard>
				</long>
			</metazone>
			<metazone type="Iran">
				<long>
					<standard>အီရန် စံတော်ချိန်</standard>
					<daylight>အီရန် နေ့ပိုင်း အချိန်</daylight>
				</long>
			</metazone>
			<metazone type="Irish">
				<long>
					<generic>အိုင်ယာလန် အချိန်</generic>
				</long>
			</metazone>
			<metazone type="Israel">
				<long>
					<generic>အစ္စရေး အချိန်</generic>
					<standard>အစ္စရေး စံတော်ချိန်</standard>
					<daylight>အစ္စရေး နေ့ပိုင်း အချိန်</daylight>
				</long>
				<short>
					<standard>IST (အစ္စရေး)</standard>
				</short>
			</metazone>
			<metazone type="Japan">
				<long>
					<generic>ဂျပန် အချိန်</generic>
					<standard>ဂျပန် စံတော်ချိန်</standard>
					<daylight>ဂျပန် နေ့ပိုင်း အချိန်</daylight>
				</long>
			</metazone>
			<metazone type="Kazakhstan_Eastern">
				<long>
					<generic>အရှေ့ကာဇက်စတန် အချိန်</generic>
					<standard>အရှေ့ကာဇက်စတန် စံတော်ချိန်</standard>
				</long>
			</metazone>
			<metazone type="Korea">
				<long>
					<generic>ကိုးရီးယား အချိန်</generic>
					<standard>ကိုးရီးယား စံတော်ချိန်</standard>
					<daylight>ကိုးရီးယား နေ့ပိုင်း အချိန်</daylight>
				</long>
			</metazone>
			<metazone type="Lanka">
				<long>
					<standard>သီရိလင်္ကာ အချိန်</standard>
				</long>
			</metazone>
			<metazone type="Macau">
				<long>
					<standard>မကာအို အချိန်</standard>
					<daylight>မကာအို နွေရာသီ အချိန်</daylight>
				</long>
			</metazone>
			<metazone type="Malaysia">
				<long>
					<standard>မလေးရှား အချိန်</standard>
				</long>
			</metazone>
			<metazone type="Moscow">
				<long>
					<generic>မော်စကို အချိန်</generic>
					<standard>မော်စကို စံတော်ချိန်</standard>
					<daylight>မော်စကို နွေရာသီ အချိန်</daylight>
				</long>
			</metazone>
			<metazone type="Myanmar">
				<long>
					<standard>မြန်မာ အချိန်</standard>
				</long>
			</metazone>
			<metazone type="Nepal">
				<long>
					<standard>နီပေါ အချိန်</standard>
				</long>
			</metazone>
			<metazone type="New_Zealand">
				<long>
					<generic>နယူးဇီလန် အချိန်</generic>
					<standard>နယူးဇီလန် စံတော်ချိန်</standard>
					<daylight>နယူးဇီလန် နေ့ပိုင်း အချိန်</daylight>
				</long>
			</metazone>
			<metazone type="Newfoundland">
				<long>
					<generic>နယူးဖောင်လန် အချိန်</generic>
					<standard>နယူးဖောင်လန် စံတော်ချိန်</standard>
					<daylight>နယူးဖောင်လန် နေ့ပိုင်း အချိန်</daylight>
				</long>
			</metazone>
			<metazone type="Pakistan">
				<long>
					<standard>ပါကစ္စတန် အချိန်</standard>
					<daylight>ပါကစ္စတန် နွေရာသီ အချိန်</daylight>
				</long>
			</metazone>
			<metazone type="Papua_New_Guinea">
				<long>
					<standard>ပါပူရာနယူးဂီနီ အချိန်</standard>
				</long>
			</metazone>
			<metazone type="Paraguay">
				<long>
					<standard>ပါရာဂွေး အချိန်</standard>
					<daylight>ပါရာဂွေး နွေရာသီ အချိန်</daylight>
				</long>
			</metazone>
			<metazone type="Peru">
				<long>
					<standard>ပီရူး အချိန်</standard>
					<daylight>ပီရူး နွေရာသီ အချိန်</daylight>
				</long>
			</metazone>
			<metazone type="Philippines">
				<long>
					<standard>ဖိလစ်ပိုင် အချိန်</standard>
					<daylight>ဖိလစ်ပိုင် နွေရာသီ အချိန်</daylight>
				</long>
			</metazone>
			<metazone type="Singapore">
				<long>
					<standard>စင်္ကာပူ စံတော်ချိန်</standard>
				</long>
			</metazone>
			<metazone type="South_Georgia">
				<long>
					<standard>တောင်ဂျော်ဂျီယာ အချိန်</standard>
				</long>
			</metazone>
			<metazone type="Turkey">
				<long>
					<standard>တူရကီ စံတော်ချိန် အချိန်</standard>
					<daylight>တူရကီ နွေရာသီ အချိန်</daylight>
				</long>
			</metazone>
			<metazone type="Uruguay">
				<long>
					<standard>ဥရုဂွေး အချိန်</standard>
					<daylight>ဥရုဂွေး နွေရာသီ အချိန်</daylight>
				</long>
			</metazone>
			<metazone type="Uzbekistan">
				<long>
					<standard>ဥဘက်ကစ္စတန် အချိန်</standard>
					<daylight>ဥဘက်ကစ္စတန် နွေရာသီ အချိန်</daylight>
				</long>
			</metazone>
			<metazone type="Venezuela">
				<long>
					<standard>ဗင်နီဇွဲလား အချိန်</standard>
				</long>
			</metazone>
		</timeZoneNames>
	</dates>
	<numbers>
		<defaultNumberingSystem>mymr</defaultNumberingSystem>
		<symbols numberSystem="latn">
			<decimal>.</decimal>
			<group>,</group>
			<list>;</list>
		</symbols>
		<symbols numberSystem="mymr">
			<list>၊</list>
		</symbols>
		<decimalFormats>
			<decimalFormatLength>
				<decimalFormat>
					<pattern>#,##0.###</pattern>
				</decimalFormat>
			</decimalFormatLength>
		</decimalFormats>
		<scientificFormats>
			<scientificFormatLength>
				<scientificFormat>
					<pattern>#E0</pattern>
				</scientificFormat>
			</scientificFormatLength>
		</scientificFormats>
		<percentFormats>
			<percentFormatLength>
				<percentFormat>
					<pattern>#,##0%</pattern>
				</percentFormat>
			</percentFormatLength>
		</percentFormats>
		<currencyFormats>
			<currencyFormatLength>
				<currencyFormat>
					<pattern>¤ #,##0.00</pattern>
				</currencyFormat>
			</currencyFormatLength>
		</currencyFormats>
		<currencies>
			<currency type="ANG">
				<displayName>နယ်သာလန် အန်တီလန် ဂင်းဒါး</displayName>
			</currency>
			<currency type="ARP">
				<displayName>အာဂျင်တီးနား ပီဆို (၁၉၈၃-၁၉၈၅)</displayName>
			</currency>
			<currency type="ARS">
				<displayName>အာဂျင်တီးနား ပီဆို</displayName>
			</currency>
			<currency type="AUD">
				<displayName>ဩစတြေးလျှား ဒေါ်လာ</displayName>
			</currency>
			<currency type="AWG">
				<displayName>အရူဘန် ဂင်းဒါး</displayName>
			</currency>
			<currency type="BDT">
				<displayName draft="unconfirmed">ဘင်္ဂလားဒေ့ရှ် တာကာ</displayName>
			</currency>
			<currency type="BEF">
				<displayName>ဘယ်လ်ဂျီယမ် ဖရန့်</displayName>
			</currency>
			<currency type="BIF">
				<displayName draft="unconfirmed">ဘူရွန်ဒီ ဖရန့်</displayName>
			</currency>
			<currency type="BMD">
				<displayName>ဘာမူဒါ ဒေါ်လာ</displayName>
			</currency>
			<currency type="BND">
				<displayName>ဘရူနိုင်း ဒေါ်လာ</displayName>
			</currency>
			<currency type="BOP">
				<displayName>ဘိုလီးဘီးယား ပီဆို</displayName>
			</currency>
			<currency type="BRL">
				<displayName>ဘရာဇီး ရီးယဲ</displayName>
			</currency>
			<currency type="BSD">
				<displayName draft="unconfirmed">ဘဟားမား ဒေါ်လာ</displayName>
			</currency>
			<currency type="BUK">
				<displayName>ဗမာ ကျပ်</displayName>
			</currency>
			<currency type="BWP">
				<displayName>ဘော့စ်ဝါနာ ပုလ</displayName>
			</currency>
			<currency type="BYB">
				<displayName>ဘီလာရုစ် ရူဘယ်အသစ် (၁၉၉၄-၁၉၉၉)</displayName>
			</currency>
			<currency type="BYR">
				<displayName>ဘီလာရုစ် ရူဘယ်</displayName>
			</currency>
			<currency type="BZD">
				<displayName draft="unconfirmed">ဘေလီဇ် ဒေါ်လာ</displayName>
			</currency>
			<currency type="CAD">
				<displayName>ကနေဒါ ဒေါ်လာ</displayName>
			</currency>
			<currency type="CHF">
				<displayName>ဆွစ် ဖရန့်</displayName>
			</currency>
			<currency type="CLP">
				<displayName>ချီလီ ပီဆို</displayName>
			</currency>
			<currency type="CNY">
				<displayName>တရုတ် ယွမ်</displayName>
			</currency>
			<currency type="COP">
				<displayName>ကိုလံဘီယာ ပီဆို</displayName>
			</currency>
			<currency type="CUP">
				<displayName>ကျူးဘား ပီဆို</displayName>
			</currency>
			<currency type="CYP">
				<displayName>ဆိုက်ပရက်စ် ပေါင်</displayName>
			</currency>
			<currency type="DEM">
				<displayName>ဂျာမဏီ မတ်</displayName>
			</currency>
			<currency type="DKK">
				<displayName draft="unconfirmed">ဒိန်းမတ် ခရိုဏာ</displayName>
			</currency>
			<currency type="DOP">
				<displayName>ဒိုမီနီကန် ပီဆို</displayName>
			</currency>
			<currency type="EGP">
				<displayName>အီဂျစ် ပေါင်</displayName>
			</currency>
			<currency type="ESP">
				<displayName>စပိန် ပယ်စေးတာ</displayName>
			</currency>
			<currency type="EUR">
				<displayName>ယူရို</displayName>
			</currency>
			<currency type="FJD">
				<displayName>ဖီဂျီ ဒေါ်လာ</displayName>
			</currency>
			<currency type="FKP">
				<displayName>ဖောက်ကလန် ကျွန်းစု ပေါင်</displayName>
			</currency>
			<currency type="FRF">
				<displayName>ပြင်သစ် ဖရန့်</displayName>
			</currency>
			<currency type="GBP">
				<displayName>ဗြိတိသျှ ပေါင်</displayName>
			</currency>
			<currency type="GIP">
				<displayName>ဂျီဘရော်လ်တာ ပေါင်</displayName>
			</currency>
			<currency type="GNF">
				<displayName>ဂီရာနာ ဖရန့်</displayName>
			</currency>
			<currency type="HKD">
				<displayName>ဟောင်ကောင် ဒေါ်လာ</displayName>
			</currency>
			<currency type="IDR">
				<displayName>အင်ဒိုနီးရှား ရူပီးယား</displayName>
			</currency>
			<currency type="ILP">
				<displayName>အစ္စရေး ပေါင်</displayName>
			</currency>
			<currency type="INR">
				<displayName>အိန္ဒြိယ ရူပီး</displayName>
			</currency>
			<currency type="JMD">
				<displayName>ဂျမေနီကာ ဒေါ်လာ</displayName>
			</currency>
			<currency type="JPY">
				<displayName>ဂျပန်ယန်း</displayName>
			</currency>
			<currency type="KHR">
				<displayName draft="unconfirmed">ကမ္ဘောဒီးယား ရီးယဲ</displayName>
			</currency>
			<currency type="KPW">
				<displayName>မြောက်ကိုးရီးယား ဝမ်</displayName>
			</currency>
			<currency type="KRW">
				<displayName>တောင်ကိုးရီးယား ဝမ်</displayName>
			</currency>
			<currency type="KYD">
				<displayName draft="unconfirmed">ကေမန် ကျွန်းစု ဒေါ်လာ</displayName>
			</currency>
			<currency type="LBP">
				<displayName>လက်ဘနွန် ပေါင်</displayName>
			</currency>
			<currency type="LKR">
				<displayName>သီရိလင်္ကာ ရူပီး</displayName>
			</currency>
			<currency type="LRD">
				<displayName>လိုင်ဘေးရီးယား ဒေါ်လာ</displayName>
			</currency>
			<currency type="MMK">
				<displayName>မြန်မာ ကျပ်</displayName>
				<symbol>K</symbol>
			</currency>
			<currency type="MXN">
				<displayName>မက္ကဆီကို ပီဆို</displayName>
			</currency>
			<currency type="MYR">
				<displayName>မလေးရှား ရင်းဂစ်</displayName>
			</currency>
			<currency type="NAD">
				<displayName>နမ်မီးဘီးယား ဒေါ်လာ</displayName>
			</currency>
			<currency type="NOK">
				<displayName>နော်ဝေ ခရိုဏာ</displayName>
			</currency>
			<currency type="NPR">
				<displayName>နီပေါ ရူပီး</displayName>
			</currency>
			<currency type="NZD">
				<displayName>နယူးဇီလန် ဒေါ်လာ</displayName>
			</currency>
			<currency type="PHP">
				<displayName>ဖိလစ်ပိုင် ပီဆို</displayName>
			</currency>
			<currency type="PKR">
				<displayName>ပါကစ္စတန် ရူပီး</displayName>
			</currency>
			<currency type="PLN">
				<displayName>ပိုလန် ဇ‌လော့တီ</displayName>
			</currency>
			<currency type="RUB">
				<displayName>ရုရှ ရူဘယ်</displayName>
			</currency>
			<currency type="RUR">
				<displayName>ရုရှ ရူဘယ် (၁၉၉၁-၁၉၉၈)</displayName>
			</currency>
			<currency type="RWF">
				<displayName>ရဝန်ဒါ ဖရန့်</displayName>
			</currency>
			<currency type="SBD">
				<displayName>ဆော်လမွန်ကျွန်းစု ဒေါ်လာ</displayName>
			</currency>
			<currency type="SDG">
				<displayName>ဆူဒန် ပေါင်</displayName>
			</currency>
			<currency type="SDP">
				<displayName>ဆူဒန် ပေါင်အဟောင်း</displayName>
			</currency>
			<currency type="SEK">
				<displayName>ဆွီဒင် ခရိုဏာ</displayName>
			</currency>
			<currency type="SGD">
				<displayName>စင်္ကာပူ ဒေါ်လာ</displayName>
			</currency>
			<currency type="SRD">
				<displayName>ဆူရိနမ် ဒေါ်လာ</displayName>
			</currency>
			<currency type="SUR">
				<displayName>ဆိုဗီယက် ရူဗယ်</displayName>
			</currency>
			<currency type="THB">
				<displayName>ထိုင်းဘတ်</displayName>
			</currency>
			<currency type="TRL">
				<displayName>ရှေးဟောင်းတူရကီ လိုင်ရာ</displayName>
			</currency>
			<currency type="TRY">
				<displayName>တူရကီ လိုင်ရာ</displayName>
			</currency>
			<currency type="TWD">
				<displayName>ထိုင်ဝမ် ဒေါ်လာအသစ်</displayName>
			</currency>
			<currency type="USD">
				<displayName>အမေရိကန် ဒေါ်လာ</displayName>
			</currency>
			<currency type="USN">
				<displayName>အမေရိကန် ဒေါ်လာ (နောက်နေ့)</displayName>
			</currency>
			<currency type="USS">
				<displayName>အမေရိကန် ဒေါ်လာ (တနေ့တည်း)</displayName>
			</currency>
			<currency type="VND">
				<displayName>ဗီယက်နမ် ဒေါင်</displayName>
			</currency>
			<currency type="XAG">
				<displayName>ငွေ</displayName>
			</currency>
			<currency type="XAU">
				<displayName>ရွှေ</displayName>
			</currency>
			<currency type="XBB">
				<displayName>ဥရောပငွေကြေးစံနစ်</displayName>
			</currency>
			<currency type="XDR">
				<displayName>အထူးထုတ်ယူခွင့်</displayName>
			</currency>
			<currency type="XOF">
				<displayName draft="unconfirmed">CFA ဖရန့် BCEAO</displayName>
			</currency>
			<currency type="XPT">
				<displayName>ပလက်တီနမ်</displayName>
			</currency>
			<currency type="XTS">
				<displayName>စမ်းသပ် ငွေကြေး ကုဒ်</displayName>
			</currency>
			<currency type="XXX">
				<displayName>မသိ သို့မဟုတ် မရှိသော ငွေကြေး</displayName>
			</currency>
			<currency type="ZWD">
				<displayName>ဇင်ဘာဘွေ ဒေါ်လာ</displayName>
			</currency>
		</currencies>
	</numbers>
	<units>
		<unit type="day">
			<unitPattern count="other">{0} ရက်</unitPattern>
		</unit>
		<unit type="hour">
			<unitPattern count="other">{0} နာရီ</unitPattern>
		</unit>
		<unit type="minute">
			<unitPattern count="other">{0} မိနစ်</unitPattern>
		</unit>
		<unit type="month">
			<unitPattern count="other">{0} လ</unitPattern>
		</unit>
		<unit type="second">
			<unitPattern count="other">{0} စက္ကန့်</unitPattern>
		</unit>
		<unit type="week">
			<unitPattern count="other">{0} ပတ်</unitPattern>
		</unit>
		<unit type="year">
			<unitPattern count="other">{0} နှစ်</unitPattern>
		</unit>
	</units>
	<posix>
		<messages>
			<yesstr>ဟုတ်တယ်</yesstr>
			<nostr>မဟုတ်ဘူး</nostr>
		</messages>
	</posix>
</ldml>

