<?xml version="1.0" encoding="UTF-8" ?>
<!DOCTYPE ldml SYSTEM "../../common/dtd/ldml.dtd">
<ldml>
	<identity>
		<version number="$Revision: 5859 $"/>
		<generation date="$Date: 2011-05-07 04:18:01 -0500 (Sat, 07 May 2011) $"/>
		<language type="oc"/>
	</identity>
	<localeDisplayNames>
		<languages>
			<language type="ar" draft="unconfirmed">arabi</language>
			<language type="art" draft="unconfirmed">lenga artificiala</language>
			<language type="az" draft="unconfirmed">azerbaijani</language>
			<language type="ber" draft="unconfirmed">berbèr</language>
			<language type="br" draft="unconfirmed">breton</language>
			<language type="ca" draft="unconfirmed">catalan</language>
			<language type="cel" draft="unconfirmed">lenga celtica</language>
			<language type="da" draft="unconfirmed">danés</language>
			<language type="de" draft="unconfirmed">aleman</language>
			<language type="el" draft="unconfirmed">grec</language>
			<language type="en" draft="unconfirmed">anglés</language>
			<language type="es" draft="unconfirmed">espanhòl</language>
			<language type="eu" draft="unconfirmed">bàscol</language>
			<language type="fr" draft="unconfirmed">francés</language>
			<language type="frm" draft="unconfirmed">francés mejan</language>
			<language type="grc" draft="unconfirmed">grec ancian</language>
			<language type="he" draft="unconfirmed">ebreu</language>
			<language type="hy" draft="unconfirmed">armèni</language>
			<language type="it" draft="unconfirmed">italian</language>
			<language type="la" draft="unconfirmed">latin</language>
			<language type="nl_BE" draft="unconfirmed">flamenc</language>
			<language type="oc" draft="unconfirmed">occitan</language>
			<language type="phn" draft="unconfirmed">fenician</language>
			<language type="pro" draft="unconfirmed">occitan ancian</language>
			<language type="pt" draft="unconfirmed">portugués</language>
			<language type="roa" draft="unconfirmed">lenga romança</language>
			<language type="zh" draft="unconfirmed">chinés</language>
		</languages>
		<scripts>
			<script type="Arab" draft="unconfirmed">arabi</script>
			<script type="Armn" draft="unconfirmed">armèni</script>
			<script type="Cyrl" draft="unconfirmed">cirilic</script>
			<script type="Grek" draft="unconfirmed">grec</script>
			<script type="Hani" draft="unconfirmed">chinés</script>
			<script type="Hebr" draft="unconfirmed">ebreu</script>
			<script type="Jpan" draft="unconfirmed">japonés</script>
			<script type="Latn" draft="unconfirmed">latin</script>
			<script type="Phnx" draft="unconfirmed">fenician</script>
			<script type="Syre" draft="unconfirmed">siriac estranguelo</script>
			<script type="Syrj" draft="unconfirmed">siriac occidental</script>
			<script type="Syrn" draft="unconfirmed">siriac oriental</script>
		</scripts>
		<territories>
			<territory type="002" draft="unconfirmed">Africa</territory>
			<territory type="013" draft="unconfirmed">America centrala</territory>
			<territory type="019" draft="unconfirmed">Americas</territory>
			<territory type="053" draft="unconfirmed">Austràlia e Nòva Zelanda</territory>
			<territory type="142" draft="unconfirmed">Asia</territory>
			<territory type="143" draft="unconfirmed">Asia centrala</territory>
			<territory type="150" draft="unconfirmed">Euròpa</territory>
			<territory type="AD" draft="unconfirmed">Andòrra</territory>
			<territory type="AF" draft="unconfirmed">Afganistan</territory>
			<territory type="AG" draft="unconfirmed">Antigua e Barbuda</territory>
			<territory type="AI" draft="unconfirmed">Anguilla</territory>
			<territory type="AL" draft="unconfirmed">Albania</territory>
			<territory type="AM" draft="unconfirmed">Armènia</territory>
			<territory type="AO" draft="unconfirmed">Angòla</territory>
			<territory type="AQ" draft="unconfirmed">Antartica</territory>
			<territory type="AR" draft="unconfirmed">Argentina</territory>
			<territory type="AS" draft="unconfirmed">Samòa americana</territory>
			<territory type="AT" draft="unconfirmed">Àustria</territory>
			<territory type="AU" draft="unconfirmed">Austràlia</territory>
			<territory type="AZ" draft="unconfirmed">Azerbaijan</territory>
			<territory type="BA" draft="unconfirmed">Bòsnia e Ercegovina</territory>
			<territory type="BB" draft="unconfirmed">Barbados</territory>
			<territory type="BD" draft="unconfirmed">Bangladesh</territory>
			<territory type="BE" draft="unconfirmed">Belgica</territory>
			<territory type="BF" draft="unconfirmed">Burkina Faso</territory>
			<territory type="BG" draft="unconfirmed">Bolgària</territory>
			<territory type="BH" draft="unconfirmed">Bahrain</territory>
			<territory type="BI" draft="unconfirmed">Burundi</territory>
			<territory type="BJ" draft="unconfirmed">Benin</territory>
			<territory type="BM" draft="unconfirmed">Bermuda</territory>
			<territory type="BN" draft="unconfirmed">Brunei</territory>
			<territory type="BO" draft="unconfirmed">Bolívia</territory>
			<territory type="BR" draft="unconfirmed">Brasil</territory>
			<territory type="BS" draft="unconfirmed">Bahamas</territory>
			<territory type="BT" draft="unconfirmed">Botan</territory>
			<territory type="BV" draft="unconfirmed">Isla Bouvet</territory>
			<territory type="BW" draft="unconfirmed">Botswana</territory>
			<territory type="BY" draft="unconfirmed">Bielorussia</territory>
			<territory type="BZ" draft="unconfirmed">Belize</territory>
			<territory type="CA" draft="unconfirmed">Canadà</territory>
			<territory type="CD" draft="unconfirmed">Còngo - Kinshasa</territory>
			<territory type="CF" draft="unconfirmed">Republica Centraficana</territory>
			<territory type="CG" draft="unconfirmed">Còngo - Brazzaville</territory>
			<territory type="CH" draft="unconfirmed">Soïssa</territory>
			<territory type="CI" draft="unconfirmed">Còsta d'Evòri</territory>
			<territory type="CL" draft="unconfirmed">Chile</territory>
			<territory type="CM" draft="unconfirmed">Cameron</territory>
			<territory type="CN" draft="unconfirmed">China</territory>
			<territory type="CO" draft="unconfirmed">Colómbia</territory>
			<territory type="CR" draft="unconfirmed">Còsta Rica</territory>
			<territory type="CU" draft="unconfirmed">Cuba</territory>
			<territory type="CV" draft="unconfirmed">Cap Verd</territory>
			<territory type="CY" draft="unconfirmed">Chipre</territory>
			<territory type="CZ" draft="unconfirmed">Republica chèca</territory>
			<territory type="DE" draft="unconfirmed">Alemanha</territory>
			<territory type="DJ" draft="unconfirmed">Jiboti</territory>
			<territory type="DK" draft="unconfirmed">Danemarc</territory>
			<territory type="DO" draft="unconfirmed">Republica dominicana</territory>
			<territory type="DZ" draft="unconfirmed">Argeria</territory>
			<territory type="EC" draft="unconfirmed">Eqüator</territory>
			<territory type="EE" draft="unconfirmed">Estònia</territory>
			<territory type="EG" draft="unconfirmed">Egipte</territory>
			<territory type="ER" draft="unconfirmed">Eritrèa</territory>
			<territory type="ES" draft="unconfirmed">Espanha</territory>
			<territory type="ET" draft="unconfirmed">Etiopia</territory>
			<territory type="EU" draft="unconfirmed">Union Europèa</territory>
			<territory type="FI" draft="unconfirmed">Finlàndia</territory>
			<territory type="FJ" draft="unconfirmed">Fiji</territory>
			<territory type="FR" draft="unconfirmed">França</territory>
			<territory type="GA" draft="unconfirmed">Gabon</territory>
			<territory type="GB" draft="unconfirmed">Reiaume Unit</territory>
			<territory type="GF" draft="unconfirmed">Guiana francesa</territory>
			<territory type="GQ" draft="unconfirmed">Guinèa Eqüatoriala</territory>
			<territory type="HR" draft="unconfirmed">Croàcia</territory>
			<territory type="IL" draft="unconfirmed">Israèl</territory>
			<territory type="IN" draft="unconfirmed">Índia</territory>
			<territory type="IT" draft="unconfirmed">Itàlia</territory>
			<territory type="JP" draft="unconfirmed">Japon</territory>
			<territory type="KH" draft="unconfirmed">Cambòja</territory>
			<territory type="KM" draft="unconfirmed">Comòros</territory>
			<territory type="KP" draft="unconfirmed">Corèa del Nòrd</territory>
			<territory type="KR" draft="unconfirmed">Corèa del Sud</territory>
			<territory type="KY" draft="unconfirmed">Islas Caiman</territory>
			<territory type="KZ" draft="unconfirmed">Cazacstan</territory>
			<territory type="LY" draft="unconfirmed">Libia</territory>
			<territory type="MA" draft="unconfirmed">Marròc</territory>
			<territory type="MC" draft="unconfirmed">Mónegue</territory>
			<territory type="MM" draft="unconfirmed">Birmania</territory>
			<territory type="MR" draft="unconfirmed">Mauritània</territory>
			<territory type="MZ" draft="unconfirmed">Moçambic</territory>
			<territory type="PE" draft="unconfirmed">Peró</territory>
			<territory type="PT" draft="unconfirmed">Portugal</territory>
			<territory type="PW" draft="unconfirmed">Belau</territory>
			<territory type="RU" draft="unconfirmed">Russia</territory>
			<territory type="SA" draft="unconfirmed">Arabia Saudita</territory>
			<territory type="SV" draft="unconfirmed">Lo Salvador</territory>
			<territory type="SY" draft="unconfirmed">Súria</territory>
			<territory type="TD" draft="unconfirmed">Chad</territory>
			<territory type="TL" draft="unconfirmed">Timòr Èst</territory>
			<territory type="UA" draft="unconfirmed">Ucràina</territory>
			<territory type="US" draft="unconfirmed">Estats Units</territory>
			<territory type="VE" draft="unconfirmed">Veneçuèla</territory>
			<territory type="VN" draft="unconfirmed">Vietnam</territory>
			<territory type="ZZ" draft="unconfirmed">Desconegut o Region invalida</territory>
		</territories>
		<keys>
			<key type="calendar" draft="unconfirmed">calendier</key>
			<key type="collation" draft="unconfirmed">òrde alfabetic</key>
			<key type="currency" draft="unconfirmed">moneda</key>
		</keys>
		<codePatterns>
			<codePattern type="language" draft="unconfirmed">Lenga: {0}</codePattern>
			<codePattern type="script" draft="unconfirmed">Escritura: {0}</codePattern>
			<codePattern type="territory" draft="unconfirmed">Region: {0}</codePattern>
		</codePatterns>
	</localeDisplayNames>
	<characters>
		<exemplarCharacters draft="unconfirmed">[a á à b c d e é è f g h i í ï j k l m n o ó ò p q r s t u ú ü v w x y z]</exemplarCharacters>
		<exemplarCharacters type="auxiliary" draft="unconfirmed">[á à ç é è í ï ó ò ú ü]</exemplarCharacters>
		<exemplarCharacters type="currencySymbol" draft="unconfirmed">[a b c d e f g h i j k l m n o p q r s t u v w x y z]</exemplarCharacters>
		<exemplarCharacters type="index" draft="unconfirmed">[A B C D E F G H I J K L M N O P Q R S T U V W X Y Z]</exemplarCharacters>
	</characters>
	<dates>
		<calendars>
			<calendar type="gregorian">
				<months>
					<monthContext type="format">
						<monthWidth type="wide">
							<month type="1" draft="unconfirmed">genièr</month>
							<month type="2" draft="unconfirmed">febrièr</month>
							<month type="3" draft="unconfirmed">març</month>
							<month type="4" draft="unconfirmed">abril</month>
							<month type="5" draft="unconfirmed">mai</month>
							<month type="6" draft="unconfirmed">junh</month>
							<month type="7" draft="unconfirmed">julhet</month>
							<month type="8" draft="unconfirmed">agost</month>
							<month type="9" draft="unconfirmed">setembre</month>
							<month type="10" draft="unconfirmed">octòbre</month>
							<month type="11" draft="unconfirmed">novembre</month>
							<month type="12" draft="unconfirmed">dezembre</month>
						</monthWidth>
					</monthContext>
				</months>
				<days>
					<dayContext type="format">
						<dayWidth type="wide">
							<day type="sun" draft="unconfirmed">Dimenge</day>
							<day type="mon" draft="unconfirmed">diluns</day>
							<day type="tue" draft="unconfirmed">dimarç</day>
							<day type="wed" draft="unconfirmed">dimècres</day>
							<day type="thu" draft="unconfirmed">dijòus</day>
							<day type="fri" draft="unconfirmed">divèndres</day>
							<day type="sat" draft="unconfirmed">dissabte</day>
						</dayWidth>
					</dayContext>
				</days>
				<fields>
					<field type="era">
						<displayName draft="unconfirmed">era</displayName>
					</field>
					<field type="year">
						<displayName draft="unconfirmed">annada</displayName>
					</field>
					<field type="month">
						<displayName draft="unconfirmed">mes</displayName>
					</field>
					<field type="week">
						<displayName draft="unconfirmed">setmana</displayName>
					</field>
					<field type="day">
						<displayName draft="unconfirmed">jorn</displayName>
						<relative type="-1" draft="unconfirmed">ièr</relative>
						<relative type="0" draft="unconfirmed">uèi</relative>
						<relative type="1" draft="unconfirmed">deman</relative>
					</field>
					<field type="weekday">
						<displayName draft="unconfirmed">jorn de la setmana</displayName>
					</field>
					<field type="hour">
						<displayName draft="unconfirmed">ora</displayName>
					</field>
					<field type="minute">
						<displayName draft="unconfirmed">minuta</displayName>
					</field>
					<field type="second">
						<displayName draft="unconfirmed">segonda</displayName>
					</field>
					<field type="zone">
						<displayName draft="unconfirmed">zòna</displayName>
					</field>
				</fields>
			</calendar>
		</calendars>
		<timeZoneNames>
			<regionFormat draft="unconfirmed">Ora de: {0}</regionFormat>
			<fallbackRegionFormat draft="unconfirmed">Ora de: {1} ({0})</fallbackRegionFormat>
		</timeZoneNames>
	</dates>
	<numbers>
		<currencies>
			<currency type="EUR">
				<displayName draft="unconfirmed">euro</displayName>
			</currency>
		</currencies>
	</numbers>
	<units>
		<unit type="day">
			<unitPattern count="other" draft="unconfirmed">{0} jorns</unitPattern>
		</unit>
		<unit type="hour">
			<unitPattern count="other" draft="unconfirmed">{0} oras</unitPattern>
		</unit>
		<unit type="minute">
			<unitPattern count="other" draft="unconfirmed">{0} minutas</unitPattern>
		</unit>
		<unit type="month">
			<unitPattern count="other" draft="unconfirmed">{0} mes</unitPattern>
		</unit>
		<unit type="second">
			<unitPattern count="other" draft="unconfirmed">{0} segondas</unitPattern>
		</unit>
		<unit type="week">
			<unitPattern count="other" draft="unconfirmed">{0} setmanas</unitPattern>
		</unit>
		<unit type="year">
			<unitPattern count="other" draft="unconfirmed">{0} annadas</unitPattern>
		</unit>
	</units>
</ldml>
